client_id,subscription_id,cycle_number,tenure_months,contract,monthly_charges,total_charges,payment_method,paperless_billing,nivel_reportes,control_stock,duracion_ciclo_dias,dias_restantes_al_corte,renovacion_automatica,alertas_enviadas,renovaciones_previas,region,client_estado,partner,dependents,target_renovo
CL-00001,1606,1,5,enterprise,598.0,2726.84,tarjeta,0,avanzado,0,365,5,1,1,0,Lima,activo,si,si,0
CL-00002,455,19,19,mensual,253.78,4954.45,factura,0,avanzado,1,30,4,0,1,18,Chiclayo,activo,si,si,1
CL-00003,333,3,39,enterprise,348.24,11972.77,tarjeta,0,avanzado,1,365,19,1,0,2,Cusco,activo,no,si,0
CL-00004,2269,1,16,anual,118.91,1505.56,transferencia,1,basico,0,365,14,1,1,0,Lima,activo,no,si,1
CL-00005,726,25,25,mensual,92.51,2196.27,tarjeta,0,avanzado,0,30,3,0,1,24,Arequipa,activo,si,si,1
CL-00006,516,3,43,enterprise,326.04,10646.75,transferencia,0,basico,1,365,31,0,0,2,Piura,activo,si,no,0
CL-00007,642,1,23,enterprise,69.51,1649.94,transferencia,0,basico,1,365,39,1,0,0,Piura,activo,no,si,1
CL-00008,268,3,37,enterprise,169.38,6467.39,yape,1,premium,1,365,38,1,0,2,Arequipa,activo,no,si,1
CL-00009,1255,71,71,mensual,167.19,9231.0,factura,0,premium,1,30,7,0,1,70,Chiclayo,activo,no,no,1
CL-00010,2195,28,28,mensual,51.88,1329.55,factura,1,premium,0,30,40,0,0,27,Cusco,activo,si,si,1
CL-00011,1424,61,61,mensual,64.85,3913.19,transferencia,1,avanzado,1,30,20,0,0,60,Arequipa,activo,no,si,1
CL-00012,2307,3,46,enterprise,235.1,9618.22,tarjeta,1,basico,1,365,10,1,1,2,Lima,activo,si,no,1
CL-00013,2284,1,1,anual,172.11,153.8,transferencia,1,premium,0,365,7,1,1,0,Chiclayo,activo,si,no,1
CL-00014,411,1,5,enterprise,221.99,1155.52,transferencia,1,avanzado,0,365,35,0,0,0,Lima,inactivo,no,no,0
CL-00015,1155,11,11,mensual,107.91,972.34,transferencia,0,premium,0,30,12,0,1,10,Arequipa,activo,no,no,0
CL-00016,446,11,11,mensual,127.6,1274.32,factura,1,avanzado,1,30,29,0,0,10,Lima,activo,si,no,0
CL-00017,1573,2,30,anual,424.47,9989.78,transferencia,0,avanzado,1,365,25,1,0,1,Lima,activo,si,no,0
CL-00018,732,47,47,mensual,103.15,4075.91,tarjeta,1,basico,1,30,42,0,0,46,Lima,activo,no,no,1
CL-00019,129,5,63,enterprise,312.3,19778.61,yape,1,basico,1,365,33,1,0,4,Lima,activo,no,no,1
CL-00020,151,3,39,anual,254.59,9580.85,tarjeta,0,avanzado,1,365,35,1,0,2,Cusco,activo,no,no,1
CL-00021,1332,1,21,anual,127.23,2494.42,tarjeta,0,premium,1,365,23,0,0,0,Lima,activo,no,si,0
CL-00022,1049,1,1,mensual,41.22,32.32,yape,1,avanzado,0,30,24,0,0,0,Piura,activo,no,no,0
CL-00023,2024,2,34,enterprise,296.37,10129.07,tarjeta,0,basico,0,365,7,1,0,1,Chiclayo,activo,no,no,1
CL-00024,1796,2,33,enterprise,492.13,13632.63,transferencia,0,avanzado,1,365,36,1,0,1,Arequipa,activo,si,no,0
CL-00025,2406,2,36,enterprise,327.47,10733.75,yape,1,basico,1,365,34,0,0,1,Cusco,activo,si,no,1
CL-00026,211,72,72,mensual,117.28,6924.57,tarjeta,0,premium,0,30,14,0,0,71,Trujillo,activo,no,si,1
CL-00027,1899,62,62,mensual,44.6,2505.88,transferencia,0,basico,0,30,7,0,1,61,Arequipa,inactivo,no,si,1
CL-00028,753,51,51,mensual,97.48,4567.01,transferencia,0,basico,1,30,36,0,0,50,Lima,activo,no,no,1
CL-00029,1772,8,8,mensual,207.34,1413.46,transferencia,1,avanzado,0,30,35,0,0,7,Trujillo,activo,si,no,0
CL-00030,893,1,19,anual,64.78,1109.92,factura,1,avanzado,1,365,36,1,0,0,Lima,activo,si,no,1
CL-00031,1981,2,30,anual,188.7,4935.35,factura,1,avanzado,1,365,2,1,0,1,Lima,activo,si,no,1
CL-00032,2354,1,13,enterprise,241.89,3016.42,tarjeta,0,basico,1,365,39,1,0,0,Lima,activo,no,si,0
CL-00033,399,44,44,mensual,65.61,2636.17,transferencia,0,premium,1,30,17,0,0,43,Arequipa,activo,si,no,1
CL-00034,1862,41,41,mensual,155.83,6474.79,tarjeta,1,avanzado,0,30,11,0,1,40,Lima,activo,no,si,1
CL-00035,325,5,5,mensual,160.26,612.91,tarjeta,1,basico,1,30,24,0,0,4,Cusco,activo,no,no,0
CL-00036,922,61,61,mensual,122.11,5646.06,transferencia,0,basico,0,30,39,0,0,60,Arequipa,activo,si,no,1
CL-00037,1580,34,34,mensual,54.19,1486.06,tarjeta,0,avanzado,0,30,37,0,0,33,Trujillo,activo,si,si,1
CL-00038,516,1,1,mensual,39.22,30.81,transferencia,1,avanzado,1,30,8,0,0,0,Arequipa,activo,no,no,0
CL-00039,2127,31,31,mensual,110.77,3117.16,transferencia,0,avanzado,1,30,44,0,0,30,Cusco,activo,no,no,1
CL-00040,2173,3,39,anual,160.11,5058.13,transferencia,1,basico,1,365,35,0,0,2,Piura,activo,si,no,0
CL-00041,1831,56,56,mensual,207.04,8751.5,factura,0,basico,1,30,42,0,0,55,Arequipa,activo,no,no,1
CL-00042,713,1,24,enterprise,570.92,11438.31,yape,1,basico,1,365,42,1,0,0,Lima,activo,no,no,1
CL-00043,2205,4,52,anual,376.35,17667.21,yape,0,avanzado,1,365,24,1,0,3,Trujillo,activo,no,no,1
CL-00044,1562,36,36,mensual,72.22,2507.04,transferencia,0,avanzado,0,30,2,0,1,35,Chiclayo,activo,no,no,1
CL-00045,1797,1,1,enterprise,387.68,341.75,tarjeta,0,basico,0,365,4,1,1,0,Lima,activo,no,no,0
CL-00046,1728,1,1,enterprise,457.85,475.62,tarjeta,0,avanzado,0,365,29,1,0,0,Cusco,activo,no,no,0
CL-00047,253,59,59,mensual,135.81,6489.04,tarjeta,1,premium,1,30,5,0,1,58,Lima,activo,no,si,1
CL-00048,1973,61,61,mensual,80.47,4438.51,factura,0,basico,1,30,30,0,0,60,Chiclayo,activo,si,no,1
CL-00049,2284,3,40,anual,351.65,11617.88,transferencia,0,basico,1,365,5,0,0,2,Cusco,activo,si,si,1
CL-00050,1544,69,69,mensual,94.76,6486.13,transferencia,1,avanzado,0,30,37,0,0,68,Chiclayo,activo,no,no,1
CL-00051,939,58,58,mensual,149.87,7008.97,transferencia,0,basico,1,30,13,0,1,57,Lima,activo,no,no,1
CL-00052,1005,49,49,mensual,27.7,1409.53,transferencia,1,basico,1,30,5,0,0,48,Lima,activo,no,si,1
CL-00053,1996,1,9,enterprise,390.6,3392.3,factura,0,premium,0,365,16,1,0,0,Lima,activo,no,no,0
CL-00054,372,5,72,anual,162.14,10705.83,tarjeta,1,avanzado,1,365,41,0,0,4,Lima,activo,si,no,0
CL-00055,1997,3,45,anual,270.98,11093.03,yape,1,avanzado,1,365,25,1,0,2,Lima,activo,no,si,1
CL-00056,500,1,22,enterprise,271.02,5120.19,transferencia,0,premium,0,365,45,0,0,0,Lima,activo,si,no,1
CL-00057,1286,15,15,mensual,136.05,1543.44,tarjeta,1,basico,1,30,12,0,1,14,Lima,activo,si,no,1
CL-00058,1467,3,38,anual,156.72,6101.49,transferencia,1,premium,1,365,31,0,0,2,Lima,activo,no,no,1
CL-00059,2379,1,1,mensual,182.91,180.8,transferencia,1,premium,0,30,9,0,1,0,Lima,activo,no,no,0
CL-00060,1214,49,49,mensual,112.3,4349.65,tarjeta,1,avanzado,0,30,20,0,0,48,Arequipa,suspendido,no,no,1
CL-00061,1472,1,8,anual,52.01,327.3,tarjeta,0,premium,0,365,17,1,0,0,Lima,activo,no,si,1
CL-00062,956,41,41,mensual,153.8,5312.2,transferencia,0,premium,1,30,29,0,0,40,Trujillo,activo,no,si,1
CL-00063,2052,1,19,anual,102.91,1914.12,yape,1,basico,0,365,31,1,0,0,Trujillo,inactivo,si,si,1
CL-00064,1331,2,25,enterprise,103.11,2322.42,transferencia,0,basico,0,365,3,0,1,1,Lima,activo,no,no,0
CL-00065,359,1,13,anual,91.69,1127.92,transferencia,0,avanzado,1,365,32,1,0,0,Lima,activo,no,si,1
CL-00066,2147,2,28,anual,250.39,5271.22,transferencia,0,avanzado,0,365,34,1,0,1,Chiclayo,inactivo,si,no,1
CL-00067,2431,5,72,anual,169.75,12553.36,factura,0,avanzado,0,365,18,0,0,4,Lima,activo,si,no,1
CL-00068,107,66,66,mensual,36.26,1913.82,factura,0,basico,1,30,4,0,1,65,Piura,activo,si,si,1
CL-00069,1021,41,41,mensual,77.08,2672.56,tarjeta,0,basico,1,30,20,0,0,40,Lima,activo,no,si,1
CL-00070,344,31,31,mensual,176.3,5651.91,tarjeta,0,basico,1,30,15,0,0,30,Lima,activo,no,no,1
CL-00071,1275,53,53,mensual,75.55,3883.5,yape,0,avanzado,0,30,36,0,0,52,Piura,activo,si,si,1
CL-00072,4,60,60,mensual,118.37,6415.56,tarjeta,1,basico,0,30,7,0,1,59,Trujillo,activo,no,si,1
CL-00073,494,1,11,enterprise,509.96,5659.34,yape,1,basico,1,365,14,1,0,0,Cusco,activo,si,no,0
CL-00074,800,30,30,mensual,147.38,3397.31,tarjeta,1,premium,1,30,33,0,0,29,Arequipa,activo,no,no,1
CL-00075,153,1,1,mensual,139.54,107.85,tarjeta,0,avanzado,1,30,43,0,0,0,Chiclayo,activo,no,no,0
CL-00076,417,59,59,mensual,39.07,1836.15,yape,1,premium,0,30,27,0,0,58,Lima,activo,no,si,1
CL-00077,1448,72,72,mensual,193.16,11534.5,tarjeta,0,basico,1,30,1,0,0,71,Lima,activo,si,no,1
CL-00078,697,2,34,anual,196.83,6442.66,tarjeta,0,basico,1,365,32,1,0,1,Lima,activo,no,no,0
CL-00079,1362,1,1,anual,414.78,377.34,yape,0,avanzado,1,365,2,0,1,0,Trujillo,activo,no,si,0
CL-00080,189,3,47,enterprise,155.53,6416.74,tarjeta,1,premium,0,365,3,0,0,2,Lima,activo,si,no,1
CL-00081,2175,1,10,anual,59.33,584.27,transferencia,0,avanzado,0,365,31,1,0,0,Cusco,activo,no,no,1
CL-00082,862,16,16,mensual,134.78,1822.55,transferencia,0,premium,0,30,17,0,0,15,Lima,activo,no,no,1
CL-00083,339,3,47,enterprise,256.59,9353.98,tarjeta,0,basico,1,365,2,1,1,2,Lima,activo,no,no,1
CL-00084,1000,38,38,mensual,118.47,3912.25,tarjeta,0,basico,1,30,19,0,0,37,Lima,activo,si,no,1
CL-00085,908,20,20,mensual,179.89,3525.57,tarjeta,0,premium,0,30,18,0,0,19,Chiclayo,inactivo,no,no,0
CL-00086,2315,16,16,mensual,98.51,1406.29,transferencia,0,avanzado,1,30,28,0,0,15,Trujillo,activo,no,si,1
CL-00087,489,2,35,anual,173.56,6336.68,factura,0,basico,1,365,43,1,0,1,Lima,activo,si,no,1
CL-00088,1428,22,22,mensual,152.57,3379.49,yape,0,basico,0,30,5,0,0,21,Trujillo,activo,si,no,1
CL-00089,372,5,5,mensual,89.22,440.43,yape,1,avanzado,1,30,30,0,0,4,Lima,activo,no,no,1
CL-00090,2113,24,24,mensual,115.59,2724.1,yape,1,basico,0,30,30,0,0,23,Piura,activo,si,si,1
CL-00091,2117,40,40,mensual,178.38,6595.33,yape,1,avanzado,1,30,44,0,0,39,Lima,activo,no,no,1
CL-00092,1560,2,27,anual,276.99,7630.88,transferencia,0,basico,1,365,18,1,0,1,Lima,activo,no,no,1
CL-00093,1320,1,1,mensual,212.61,197.08,factura,0,basico,1,30,8,0,1,0,Lima,inactivo,no,si,0
CL-00094,1117,56,56,mensual,109.68,5293.0,transferencia,1,avanzado,0,30,41,0,0,55,Chiclayo,activo,no,no,1
CL-00095,2474,1,1,mensual,27.97,22.62,transferencia,1,basico,0,30,3,0,1,0,Chiclayo,activo,si,no,0
CL-00096,2228,1,21,anual,200.04,4175.33,tarjeta,0,avanzado,0,365,21,1,0,0,Lima,activo,no,no,0
CL-00097,1552,17,17,mensual,90.93,1331.47,yape,0,basico,0,30,30,0,0,16,Arequipa,activo,si,si,1
CL-00098,1932,36,36,mensual,105.85,3762.09,transferencia,1,avanzado,1,30,5,0,1,35,Trujillo,activo,no,si,1
CL-00099,1603,46,46,mensual,77.56,3727.96,yape,1,avanzado,1,30,14,0,1,45,Lima,activo,si,si,1
CL-00100,69,4,60,enterprise,287.83,15018.02,yape,0,basico,1,365,5,0,1,3,Lima,activo,no,si,1
CL-00101,1392,1,14,enterprise,172.35,2056.33,tarjeta,0,avanzado,1,365,39,1,0,0,Lima,activo,no,no,1
CL-00102,551,3,46,anual,86.45,3185.45,transferencia,1,avanzado,0,365,12,1,1,2,Trujillo,activo,no,no,1
CL-00103,1450,37,37,mensual,189.21,6248.93,factura,0,basico,0,30,28,0,0,36,Chiclayo,activo,no,si,1
CL-00104,2497,1,1,enterprise,180.1,170.41,tarjeta,1,basico,0,365,11,1,0,0,Lima,inactivo,no,no,0
CL-00105,997,5,72,enterprise,271.89,16519.0,yape,0,avanzado,1,365,32,1,0,4,Lima,activo,si,no,1
CL-00106,1924,1,1,anual,213.52,191.25,tarjeta,0,basico,0,365,36,1,0,0,Arequipa,activo,no,no,0
CL-00107,2445,42,42,mensual,158.77,6075.67,transferencia,1,avanzado,0,30,2,0,1,41,Lima,activo,si,no,1
CL-00108,1032,41,41,mensual,124.53,4250.88,factura,1,basico,0,30,33,0,0,40,Lima,activo,no,no,1
CL-00109,1788,39,39,mensual,121.62,3590.84,transferencia,1,basico,0,30,30,0,0,38,Lima,inactivo,no,no,1
CL-00110,1479,1,20,enterprise,412.8,6726.06,transferencia,0,basico,0,365,4,0,1,0,Lima,activo,si,si,1
CL-00111,608,52,52,mensual,173.14,8921.75,yape,1,basico,0,30,12,0,0,51,Lima,activo,no,no,1
CL-00112,1929,1,1,mensual,160.72,133.95,tarjeta,1,basico,1,30,39,0,0,0,Piura,activo,no,si,0
CL-00113,944,30,30,mensual,32.52,735.75,tarjeta,0,basico,0,30,20,0,0,29,Arequipa,activo,no,no,1
CL-00114,980,1,18,anual,165.05,2606.92,transferencia,1,basico,0,365,5,1,1,0,Piura,activo,no,si,1
CL-00115,231,15,15,mensual,180.61,2586.54,factura,1,avanzado,1,30,29,0,0,14,Piura,activo,no,si,1
CL-00116,112,3,42,enterprise,202.91,8315.32,yape,1,basico,0,365,36,1,0,2,Arequipa,inactivo,no,no,1
CL-00117,695,4,58,anual,371.69,18845.36,transferencia,0,premium,0,365,20,0,0,3,Piura,activo,si,si,1
CL-00118,1543,1,23,anual,148.21,3141.43,tarjeta,1,avanzado,1,365,6,1,1,0,Lima,activo,si,si,0
CL-00119,2333,51,51,mensual,124.8,6197.1,tarjeta,1,avanzado,0,30,6,0,1,50,Trujillo,activo,no,no,1
CL-00120,291,2,33,anual,340.76,11433.69,tarjeta,0,avanzado,1,365,17,1,0,1,Chiclayo,activo,no,si,0
CL-00121,895,1,10,anual,161.56,1521.85,factura,1,basico,1,365,22,1,0,0,Trujillo,activo,no,si,0
CL-00122,606,2,26,anual,214.07,5327.93,transferencia,0,avanzado,1,365,34,0,0,1,Arequipa,activo,no,no,1
CL-00123,1278,25,25,mensual,132.5,2582.43,yape,1,avanzado,0,30,31,0,0,24,Trujillo,suspendido,no,si,1
CL-00124,1298,15,15,mensual,44.06,579.04,tarjeta,0,avanzado,1,30,12,0,1,14,Lima,activo,no,no,1
CL-00125,2167,42,42,mensual,93.35,3986.13,transferencia,1,premium,1,30,32,0,0,41,Lima,activo,no,si,1
CL-00126,1992,38,38,mensual,178.62,5417.94,tarjeta,1,basico,1,30,6,0,1,37,Lima,activo,si,no,1
CL-00127,1154,1,1,mensual,111.05,93.61,factura,1,basico,0,30,9,0,1,0,Lima,activo,no,no,0
CL-00128,562,1,1,mensual,235.54,224.56,tarjeta,1,avanzado,1,30,36,0,0,0,Trujillo,activo,si,no,0
CL-00129,1455,42,42,mensual,26.08,1117.95,tarjeta,0,basico,1,30,41,0,0,41,Trujillo,activo,si,no,1
CL-00130,481,1,12,anual,53.24,490.48,tarjeta,1,avanzado,0,365,32,0,0,0,Piura,activo,no,no,0
CL-00131,2492,39,39,mensual,184.11,7260.33,tarjeta,1,avanzado,0,30,21,0,0,38,Trujillo,activo,no,no,1
CL-00132,1062,4,51,enterprise,494.16,20567.4,tarjeta,0,premium,1,365,41,1,0,3,Cusco,activo,no,no,1
CL-00133,1067,1,1,anual,185.75,187.28,factura,0,basico,1,365,16,0,0,0,Lima,activo,si,si,0
CL-00134,342,1,1,mensual,162.76,165.49,factura,1,basico,1,30,29,0,0,0,Lima,suspendido,si,no,0
CL-00135,1679,5,72,anual,288.45,20407.96,transferencia,0,avanzado,1,365,31,1,0,4,Lima,activo,si,si,1
CL-00136,625,41,41,mensual,59.79,2517.93,yape,0,basico,0,30,4,0,1,40,Lima,inactivo,si,no,1
CL-00137,733,1,22,enterprise,195.26,4460.45,transferencia,1,premium,0,365,44,1,0,0,Cusco,activo,si,no,1
CL-00138,752,9,9,mensual,111.25,1028.84,factura,0,avanzado,1,30,29,0,0,8,Lima,activo,no,no,0
CL-00139,598,1,19,enterprise,478.16,8212.32,tarjeta,1,avanzado,1,365,11,1,1,0,Chiclayo,activo,si,no,0
CL-00140,1951,3,3,mensual,56.16,149.8,transferencia,0,basico,1,30,38,0,0,2,Lima,activo,si,no,0
CL-00141,2209,54,54,mensual,88.15,3720.31,tarjeta,1,avanzado,0,30,18,0,0,53,Chiclayo,activo,no,no,1
CL-00142,1658,13,13,mensual,101.95,1079.93,factura,0,basico,1,30,4,0,1,12,Cusco,activo,no,si,1
CL-00143,2371,4,59,enterprise,375.0,20923.83,tarjeta,0,avanzado,1,365,31,0,0,3,Cusco,activo,no,no,1
CL-00144,905,1,22,anual,153.73,2665.75,tarjeta,0,basico,0,365,7,1,1,0,Arequipa,activo,no,si,1
CL-00145,2217,6,6,mensual,89.11,552.15,tarjeta,1,avanzado,1,30,27,0,0,5,Lima,activo,no,si,0
CL-00146,2366,21,21,mensual,160.87,2763.81,transferencia,0,premium,0,30,31,0,0,20,Cusco,activo,no,no,1
CL-00147,227,1,1,mensual,103.92,80.68,transferencia,1,basico,0,30,8,0,1,0,Chiclayo,activo,si,no,0
CL-00148,690,29,29,mensual,115.21,2741.61,yape,0,basico,1,30,36,0,0,28,Lima,activo,no,si,1
CL-00149,1294,28,28,mensual,29.42,629.91,yape,1,avanzado,0,30,21,0,0,27,Arequipa,activo,si,no,1
CL-00150,1270,52,52,mensual,93.89,3904.98,yape,0,avanzado,1,30,16,0,0,51,Lima,activo,no,no,1
CL-00151,1509,1,1,enterprise,370.56,343.25,transferencia,0,basico,1,365,5,1,0,0,Lima,activo,no,si,0
CL-00152,1548,4,60,enterprise,319.19,16024.92,transferencia,1,basico,0,365,34,1,0,3,Arequipa,activo,no,no,1
CL-00153,295,52,52,mensual,141.49,7286.47,factura,0,avanzado,1,30,8,0,1,51,Lima,activo,no,si,1
CL-00154,2389,5,63,anual,182.87,10039.47,transferencia,0,avanzado,0,365,8,1,0,4,Lima,activo,si,no,1
CL-00155,27,31,31,mensual,248.73,7434.51,tarjeta,1,avanzado,0,30,12,0,0,30,Lima,activo,no,si,1
CL-00156,2137,4,57,anual,109.48,6006.27,transferencia,0,basico,0,365,20,1,0,3,Lima,activo,no,si,1
CL-00157,1251,1,1,mensual,38.61,30.53,yape,0,avanzado,1,30,40,0,0,0,Lima,activo,no,si,0
CL-00158,935,4,49,anual,98.08,3686.02,factura,1,basico,0,365,34,1,0,3,Lima,inactivo,no,no,1
CL-00159,1106,1,13,anual,136.03,1772.98,transferencia,0,avanzado,0,365,34,1,0,0,Lima,activo,no,si,0
CL-00160,1253,1,1,enterprise,177.96,170.89,transferencia,0,avanzado,1,365,9,1,0,0,Arequipa,activo,si,si,1
CL-00161,17,4,4,mensual,102.51,329.05,transferencia,0,avanzado,1,30,30,0,0,3,Lima,activo,si,no,0
CL-00162,1142,2,32,enterprise,447.99,13676.2,yape,0,basico,1,365,16,1,0,1,Lima,activo,no,no,0
CL-00163,2415,12,12,mensual,219.29,2233.71,tarjeta,1,basico,0,30,22,0,0,11,Lima,activo,si,si,1
CL-00164,763,41,41,mensual,162.83,5120.69,factura,1,avanzado,1,30,29,0,0,40,Lima,activo,si,no,1
CL-00165,861,1,1,anual,442.31,362.09,tarjeta,1,premium,1,365,8,1,1,0,Lima,activo,no,no,0
CL-00166,1202,1,1,mensual,86.15,84.15,tarjeta,0,premium,0,30,16,0,0,0,Lima,activo,si,si,0
CL-00167,2370,5,66,enterprise,90.52,5181.04,yape,0,premium,0,365,18,1,0,4,Lima,activo,no,no,1
CL-00168,223,4,54,enterprise,436.41,21526.69,tarjeta,0,avanzado,0,365,40,0,0,3,Trujillo,activo,si,no,0
CL-00169,744,6,6,mensual,37.65,178.68,tarjeta,0,premium,1,30,44,0,0,5,Lima,activo,si,si,0
CL-00170,137,2,32,enterprise,182.27,4536.62,factura,0,avanzado,1,365,44,1,0,1,Lima,activo,no,si,0
CL-00171,241,57,57,mensual,113.19,5301.96,transferencia,0,premium,0,30,24,0,0,56,Cusco,activo,si,no,1
CL-00172,173,42,42,mensual,118.92,4454.03,factura,0,avanzado,0,30,29,0,0,41,Lima,activo,si,no,1
CL-00173,829,36,36,mensual,92.07,3328.1,tarjeta,0,avanzado,1,30,33,0,0,35,Lima,activo,si,no,1
CL-00174,339,4,59,enterprise,131.84,7615.35,tarjeta,0,basico,1,365,36,1,0,3,Trujillo,activo,si,no,1
CL-00175,1938,14,14,mensual,90.98,1016.45,tarjeta,1,avanzado,1,30,31,0,0,13,Lima,activo,si,no,1
CL-00176,710,33,33,mensual,171.6,4368.52,tarjeta,1,basico,0,30,41,0,0,32,Arequipa,activo,no,si,1
CL-00177,1079,31,31,mensual,112.09,2841.17,transferencia,0,basico,1,30,18,0,0,30,Trujillo,activo,no,no,1
CL-00178,1598,2,25,enterprise,190.17,4781.34,factura,1,avanzado,0,365,32,1,0,1,Chiclayo,activo,si,no,1
CL-00179,857,1,22,enterprise,115.42,2297.39,transferencia,0,premium,0,365,28,1,0,0,Chiclayo,activo,no,no,1
CL-00180,2103,2,34,anual,121.31,4091.84,yape,0,premium,1,365,35,0,0,1,Lima,activo,no,no,1
CL-00181,1640,2,33,enterprise,318.48,9047.65,transferencia,1,basico,0,365,42,1,0,1,Piura,activo,no,no,1
CL-00182,1952,1,6,enterprise,317.88,1768.3,tarjeta,0,avanzado,1,365,4,1,1,0,Lima,activo,no,si,1
CL-00183,1694,52,52,mensual,78.53,3791.26,tarjeta,0,avanzado,0,30,39,0,0,51,Arequipa,activo,si,si,1
CL-00184,816,8,8,mensual,39.12,293.56,transferencia,0,basico,1,30,38,0,0,7,Arequipa,inactivo,no,si,1
CL-00185,1466,2,27,enterprise,380.02,9142.61,tarjeta,0,premium,0,365,40,1,0,1,Lima,activo,no,no,1
CL-00186,109,2,25,anual,101.92,2093.87,transferencia,1,basico,0,365,13,1,1,1,Lima,activo,no,no,1
CL-00187,471,41,41,mensual,145.79,5251.41,yape,1,premium,0,30,27,0,0,40,Cusco,activo,no,no,1
CL-00188,136,1,1,mensual,70.57,73.56,tarjeta,0,basico,1,30,4,0,0,0,Lima,activo,no,no,0
CL-00189,188,4,54,anual,111.79,5020.29,tarjeta,0,premium,1,365,3,0,0,3,Trujillo,activo,no,no,1
CL-00190,1994,15,15,mensual,150.05,2177.48,yape,0,avanzado,1,30,27,0,0,14,Chiclayo,activo,si,si,1
CL-00191,505,5,62,enterprise,641.42,41097.04,transferencia,1,avanzado,1,365,44,1,0,4,Lima,activo,no,si,1
CL-00192,2179,20,20,mensual,144.08,2650.72,transferencia,1,basico,1,30,11,0,0,19,Lima,activo,si,si,1
CL-00193,2377,31,31,mensual,148.27,4122.03,tarjeta,0,basico,0,30,36,0,0,30,Lima,activo,si,no,1
CL-00194,2329,5,72,enterprise,353.16,19992.42,yape,0,basico,0,365,4,1,1,4,Lima,activo,no,si,1
CL-00195,1486,25,25,mensual,29.43,718.08,transferencia,0,avanzado,1,30,3,0,1,24,Lima,suspendido,no,si,1
CL-00196,2416,62,62,mensual,65.86,4179.06,factura,1,avanzado,1,30,28,0,0,61,Lima,suspendido,no,no,1
CL-00197,285,2,33,anual,49.93,1720.53,yape,1,basico,0,365,13,0,0,1,Trujillo,activo,no,no,1
CL-00198,2122,3,42,enterprise,604.85,20589.63,transferencia,0,basico,0,365,5,0,1,2,Cusco,activo,no,no,0
CL-00199,279,34,34,mensual,197.46,6888.31,transferencia,0,basico,1,30,42,0,0,33,Lima,activo,si,no,1
CL-00200,887,53,53,mensual,163.8,7475.38,tarjeta,0,avanzado,0,30,40,0,0,52,Arequipa,activo,si,no,1
CL-00201,807,1,15,enterprise,315.06,4422.24,transferencia,0,basico,0,365,1,1,1,0,Trujillo,activo,no,no,0
CL-00202,1187,1,8,enterprise,66.42,434.17,yape,0,avanzado,1,365,44,1,0,0,Trujillo,activo,si,si,1
CL-00203,1656,16,16,mensual,112.15,1479.51,transferencia,1,avanzado,1,30,1,0,1,15,Arequipa,activo,no,no,1
CL-00204,2081,34,34,mensual,250.36,7964.8,factura,1,basico,0,30,34,0,0,33,Lima,activo,no,no,1
CL-00205,1479,26,26,mensual,102.52,2386.84,transferencia,0,basico,1,30,36,0,0,25,Cusco,activo,si,no,1
CL-00206,2245,49,49,mensual,74.9,3814.41,tarjeta,1,avanzado,0,30,13,0,0,48,Lima,activo,si,no,1
CL-00207,1495,64,64,mensual,39.39,2090.73,tarjeta,0,premium,0,30,7,0,1,63,Lima,activo,no,no,1
CL-00208,903,1,8,anual,359.79,2916.92,tarjeta,1,basico,1,365,26,1,0,0,Lima,activo,si,no,0
CL-00209,1402,14,14,mensual,105.06,1306.32,factura,0,basico,1,30,40,0,0,13,Lima,activo,si,no,1
CL-00210,1571,1,1,mensual,30.77,24.32,tarjeta,0,avanzado,1,30,2,0,0,0,Trujillo,activo,si,no,0
CL-00211,1231,5,72,anual,122.69,7258.97,yape,1,basico,0,365,39,1,0,4,Arequipa,activo,no,no,1
CL-00212,447,3,39,anual,84.48,3217.99,transferencia,1,basico,0,365,28,1,0,2,Lima,activo,si,no,1
CL-00213,723,44,44,mensual,112.4,4935.66,factura,0,avanzado,0,30,45,0,0,43,Chiclayo,activo,no,no,1
CL-00214,5,1,1,enterprise,271.52,206.86,transferencia,1,basico,0,365,12,0,0,0,Lima,activo,no,no,0
CL-00215,1479,2,32,anual,136.0,3799.33,factura,0,avanzado,0,365,30,1,0,1,Lima,activo,no,no,1
CL-00216,889,3,44,anual,202.03,7984.85,yape,1,premium,0,365,21,0,0,2,Trujillo,activo,si,no,1
CL-00217,1966,26,26,mensual,97.1,2359.26,tarjeta,0,premium,0,30,29,0,0,25,Lima,activo,si,no,1
CL-00218,2303,58,58,mensual,203.59,11160.95,transferencia,1,avanzado,1,30,9,0,1,57,Piura,activo,si,no,1
CL-00219,2473,5,72,enterprise,261.5,18812.33,tarjeta,0,basico,0,365,23,1,0,4,Trujillo,activo,no,si,1
CL-00220,1639,9,9,mensual,214.07,1602.99,tarjeta,0,avanzado,0,30,45,0,0,8,Lima,inactivo,no,no,0
CL-00221,2377,7,7,mensual,73.77,404.63,tarjeta,0,basico,0,30,38,0,0,6,Lima,activo,si,si,0
CL-00222,2236,10,10,mensual,59.32,478.09,tarjeta,0,avanzado,1,30,10,0,0,9,Lima,activo,si,si,1
CL-00223,2382,5,71,anual,117.19,8578.87,transferencia,0,basico,0,365,3,1,1,4,Lima,activo,no,si,1
CL-00224,897,4,57,enterprise,222.68,11601.24,transferencia,1,basico,0,365,19,0,0,3,Arequipa,activo,si,si,1
CL-00225,743,29,29,mensual,38.58,912.65,factura,1,basico,0,30,11,0,1,28,Lima,activo,no,no,1
CL-00226,119,2,33,enterprise,396.56,12900.12,transferencia,0,basico,0,365,12,1,1,1,Trujillo,inactivo,no,si,0
CL-00227,1423,12,12,mensual,33.32,370.29,yape,0,avanzado,1,30,9,0,1,11,Lima,activo,si,si,1
CL-00228,897,4,54,anual,239.51,11125.41,transferencia,0,premium,0,365,25,0,0,3,Lima,activo,si,no,1
CL-00229,2104,1,23,anual,73.52,1277.5,transferencia,1,avanzado,1,365,5,1,1,0,Lima,activo,si,si,1
CL-00230,1072,25,25,mensual,79.31,1952.68,transferencia,1,basico,1,30,41,0,0,24,Lima,activo,no,no,1
CL-00231,487,47,47,mensual,136.12,6175.21,factura,0,avanzado,1,30,2,0,1,46,Piura,activo,no,no,1
CL-00232,1679,27,27,mensual,198.13,4432.78,tarjeta,0,avanzado,1,30,8,0,1,26,Arequipa,activo,no,no,1
CL-00233,667,2,26,enterprise,116.12,2504.92,tarjeta,0,premium,0,365,26,1,0,1,Chiclayo,activo,no,si,1
CL-00234,2417,2,32,anual,138.97,3697.48,yape,0,avanzado,0,365,7,1,1,1,Trujillo,activo,no,si,1
CL-00235,1400,4,51,enterprise,153.68,7454.62,tarjeta,0,basico,0,365,23,1,0,3,Lima,activo,no,no,1
CL-00236,777,5,72,enterprise,136.95,8265.51,tarjeta,1,avanzado,0,365,4,1,1,4,Lima,activo,no,no,1
CL-00237,1518,46,46,mensual,89.12,3456.34,tarjeta,1,basico,0,30,40,0,0,45,Arequipa,inactivo,no,no,1
CL-00238,1892,4,52,enterprise,446.65,20043.53,tarjeta,1,basico,0,365,27,1,0,3,Lima,activo,si,no,1
CL-00239,886,27,27,mensual,94.47,2663.07,tarjeta,0,premium,0,30,14,0,1,26,Trujillo,activo,si,si,1
CL-00240,2216,14,14,mensual,222.72,2768.95,tarjeta,1,premium,1,30,28,0,0,13,Piura,activo,no,no,1
CL-00241,253,3,48,enterprise,357.77,14823.92,factura,0,basico,0,365,25,1,0,2,Lima,activo,si,no,1
CL-00242,620,2,36,enterprise,171.42,5498.51,yape,0,avanzado,0,365,37,1,0,1,Piura,activo,si,no,0
CL-00243,423,1,1,mensual,77.77,75.11,tarjeta,1,basico,1,30,33,0,0,0,Chiclayo,activo,no,no,0
CL-00244,1951,24,24,mensual,86.0,2095.18,tarjeta,0,basico,1,30,38,0,0,23,Lima,activo,no,si,1
CL-00245,1059,2,30,anual,304.27,9559.32,factura,0,premium,0,365,39,1,0,1,Arequipa,activo,si,no,0
CL-00246,2386,1,19,enterprise,63.88,1087.27,yape,1,premium,1,365,5,0,1,0,Lima,activo,no,si,1
CL-00247,652,5,68,anual,80.21,4843.63,transferencia,0,basico,0,365,35,0,0,4,Lima,activo,si,no,1
CL-00248,1943,44,44,mensual,92.72,3464.03,transferencia,0,avanzado,1,30,41,0,0,43,Lima,inactivo,si,no,1
CL-00249,1717,66,66,mensual,140.13,9098.09,tarjeta,0,basico,1,30,9,0,1,65,Lima,inactivo,no,no,1
CL-00250,993,38,38,mensual,171.27,6161.21,tarjeta,1,avanzado,0,30,38,0,0,37,Cusco,activo,si,si,1
CL-00251,2303,2,34,anual,269.85,7881.32,transferencia,0,premium,1,365,28,1,0,1,Piura,activo,si,no,1
CL-00252,1458,1,9,enterprise,441.46,3597.93,transferencia,0,avanzado,0,365,30,1,0,0,Lima,activo,si,si,1
CL-00253,1151,32,32,mensual,134.84,3502.59,factura,0,avanzado,0,30,33,0,0,31,Lima,activo,no,si,1
CL-00254,1864,32,32,mensual,153.7,4712.8,tarjeta,0,basico,1,30,16,0,0,31,Cusco,activo,si,si,1
CL-00255,2261,1,1,mensual,66.62,55.0,tarjeta,0,avanzado,1,30,41,0,0,0,Trujillo,inactivo,si,no,0
CL-00256,2020,1,19,anual,58.58,951.48,factura,1,premium,1,365,34,1,0,0,Lima,activo,si,no,0
CL-00257,358,1,24,enterprise,290.41,5369.81,factura,1,basico,0,365,20,0,0,0,Cusco,activo,si,si,0
CL-00258,1771,42,42,mensual,73.92,2533.27,tarjeta,1,basico,1,30,28,0,0,41,Cusco,suspendido,si,no,1
CL-00259,1350,43,43,mensual,122.48,4257.89,tarjeta,0,basico,1,30,43,0,0,42,Lima,inactivo,si,si,1
CL-00260,2444,1,18,anual,225.11,3932.82,transferencia,1,avanzado,0,365,16,1,0,0,Arequipa,activo,no,si,1
CL-00261,2215,43,43,mensual,119.99,4944.62,tarjeta,1,basico,1,30,41,0,0,42,Lima,activo,no,no,1
CL-00262,2154,2,27,enterprise,484.4,11920.58,factura,0,avanzado,1,365,1,1,1,1,Lima,inactivo,si,no,0
CL-00263,329,1,1,mensual,168.95,146.33,tarjeta,0,basico,1,30,36,0,0,0,Lima,activo,no,no,0
CL-00264,538,20,20,mensual,155.28,3157.85,tarjeta,1,premium,0,30,27,0,0,19,Lima,activo,no,si,1
CL-00265,2222,4,58,enterprise,214.4,12624.53,transferencia,1,basico,1,365,32,1,0,3,Piura,activo,no,si,1
CL-00266,2498,1,1,mensual,104.07,96.87,yape,0,premium,1,30,26,0,0,0,Lima,activo,no,si,0
CL-00267,1893,35,35,mensual,75.61,2507.11,factura,1,premium,0,30,22,0,0,34,Piura,activo,no,si,1
CL-00268,1761,71,71,mensual,109.27,7672.33,transferencia,0,avanzado,0,30,7,0,0,70,Arequipa,activo,si,no,1
CL-00269,1269,13,13,mensual,264.36,3322.69,tarjeta,1,basico,1,30,11,0,1,12,Trujillo,activo,si,si,1
CL-00270,2282,32,32,mensual,111.26,2910.46,yape,1,premium,0,30,41,0,0,31,Arequipa,inactivo,si,no,1
CL-00271,213,1,1,mensual,156.66,141.15,tarjeta,0,avanzado,1,30,19,0,0,0,Lima,activo,no,si,0
CL-00272,1243,72,72,mensual,64.01,3666.54,tarjeta,0,avanzado,0,30,8,0,0,71,Lima,activo,si,no,1
CL-00273,266,30,30,mensual,181.22,5397.53,tarjeta,1,basico,0,30,6,0,1,29,Lima,activo,no,no,1
CL-00274,2233,2,33,anual,245.25,7656.81,tarjeta,0,basico,1,365,13,1,1,1,Trujillo,activo,no,si,1
CL-00275,1004,5,65,anual,216.59,14693.96,transferencia,0,avanzado,0,365,33,0,0,4,Piura,activo,si,si,1
CL-00276,2461,48,48,mensual,135.87,5158.41,yape,1,avanzado,0,30,17,0,0,47,Lima,activo,no,no,1
CL-00277,163,10,10,mensual,185.86,1678.4,tarjeta,1,premium,0,30,20,0,0,9,Lima,activo,no,si,0
CL-00278,2056,16,16,mensual,180.5,2793.28,transferencia,0,avanzado,1,30,31,0,0,15,Piura,activo,no,si,1
CL-00279,553,3,44,enterprise,341.01,15157.53,tarjeta,1,basico,0,365,28,0,0,2,Lima,activo,si,no,1
CL-00280,1994,1,17,enterprise,241.48,4129.87,transferencia,1,avanzado,1,365,4,1,0,0,Lima,suspendido,si,no,0
CL-00281,1999,1,1,mensual,149.31,121.03,transferencia,0,basico,1,30,18,0,0,0,Lima,activo,no,no,0
CL-00282,540,31,31,mensual,81.23,2630.68,tarjeta,0,basico,1,30,32,0,0,30,Lima,activo,no,no,1
CL-00283,1019,1,1,mensual,93.02,97.15,factura,0,basico,0,30,32,0,0,0,Lima,activo,no,si,0
CL-00284,338,72,72,mensual,93.25,6987.38,transferencia,0,basico,0,30,19,0,0,71,Trujillo,activo,no,no,1
CL-00285,1575,2,36,anual,47.8,1607.37,factura,0,basico,1,365,10,1,1,1,Lima,activo,si,si,1
CL-00286,1923,10,10,mensual,181.16,1810.84,factura,0,basico,0,30,9,0,1,9,Cusco,activo,no,si,0
CL-00287,112,15,15,mensual,53.16,616.24,tarjeta,0,basico,1,30,5,0,1,14,Trujillo,activo,no,no,1
CL-00288,1766,1,1,mensual,91.82,75.9,factura,0,premium,1,30,6,0,0,0,Lima,activo,si,no,0
CL-00289,702,5,5,mensual,83.31,323.91,yape,0,basico,1,30,44,0,0,4,Chiclayo,activo,no,si,0
CL-00290,1561,57,57,mensual,123.39,6341.64,transferencia,0,premium,1,30,19,0,0,56,Chiclayo,activo,si,no,1
CL-00291,2339,5,72,enterprise,284.62,21300.44,yape,1,premium,1,365,15,1,0,4,Chiclayo,activo,no,no,1
CL-00292,1116,50,50,mensual,106.31,5021.83,transferencia,1,premium,0,30,21,0,0,49,Lima,activo,no,si,1
CL-00293,1780,2,30,enterprise,320.03,8529.21,transferencia,1,basico,0,365,24,1,0,1,Trujillo,inactivo,no,si,1
CL-00294,163,21,21,mensual,81.18,1684.07,transferencia,0,basico,1,30,7,0,1,20,Lima,activo,si,no,1
CL-00295,125,1,8,enterprise,160.75,1176.82,yape,0,avanzado,1,365,41,1,0,0,Lima,activo,no,no,1
CL-00296,1427,5,72,enterprise,354.7,22660.08,factura,1,avanzado,0,365,22,1,0,4,Lima,activo,no,no,1
CL-00297,1580,2,27,enterprise,88.85,2252.13,tarjeta,1,basico,0,365,26,1,0,1,Trujillo,activo,no,si,0
CL-00298,1331,5,72,enterprise,253.22,16473.2,transferencia,1,basico,1,365,23,1,0,4,Lima,activo,si,no,1
CL-00299,1762,5,66,enterprise,255.33,15882.19,tarjeta,0,avanzado,0,365,43,1,0,4,Lima,activo,no,si,1
CL-00300,1793,1,1,anual,240.35,238.14,factura,0,avanzado,0,365,45,1,0,0,Chiclayo,activo,no,no,0
CL-00301,2409,1,16,enterprise,98.85,1405.61,tarjeta,0,basico,0,365,6,0,1,0,Trujillo,activo,no,no,0
CL-00302,224,15,15,mensual,97.41,1277.78,tarjeta,1,basico,0,30,33,0,0,14,Piura,activo,no,no,1
CL-00303,1024,30,30,mensual,105.0,2890.44,yape,1,avanzado,0,30,8,0,1,29,Lima,activo,no,si,1
CL-00304,1007,30,30,mensual,182.23,5584.03,yape,0,avanzado,0,30,1,0,1,29,Arequipa,activo,si,no,1
CL-00305,1354,5,72,enterprise,270.03,17048.73,transferencia,0,avanzado,0,365,25,0,0,4,Trujillo,activo,no,no,1
CL-00306,1052,5,5,mensual,56.69,284.68,transferencia,0,premium,1,30,22,0,0,4,Lima,activo,no,si,0
CL-00307,1866,37,37,mensual,93.18,3224.08,yape,1,avanzado,1,30,23,0,0,36,Lima,activo,si,si,1
CL-00308,1161,3,47,anual,206.4,7311.68,tarjeta,0,basico,0,365,1,1,1,2,Lima,activo,no,no,1
CL-00309,953,32,32,mensual,45.78,1308.01,tarjeta,0,basico,0,30,29,0,0,31,Arequipa,activo,si,si,1
CL-00310,86,35,35,mensual,90.14,2565.44,transferencia,0,basico,0,30,24,0,0,34,Lima,activo,no,no,1
CL-00311,885,6,6,mensual,139.94,667.61,transferencia,1,avanzado,1,30,3,0,1,5,Lima,activo,no,si,0
CL-00312,1463,34,34,mensual,77.0,2147.63,transferencia,0,premium,0,30,16,0,0,33,Piura,activo,no,si,1
CL-00313,2469,44,44,mensual,302.44,12824.65,transferencia,0,avanzado,1,30,7,0,1,43,Cusco,inactivo,si,si,1
CL-00314,483,40,40,mensual,98.92,3712.33,yape,0,avanzado,1,30,41,0,0,39,Cusco,activo,no,si,1
CL-00315,1879,46,46,mensual,167.16,7005.44,tarjeta,1,basico,1,30,34,0,0,45,Arequipa,activo,si,no,1
CL-00316,2280,67,67,mensual,77.23,4649.62,tarjeta,0,avanzado,0,30,23,0,0,66,Arequipa,activo,si,no,1
CL-00317,1270,55,55,mensual,165.86,7906.78,transferencia,1,basico,1,30,4,0,1,54,Arequipa,activo,si,si,1
CL-00318,1580,2,34,anual,270.01,9326.95,tarjeta,1,basico,0,365,39,1,0,1,Cusco,activo,no,si,1
CL-00319,498,3,3,mensual,85.67,264.65,factura,0,avanzado,1,30,16,0,0,2,Trujillo,activo,si,si,0
CL-00320,2077,1,17,enterprise,254.28,4233.41,factura,1,basico,1,365,27,1,0,0,Lima,activo,si,no,1
CL-00321,1651,2,26,enterprise,150.25,3267.66,transferencia,0,basico,1,365,33,1,0,1,Lima,activo,no,si,1
CL-00322,1230,38,38,mensual,48.54,1889.08,tarjeta,1,basico,1,30,18,0,0,37,Trujillo,inactivo,no,no,1
CL-00323,1651,20,20,mensual,207.41,4130.53,tarjeta,0,basico,1,30,44,0,0,19,Arequipa,activo,si,no,1
CL-00324,927,9,9,mensual,77.93,552.12,transferencia,0,basico,1,30,11,0,1,8,Chiclayo,activo,si,no,0
CL-00325,483,1,3,enterprise,94.97,242.89,factura,0,avanzado,1,365,16,0,0,0,Lima,activo,si,si,0
CL-00326,646,1,1,anual,314.29,266.61,tarjeta,1,basico,0,365,9,1,1,0,Cusco,activo,no,no,0
CL-00327,75,2,26,enterprise,157.15,3959.29,tarjeta,0,basico,0,365,16,0,0,1,Trujillo,activo,no,no,0
CL-00328,991,1,1,mensual,125.76,114.09,transferencia,1,avanzado,0,30,36,0,0,0,Cusco,activo,si,si,0
CL-00329,1130,1,7,anual,352.32,2047.14,transferencia,0,basico,0,365,22,0,0,0,Trujillo,activo,no,no,0
CL-00330,2302,22,22,mensual,112.87,2034.28,yape,1,avanzado,0,30,40,0,0,21,Piura,suspendido,si,no,1
CL-00331,1062,1,1,anual,160.91,142.77,yape,0,premium,0,365,41,1,0,0,Cusco,activo,si,si,0
CL-00332,2312,41,41,mensual,40.63,1582.18,yape,0,avanzado,0,30,15,0,0,40,Cusco,activo,si,no,1
CL-00333,315,4,50,anual,51.44,2321.53,transferencia,0,avanzado,1,365,36,1,0,3,Lima,activo,no,si,1
CL-00334,2348,1,18,enterprise,266.89,3979.22,tarjeta,1,avanzado,1,365,23,1,0,0,Lima,activo,no,no,1
CL-00335,1045,21,21,mensual,112.51,2211.49,yape,0,basico,1,30,20,0,0,20,Arequipa,activo,si,no,1
CL-00336,1915,3,45,anual,229.79,10854.2,transferencia,0,avanzado,0,365,13,1,1,2,Arequipa,activo,no,si,1
CL-00337,595,14,14,mensual,95.54,1074.06,tarjeta,1,avanzado,0,30,3,0,0,13,Chiclayo,activo,no,si,0
CL-00338,447,1,13,anual,156.97,1853.93,factura,0,avanzado,1,365,21,0,0,0,Trujillo,activo,no,si,0
CL-00339,1422,61,61,mensual,29.74,1565.05,yape,1,avanzado,1,30,31,0,0,60,Cusco,activo,si,no,1
CL-00340,1794,4,54,enterprise,359.92,15850.28,transferencia,1,avanzado,0,365,40,1,0,3,Trujillo,activo,si,si,0
CL-00341,659,47,47,mensual,141.89,6753.18,factura,0,avanzado,0,30,19,0,0,46,Trujillo,activo,si,no,1
CL-00342,839,4,55,enterprise,647.03,36915.14,yape,0,premium,1,365,7,1,0,3,Piura,activo,no,no,0
CL-00343,1061,1,1,enterprise,297.24,254.16,factura,0,avanzado,1,365,22,1,0,0,Lima,activo,no,no,0
CL-00344,1063,5,65,anual,105.84,5876.47,yape,1,avanzado,1,365,14,1,1,4,Piura,activo,si,no,1
CL-00345,2471,3,41,enterprise,284.52,9070.12,yape,1,avanzado,0,365,42,0,0,2,Cusco,activo,no,no,1
CL-00346,1154,4,57,enterprise,208.32,11106.28,tarjeta,0,avanzado,0,365,32,1,0,3,Chiclayo,activo,si,no,1
CL-00347,1908,3,41,enterprise,290.0,9012.19,transferencia,0,premium,0,365,41,0,0,2,Lima,activo,si,no,0
CL-00348,640,33,33,mensual,93.66,2778.19,transferencia,0,avanzado,1,30,14,0,0,32,Piura,activo,si,no,1
CL-00349,1693,2,25,anual,75.93,1510.71,yape,0,basico,0,365,21,1,0,1,Lima,activo,si,no,1
CL-00350,521,41,41,mensual,35.6,1389.09,factura,0,avanzado,0,30,4,0,1,40,Lima,activo,no,si,1
CL-00351,1788,1,24,anual,211.71,5226.73,tarjeta,1,basico,1,365,7,1,0,0,Lima,activo,si,no,0
CL-00352,259,53,53,mensual,172.61,7104.91,yape,0,avanzado,0,30,17,0,0,52,Lima,activo,no,si,1
CL-00353,752,1,1,anual,229.13,225.31,tarjeta,0,premium,0,365,18,0,0,0,Lima,activo,no,si,0
CL-00354,1103,1,19,anual,196.4,3728.5,yape,0,premium,1,365,31,1,0,0,Piura,activo,no,si,1
CL-00355,2325,72,72,mensual,135.4,7826.94,tarjeta,1,avanzado,1,30,10,0,1,71,Trujillo,activo,si,si,1
CL-00356,1480,16,16,mensual,134.33,2206.86,transferencia,0,basico,1,30,45,0,0,15,Arequipa,activo,si,si,1
CL-00357,485,2,26,enterprise,173.88,4232.79,transferencia,1,avanzado,0,365,36,1,0,1,Piura,inactivo,no,no,1
CL-00358,2206,1,10,enterprise,352.56,3209.99,factura,1,basico,1,365,41,1,0,0,Piura,inactivo,no,no,0
CL-00359,1983,40,40,mensual,183.59,6986.88,yape,1,premium,1,30,14,0,0,39,Chiclayo,activo,no,no,1
CL-00360,45,1,14,anual,184.48,2160.27,tarjeta,0,basico,1,365,26,0,0,0,Piura,activo,si,no,0
CL-00361,334,2,27,enterprise,388.18,7940.54,transferencia,1,premium,0,365,24,1,0,1,Cusco,activo,si,si,1
CL-00362,114,53,53,mensual,77.24,3613.18,transferencia,0,avanzado,1,30,35,0,0,52,Lima,activo,si,no,1
CL-00363,580,15,15,mensual,101.18,1476.73,transferencia,0,avanzado,1,30,39,0,0,14,Arequipa,activo,si,no,1
CL-00364,1858,51,51,mensual,110.65,5787.59,tarjeta,1,premium,1,30,26,0,0,50,Lima,activo,si,si,1
CL-00365,438,4,52,anual,161.92,7401.3,factura,1,avanzado,1,365,44,1,0,3,Lima,activo,no,no,1
CL-00366,1976,58,58,mensual,188.68,9073.14,tarjeta,0,avanzado,0,30,23,0,0,57,Lima,activo,no,si,1
CL-00367,1011,2,35,enterprise,100.27,2770.32,tarjeta,1,basico,1,365,13,0,1,1,Lima,activo,no,no,1
CL-00368,86,5,72,anual,187.02,13878.13,transferencia,1,basico,0,365,8,1,1,4,Chiclayo,activo,no,si,1
CL-00369,1386,58,58,mensual,97.45,4630.67,tarjeta,1,avanzado,0,30,17,0,0,57,Arequipa,activo,no,si,1
CL-00370,1904,3,40,enterprise,114.76,4697.45,transferencia,1,basico,0,365,14,0,1,2,Cusco,activo,si,si,1
CL-00371,878,1,10,enterprise,337.88,2720.36,tarjeta,0,avanzado,1,365,10,1,0,0,Lima,activo,no,no,0
CL-00372,1398,29,29,mensual,90.76,1988.35,transferencia,0,avanzado,1,30,21,0,0,28,Lima,activo,si,no,1
CL-00373,2027,67,67,mensual,93.21,5103.88,transferencia,0,basico,1,30,12,0,1,66,Piura,activo,si,no,1
CL-00374,799,72,72,mensual,197.62,12775.0,transferencia,0,avanzado,1,30,45,0,0,71,Lima,activo,si,no,1
CL-00375,935,68,68,mensual,189.63,11020.08,tarjeta,1,premium,1,30,14,0,0,67,Trujillo,activo,no,no,1
CL-00376,1632,51,51,mensual,117.36,6118.93,transferencia,1,premium,1,30,28,0,0,50,Lima,activo,si,no,1
CL-00377,2321,1,1,enterprise,271.48,248.0,yape,0,basico,1,365,34,1,0,0,Lima,activo,si,no,0
CL-00378,768,44,44,mensual,105.27,3637.56,yape,1,basico,0,30,43,0,0,43,Arequipa,activo,no,no,1
CL-00379,550,1,1,mensual,237.34,222.53,tarjeta,0,basico,0,30,31,0,0,0,Arequipa,inactivo,no,no,0
CL-00380,1101,1,1,anual,281.82,244.25,transferencia,1,premium,1,365,12,1,0,0,Lima,activo,no,no,0
CL-00381,164,3,38,anual,144.89,5250.8,transferencia,0,avanzado,1,365,26,1,0,2,Cusco,activo,si,no,1
CL-00382,1219,3,45,enterprise,86.38,3832.11,tarjeta,1,premium,1,365,4,1,1,2,Lima,activo,no,no,1
CL-00383,850,4,54,enterprise,427.55,24142.01,transferencia,0,premium,0,365,13,1,0,3,Trujillo,activo,si,no,1
CL-00384,735,44,44,mensual,95.07,3860.96,yape,0,basico,1,30,45,0,0,43,Trujillo,inactivo,si,no,1
CL-00385,690,45,45,mensual,45.82,1773.29,factura,0,avanzado,1,30,1,0,1,44,Lima,activo,si,no,1
CL-00386,821,1,8,enterprise,384.22,2705.16,tarjeta,1,avanzado,0,365,15,1,0,0,Arequipa,activo,si,no,0
CL-00387,792,2,29,anual,175.78,4438.94,transferencia,0,avanzado,1,365,3,1,1,1,Lima,activo,no,no,1
CL-00388,2227,1,1,enterprise,366.0,323.97,factura,0,premium,1,365,25,0,0,0,Arequipa,activo,no,si,0
CL-00389,369,1,1,mensual,124.56,94.54,transferencia,1,basico,0,30,34,0,0,0,Lima,activo,no,no,0
CL-00390,1020,4,50,enterprise,166.08,6844.14,factura,1,avanzado,1,365,4,0,1,3,Lima,activo,no,no,1
CL-00391,882,1,13,anual,242.05,3292.43,yape,1,basico,0,365,6,0,1,0,Lima,activo,no,si,0
CL-00392,693,53,53,mensual,71.12,3876.43,factura,1,avanzado,1,30,39,0,0,52,Trujillo,activo,no,si,1
CL-00393,395,4,59,anual,181.03,8165.31,yape,0,basico,1,365,13,1,1,3,Piura,activo,si,no,1
CL-00394,1266,1,17,anual,146.7,2603.32,tarjeta,1,avanzado,0,365,1,1,1,0,Lima,activo,no,no,0
CL-00395,1296,46,46,mensual,138.62,6297.36,yape,0,avanzado,0,30,5,0,0,45,Cusco,activo,no,si,1
CL-00396,335,16,16,mensual,117.01,1405.66,tarjeta,1,avanzado,0,30,41,0,0,15,Arequipa,activo,si,si,1
CL-00397,2467,1,1,enterprise,497.62,509.58,yape,1,premium,0,365,42,1,0,0,Lima,inactivo,si,si,1
CL-00398,1411,35,35,mensual,213.26,7748.56,transferencia,1,avanzado,1,30,8,0,0,34,Arequipa,activo,si,si,1
CL-00399,1911,20,20,mensual,86.25,1619.13,yape,1,basico,1,30,13,0,1,19,Piura,inactivo,no,no,1
CL-00400,2102,21,21,mensual,34.38,712.23,tarjeta,1,basico,1,30,9,0,1,20,Chiclayo,activo,si,si,1
CL-00401,662,72,72,mensual,147.7,9036.68,tarjeta,1,basico,1,30,23,0,0,71,Arequipa,activo,si,no,1
CL-00402,1202,1,1,enterprise,274.05,252.59,tarjeta,0,basico,0,365,38,1,0,0,Lima,activo,si,no,0
CL-00403,2007,3,41,enterprise,197.08,7833.55,transferencia,0,basico,0,365,35,0,0,2,Lima,activo,si,no,1
CL-00404,40,7,7,mensual,98.04,630.26,tarjeta,1,basico,1,30,18,0,0,6,Lima,activo,no,no,0
CL-00405,709,4,54,enterprise,210.12,9546.72,tarjeta,1,premium,0,365,32,1,0,3,Arequipa,activo,no,si,1
CL-00406,2258,3,39,enterprise,504.09,18573.52,factura,1,premium,0,365,12,1,0,2,Lima,activo,no,no,1
CL-00407,1657,41,41,mensual,131.24,5389.05,yape,0,basico,1,30,41,0,0,40,Trujillo,activo,si,no,1
CL-00408,1877,1,9,enterprise,364.09,3279.44,transferencia,0,avanzado,1,365,27,0,0,0,Lima,activo,no,no,0
CL-00409,1247,13,13,mensual,161.23,1655.1,yape,1,basico,0,30,42,0,0,12,Trujillo,inactivo,no,no,0
CL-00410,2421,4,55,enterprise,228.23,11091.85,tarjeta,1,avanzado,0,365,12,1,1,3,Trujillo,activo,si,si,1
CL-00411,1652,5,72,anual,163.3,8954.84,yape,0,basico,1,365,43,1,0,4,Piura,activo,si,no,1
CL-00412,2014,3,44,anual,214.58,8873.42,transferencia,0,basico,1,365,13,1,1,2,Lima,activo,si,no,1
CL-00413,1395,10,10,mensual,167.06,1374.32,tarjeta,0,avanzado,1,30,31,0,0,9,Chiclayo,activo,si,no,0
CL-00414,2151,3,40,enterprise,456.99,18811.65,yape,0,avanzado,1,365,3,1,1,2,Trujillo,activo,no,si,1
CL-00415,1741,72,72,mensual,108.86,7332.19,factura,1,avanzado,1,30,11,0,1,71,Trujillo,activo,no,si,1
CL-00416,2288,34,34,mensual,108.23,3202.13,tarjeta,0,premium,1,30,25,0,0,33,Arequipa,activo,si,no,1
CL-00417,159,68,68,mensual,167.92,11069.6,tarjeta,0,basico,1,30,23,0,0,67,Lima,activo,si,no,1
CL-00418,636,1,14,enterprise,260.66,2963.98,yape,0,avanzado,1,365,6,1,0,0,Lima,activo,si,no,0
CL-00419,965,31,31,mensual,66.8,1609.9,tarjeta,1,basico,1,30,1,0,0,30,Arequipa,activo,no,si,1
CL-00420,2463,3,47,enterprise,210.17,7667.44,transferencia,1,basico,0,365,38,1,0,2,Piura,activo,si,si,1
CL-00421,691,3,42,anual,154.97,6019.55,tarjeta,1,basico,1,365,12,0,1,2,Piura,inactivo,no,no,0
CL-00422,635,13,13,mensual,174.22,2302.59,tarjeta,1,basico,1,30,34,0,0,12,Lima,activo,no,si,1
CL-00423,1485,12,12,mensual,148.87,1459.21,yape,0,avanzado,0,30,8,0,0,11,Lima,activo,no,si,1
CL-00424,2440,56,56,mensual,45.68,2501.84,factura,1,avanzado,0,30,13,0,1,55,Arequipa,activo,no,no,1
CL-00425,2467,5,61,anual,103.59,4810.57,transferencia,0,avanzado,0,365,1,0,0,4,Arequipa,activo,no,no,1
CL-00426,1987,5,69,enterprise,216.55,12790.34,yape,0,basico,1,365,25,1,0,4,Lima,inactivo,no,no,1
CL-00427,2015,72,72,mensual,135.86,9254.82,tarjeta,0,basico,1,30,24,0,0,71,Trujillo,activo,si,si,1
CL-00428,1832,2,35,enterprise,263.97,9219.32,tarjeta,1,avanzado,1,365,26,1,0,1,Arequipa,activo,no,si,1
CL-00429,1013,24,24,mensual,73.2,1814.7,tarjeta,0,basico,0,30,34,0,0,23,Piura,activo,no,si,1
CL-00430,575,5,65,enterprise,104.05,6355.91,tarjeta,0,basico,1,365,30,1,0,4,Lima,activo,no,si,1
CL-00431,1596,4,49,enterprise,329.27,14340.14,transferencia,0,basico,0,365,10,1,0,3,Piura,activo,si,no,1
CL-00432,767,1,8,enterprise,244.7,1503.81,factura,1,premium,1,365,19,0,0,0,Piura,activo,si,no,1
CL-00433,2274,1,6,anual,143.12,715.05,tarjeta,0,avanzado,1,365,4,0,0,0,Lima,activo,no,si,0
CL-00434,387,3,44,enterprise,266.12,12024.65,factura,0,basico,0,365,30,0,0,2,Cusco,activo,si,no,1
CL-00435,2123,28,28,mensual,201.43,5216.3,transferencia,0,avanzado,0,30,18,0,0,27,Trujillo,activo,si,si,1
CL-00436,739,31,31,mensual,51.81,1369.7,tarjeta,0,premium,1,30,8,0,0,30,Arequipa,inactivo,no,no,1
CL-00437,1499,58,58,mensual,64.07,3064.43,transferencia,1,basico,1,30,40,0,0,57,Arequipa,activo,no,no,1
CL-00438,2299,51,51,mensual,221.01,8837.96,transferencia,0,basico,1,30,22,0,0,50,Arequipa,activo,no,no,1
CL-00439,530,5,65,anual,175.68,11139.22,yape,0,premium,1,365,3,1,1,4,Lima,activo,no,no,1
CL-00440,1148,1,1,anual,255.46,223.2,yape,1,premium,0,365,5,0,1,0,Lima,activo,si,no,0
CL-00441,1407,3,38,enterprise,419.6,16438.53,transferencia,1,avanzado,0,365,14,1,1,2,Cusco,inactivo,no,no,0
CL-00442,2393,49,49,mensual,93.56,4063.27,yape,1,basico,0,30,43,0,0,48,Lima,inactivo,si,si,1
CL-00443,84,1,1,anual,130.91,130.32,transferencia,0,basico,1,365,5,1,1,0,Trujillo,activo,no,no,1
CL-00444,1479,16,16,mensual,157.18,1984.42,tarjeta,0,premium,0,30,19,0,0,15,Piura,activo,no,si,1
CL-00445,2443,11,11,mensual,202.48,1771.29,factura,1,avanzado,0,30,18,0,0,10,Lima,activo,no,si,1
CL-00446,41,2,32,anual,298.59,7949.31,tarjeta,0,basico,1,365,28,1,0,1,Cusco,activo,no,si,0
CL-00447,921,5,72,enterprise,114.74,6669.91,transferencia,0,basico,0,365,27,1,0,4,Piura,activo,no,si,1
CL-00448,844,5,72,anual,282.26,21197.05,yape,1,basico,1,365,23,0,0,4,Lima,activo,si,no,1
CL-00449,190,12,12,mensual,76.32,908.92,tarjeta,0,avanzado,0,30,37,0,0,11,Lima,activo,si,no,1
CL-00450,854,3,45,anual,143.59,5521.55,transferencia,1,avanzado,0,365,2,1,1,2,Arequipa,activo,no,no,1
CL-00451,1211,46,46,mensual,89.09,3712.7,tarjeta,1,basico,1,30,18,0,0,45,Piura,activo,si,no,1
CL-00452,1065,3,41,enterprise,436.81,16296.92,tarjeta,1,avanzado,1,365,3,1,1,2,Trujillo,activo,si,si,0
CL-00453,1395,3,42,anual,280.66,10988.07,transferencia,1,avanzado,0,365,14,1,0,2,Lima,activo,si,no,1
CL-00454,1675,39,39,mensual,93.74,2855.54,factura,1,avanzado,0,30,12,0,0,38,Lima,activo,si,no,1
CL-00455,1076,72,72,mensual,185.53,11417.14,tarjeta,1,basico,0,30,40,0,0,71,Arequipa,activo,no,no,1
CL-00456,671,59,59,mensual,131.33,6011.1,yape,1,premium,1,30,31,0,0,58,Lima,activo,si,no,1
CL-00457,2286,1,6,enterprise,259.75,1598.58,transferencia,0,basico,0,365,11,0,1,0,Lima,activo,no,no,0
CL-00458,1017,51,51,mensual,81.8,3633.79,yape,0,avanzado,1,30,29,0,0,50,Cusco,activo,no,si,1
CL-00459,2368,4,54,enterprise,274.75,14363.29,yape,1,basico,1,365,38,0,0,3,Trujillo,activo,no,no,0
CL-00460,2494,3,40,anual,213.31,8756.36,transferencia,0,avanzado,1,365,9,0,0,2,Cusco,activo,no,no,0
CL-00461,1581,4,60,anual,71.5,3615.75,transferencia,0,avanzado,0,365,26,1,0,3,Lima,activo,no,no,1
CL-00462,906,36,36,mensual,196.88,5502.55,transferencia,0,basico,0,30,22,0,0,35,Lima,inactivo,si,no,1
CL-00463,2444,3,37,enterprise,188.01,5918.93,yape,0,avanzado,1,365,42,0,0,2,Lima,activo,si,no,1
CL-00464,1262,35,35,mensual,196.58,6545.2,factura,1,avanzado,0,30,17,0,0,34,Trujillo,activo,si,si,1
CL-00465,890,1,1,anual,69.79,62.81,transferencia,1,avanzado,1,365,31,0,0,0,Piura,activo,no,no,0
CL-00466,1284,2,30,anual,190.39,4412.21,factura,0,basico,1,365,26,0,0,1,Piura,activo,si,no,1
CL-00467,1779,1,15,anual,100.6,1163.53,transferencia,0,basico,0,365,15,0,0,0,Lima,activo,no,no,0
CL-00468,488,1,3,enterprise,147.25,424.02,yape,1,premium,1,365,16,1,0,0,Lima,activo,no,no,0
CL-00469,494,67,67,mensual,103.33,6722.09,transferencia,0,basico,0,30,39,0,0,66,Arequipa,activo,no,no,1
CL-00470,1239,44,44,mensual,210.9,7264.56,tarjeta,0,avanzado,0,30,41,0,0,43,Lima,activo,no,si,1
CL-00471,1578,31,31,mensual,133.87,4101.89,transferencia,0,basico,0,30,12,0,1,30,Trujillo,suspendido,no,no,1
CL-00472,553,18,18,mensual,85.5,1313.79,yape,0,avanzado,1,30,22,0,0,17,Lima,activo,no,no,0
CL-00473,213,39,39,mensual,25.81,775.54,yape,1,avanzado,0,30,7,0,1,38,Cusco,inactivo,si,si,1
CL-00474,270,56,56,mensual,38.1,1813.9,transferencia,0,avanzado,0,30,20,0,0,55,Arequipa,activo,si,si,1
CL-00475,119,12,12,mensual,97.31,1131.69,yape,1,avanzado,1,30,40,0,0,11,Lima,activo,no,no,0
CL-00476,2020,32,32,mensual,98.58,2986.53,factura,1,avanzado,0,30,32,0,0,31,Cusco,inactivo,no,no,1
CL-00477,1509,53,53,mensual,92.07,4364.61,tarjeta,0,premium,0,30,22,0,0,52,Cusco,activo,no,si,1
CL-00478,1786,1,1,anual,50.02,41.71,tarjeta,0,avanzado,0,365,36,1,0,0,Piura,inactivo,si,no,0
CL-00479,1278,2,30,anual,166.22,4365.17,factura,0,avanzado,0,365,25,1,0,1,Lima,activo,si,si,1
CL-00480,676,21,21,mensual,204.83,3718.51,tarjeta,1,avanzado,0,30,20,0,0,20,Arequipa,activo,no,no,1
CL-00481,1035,29,29,mensual,249.24,6266.69,yape,0,avanzado,1,30,1,0,1,28,Lima,activo,si,si,1
CL-00482,337,20,20,mensual,31.63,567.38,transferencia,1,avanzado,1,30,5,0,1,19,Chiclayo,inactivo,no,no,1
CL-00483,929,2,35,anual,104.6,3245.79,transferencia,1,avanzado,1,365,25,1,0,1,Arequipa,activo,si,no,1
CL-00484,2457,72,72,mensual,60.01,3373.36,yape,0,premium,1,30,4,0,1,71,Cusco,activo,no,no,1
CL-00485,2342,24,24,mensual,135.19,2715.86,yape,1,premium,1,30,1,0,1,23,Lima,activo,si,no,1
CL-00486,2291,39,39,mensual,58.08,1786.57,tarjeta,0,avanzado,1,30,15,0,0,38,Lima,activo,si,si,1
CL-00487,1820,72,72,mensual,235.25,15762.99,tarjeta,0,avanzado,0,30,26,0,0,71,Arequipa,activo,no,no,1
CL-00488,905,18,18,mensual,110.78,1748.46,yape,0,basico,0,30,33,0,0,17,Trujillo,activo,no,no,1
CL-00489,1918,5,72,anual,169.46,11610.31,yape,1,premium,0,365,44,1,0,4,Lima,activo,no,si,1
CL-00490,1612,2,32,anual,361.26,8974.06,tarjeta,0,avanzado,1,365,30,1,0,1,Lima,activo,no,no,1
CL-00491,1828,5,72,anual,167.06,10265.84,tarjeta,1,premium,1,365,44,1,0,4,Lima,activo,no,si,1
CL-00492,719,4,50,anual,217.33,8737.81,yape,1,avanzado,1,365,13,1,1,3,Lima,activo,no,no,1
CL-00493,2024,3,39,anual,147.06,4459.95,transferencia,0,avanzado,1,365,30,1,0,2,Lima,activo,no,si,1
CL-00494,940,30,30,mensual,47.19,1390.27,yape,0,basico,0,30,1,0,1,29,Cusco,activo,no,no,1
CL-00495,1590,1,17,enterprise,204.46,2743.4,factura,0,avanzado,1,365,7,1,0,0,Cusco,activo,si,no,0
CL-00496,1347,34,34,mensual,190.85,5207.18,yape,0,basico,1,30,29,0,0,33,Cusco,activo,no,si,1
CL-00497,698,54,54,mensual,129.39,6009.1,transferencia,0,avanzado,0,30,15,0,0,53,Lima,activo,si,no,1
CL-00498,673,2,32,anual,175.83,4714.09,transferencia,1,basico,1,365,26,1,0,1,Lima,activo,si,no,1
CL-00499,1151,24,24,mensual,69.2,1703.89,transferencia,0,basico,1,30,43,0,0,23,Lima,inactivo,no,si,1
CL-00500,217,26,26,mensual,166.97,4543.49,factura,1,premium,0,30,35,0,0,25,Lima,activo,no,no,1
CL-00501,41,4,56,anual,76.21,3741.63,tarjeta,1,avanzado,0,365,16,1,0,3,Lima,activo,no,si,1
CL-00502,1800,5,62,enterprise,65.65,3298.33,transferencia,0,basico,1,365,31,1,0,4,Lima,activo,si,no,1
CL-00503,2241,1,15,enterprise,190.81,2574.31,tarjeta,1,avanzado,1,365,42,1,0,0,Arequipa,activo,si,no,1
CL-00504,478,15,15,mensual,222.15,2994.7,yape,0,basico,0,30,12,0,1,14,Trujillo,activo,no,no,0
CL-00505,53,41,41,mensual,223.15,8141.02,yape,0,basico,1,30,25,0,0,40,Lima,activo,no,no,1
CL-00506,751,5,69,enterprise,249.85,13034.91,tarjeta,1,basico,0,365,33,1,0,4,Lima,activo,si,no,1
CL-00507,1875,60,60,mensual,71.71,3392.66,yape,1,basico,0,30,30,0,0,59,Lima,activo,no,no,1
CL-00508,2389,1,1,enterprise,66.05,52.33,transferencia,1,premium,0,365,22,1,0,0,Lima,activo,no,no,0
CL-00509,921,25,25,mensual,97.36,2082.36,factura,0,avanzado,1,30,20,0,0,24,Chiclayo,activo,si,no,1
CL-00510,1507,9,9,mensual,136.91,1138.83,yape,0,avanzado,0,30,26,0,0,8,Chiclayo,activo,no,no,0
CL-00511,2415,25,25,mensual,143.18,3627.3,yape,1,avanzado,1,30,23,0,0,24,Lima,activo,no,no,1
CL-00512,570,5,71,enterprise,440.11,25529.68,tarjeta,1,basico,1,365,17,1,0,4,Lima,activo,si,si,1
CL-00513,405,1,1,mensual,129.1,126.69,factura,1,avanzado,1,30,40,0,0,0,Lima,activo,no,no,0
CL-00514,714,1,1,mensual,139.24,113.88,yape,0,avanzado,0,30,36,0,0,0,Cusco,activo,si,no,0
CL-00515,1908,12,12,mensual,79.0,720.28,yape,0,avanzado,1,30,29,0,0,11,Lima,activo,no,si,1
CL-00516,560,39,39,mensual,138.31,5097.19,yape,0,avanzado,1,30,9,0,1,38,Chiclayo,activo,no,no,1
CL-00517,114,47,47,mensual,80.79,3092.34,factura,1,basico,1,30,24,0,0,46,Arequipa,activo,si,no,1
CL-00518,2174,3,43,anual,258.03,11382.62,transferencia,0,basico,0,365,10,1,1,2,Lima,activo,no,no,1
CL-00519,1996,61,61,mensual,158.69,9970.74,tarjeta,1,basico,0,30,8,0,1,60,Piura,activo,si,no,1
CL-00520,2001,1,1,enterprise,366.12,286.13,transferencia,1,avanzado,0,365,11,0,1,0,Cusco,activo,no,no,0
CL-00521,1571,5,61,enterprise,358.3,17668.97,tarjeta,1,basico,1,365,8,1,0,4,Lima,inactivo,si,no,1
CL-00522,1370,24,24,mensual,39.55,771.82,tarjeta,1,avanzado,0,30,36,0,0,23,Lima,activo,si,no,1
CL-00523,545,50,50,mensual,45.88,2347.75,tarjeta,0,avanzado,0,30,24,0,0,49,Chiclayo,activo,no,no,1
CL-00524,323,1,1,anual,183.59,141.99,transferencia,0,avanzado,1,365,33,0,0,0,Chiclayo,activo,no,no,0
CL-00525,1564,32,32,mensual,31.89,995.33,yape,1,avanzado,1,30,44,0,0,31,Trujillo,inactivo,si,no,1
CL-00526,1846,38,38,mensual,92.77,2948.22,factura,0,basico,0,30,13,0,1,37,Lima,activo,si,no,1
CL-00527,2083,4,60,enterprise,259.64,14405.82,factura,1,premium,1,365,9,1,1,3,Lima,activo,no,no,1
CL-00528,2122,1,1,enterprise,534.87,429.6,tarjeta,0,basico,0,365,7,1,1,0,Trujillo,activo,si,no,0
CL-00529,1750,2,33,enterprise,279.35,9144.42,yape,0,avanzado,0,365,1,1,1,1,Lima,inactivo,no,no,1
CL-00530,1319,5,5,mensual,178.52,849.07,factura,1,basico,1,30,2,0,1,4,Lima,inactivo,no,no,0
CL-00531,1146,3,44,anual,237.82,7914.44,yape,0,avanzado,1,365,27,0,0,2,Lima,activo,no,no,0
CL-00532,528,4,51,anual,150.0,6281.72,tarjeta,0,avanzado,0,365,31,1,0,3,Arequipa,activo,no,no,1
CL-00533,710,63,63,mensual,128.59,7209.27,factura,1,basico,0,30,14,0,1,62,Trujillo,activo,no,no,1
CL-00534,1736,1,19,anual,302.62,5228.58,transferencia,1,basico,1,365,25,1,0,0,Chiclayo,activo,si,no,1
CL-00535,1518,55,55,mensual,158.28,8689.57,transferencia,0,avanzado,1,30,10,0,1,54,Lima,activo,no,no,1
CL-00536,817,65,65,mensual,108.94,6132.87,tarjeta,0,premium,1,30,32,0,0,64,Piura,activo,si,no,1
CL-00537,909,1,1,mensual,25.74,26.46,yape,1,avanzado,0,30,32,0,0,0,Lima,activo,si,no,0
CL-00538,2291,47,47,mensual,40.14,1524.67,factura,1,basico,0,30,32,0,0,46,Piura,activo,no,no,1
CL-00539,1022,55,55,mensual,91.51,5069.86,yape,0,basico,0,30,24,0,0,54,Trujillo,activo,si,no,1
CL-00540,2075,2,26,enterprise,91.52,2430.18,tarjeta,1,premium,0,365,39,1,0,1,Lima,activo,si,no,1
CL-00541,1100,1,2,enterprise,571.24,1071.65,tarjeta,0,basico,1,365,4,0,0,0,Piura,activo,no,no,0
CL-00542,1016,4,55,anual,255.06,14593.04,factura,0,avanzado,0,365,19,1,0,3,Arequipa,activo,no,no,1
CL-00543,1484,1,2,enterprise,230.72,402.92,factura,1,basico,0,365,3,1,1,0,Trujillo,activo,no,si,1
CL-00544,101,2,27,enterprise,140.23,3633.95,factura,0,avanzado,1,365,38,1,0,1,Piura,activo,si,si,1
CL-00545,833,31,31,mensual,148.46,3465.64,yape,1,basico,0,30,4,0,1,30,Arequipa,activo,si,si,1
CL-00546,2369,49,49,mensual,53.51,2182.56,tarjeta,1,premium,0,30,20,0,0,48,Lima,activo,si,no,1
CL-00547,2000,16,16,mensual,66.52,979.08,transferencia,0,avanzado,1,30,9,0,1,15,Lima,activo,no,si,0
CL-00548,2386,15,15,mensual,59.9,909.98,tarjeta,0,basico,0,30,32,0,0,14,Lima,activo,si,no,1
CL-00549,2098,2,34,anual,164.33,5787.68,transferencia,1,avanzado,1,365,19,1,0,1,Piura,activo,no,si,1
CL-00550,1214,57,57,mensual,117.14,6168.39,tarjeta,1,basico,0,30,25,0,0,56,Chiclayo,activo,no,no,1
CL-00551,2264,72,72,mensual,214.51,15549.14,transferencia,0,premium,0,30,44,0,0,71,Arequipa,activo,no,no,1
CL-00552,16,1,1,mensual,189.96,188.02,yape,0,basico,0,30,42,0,0,0,Arequipa,activo,si,no,0
CL-00553,602,40,40,mensual,120.01,4714.48,yape,0,premium,1,30,20,0,0,39,Lima,activo,no,si,1
CL-00554,1807,1,5,enterprise,502.01,1966.47,tarjeta,0,premium,0,365,17,1,0,0,Piura,activo,no,no,0
CL-00555,463,57,57,mensual,97.63,4972.76,factura,0,basico,1,30,14,0,1,56,Lima,inactivo,no,no,1
CL-00556,702,9,9,mensual,36.3,292.68,tarjeta,0,premium,1,30,32,0,0,8,Arequipa,activo,no,no,1
CL-00557,552,15,15,mensual,91.18,1348.88,factura,0,premium,1,30,45,0,0,14,Chiclayo,activo,no,no,1
CL-00558,1873,17,17,mensual,83.45,1313.43,transferencia,1,premium,0,30,27,0,0,16,Cusco,activo,si,si,1
CL-00559,1972,2,30,anual,158.09,4723.52,tarjeta,0,avanzado,0,365,26,1,0,1,Cusco,activo,si,si,1
CL-00560,73,40,40,mensual,51.82,2149.36,yape,0,avanzado,1,30,45,0,0,39,Arequipa,activo,no,no,1
CL-00561,515,44,44,mensual,79.32,3198.31,tarjeta,1,basico,0,30,9,0,0,43,Lima,activo,si,no,1
CL-00562,1542,32,32,mensual,160.51,5072.18,transferencia,1,premium,0,30,4,0,1,31,Lima,activo,no,no,1
CL-00563,2255,1,1,enterprise,417.98,383.78,yape,0,basico,0,365,5,1,1,0,Lima,activo,no,no,0
CL-00564,2348,4,50,anual,44.32,2077.97,transferencia,1,avanzado,0,365,27,1,0,3,Cusco,activo,no,no,1
CL-00565,2022,2,31,anual,67.95,1880.64,yape,0,premium,0,365,41,1,0,1,Cusco,activo,si,no,1
CL-00566,1298,4,60,anual,121.39,7559.29,transferencia,1,premium,0,365,11,1,1,3,Chiclayo,inactivo,no,no,1
CL-00567,129,1,14,enterprise,340.75,4747.95,tarjeta,0,premium,1,365,33,1,0,0,Lima,activo,si,si,1
CL-00568,2365,1,1,mensual,104.57,102.02,yape,0,premium,0,30,40,0,0,0,Lima,activo,si,no,0
CL-00569,1883,31,31,mensual,74.56,1962.06,factura,0,avanzado,1,30,42,0,0,30,Piura,activo,no,no,1
CL-00570,1804,64,64,mensual,122.63,7029.15,tarjeta,0,avanzado,0,30,36,0,0,63,Arequipa,activo,si,si,1
CL-00571,2139,36,36,mensual,185.42,6734.35,tarjeta,1,basico,0,30,17,0,0,35,Lima,activo,no,no,1
CL-00572,1491,2,27,enterprise,314.85,8763.76,tarjeta,1,premium,1,365,30,1,0,1,Cusco,activo,si,si,0
CL-00573,1830,10,10,mensual,66.54,698.18,transferencia,1,avanzado,1,30,25,0,0,9,Lima,activo,no,no,0
CL-00574,2115,5,72,enterprise,342.79,23948.57,factura,0,avanzado,1,365,22,1,0,4,Lima,activo,no,si,1
CL-00575,2034,1,7,enterprise,304.13,2063.45,yape,1,basico,0,365,32,1,0,0,Trujillo,activo,si,si,0
CL-00576,2301,14,14,mensual,97.43,1061.43,yape,0,avanzado,1,30,31,0,0,13,Lima,activo,si,no,1
CL-00577,480,3,46,enterprise,186.03,8347.4,transferencia,1,avanzado,1,365,37,0,0,2,Piura,activo,si,no,1
CL-00578,2147,1,1,anual,298.1,254.58,transferencia,0,premium,1,365,25,1,0,0,Lima,activo,no,si,0
CL-00579,1237,5,63,enterprise,357.96,22763.17,transferencia,0,basico,1,365,30,1,0,4,Lima,activo,si,si,1
CL-00580,2295,47,47,mensual,189.44,6707.81,tarjeta,0,avanzado,0,30,13,0,1,46,Chiclayo,activo,no,no,1
CL-00581,2444,54,54,mensual,156.24,8692.73,transferencia,1,basico,1,30,22,0,0,53,Lima,activo,no,no,1
CL-00582,160,46,46,mensual,160.26,6599.12,transferencia,0,avanzado,0,30,37,0,0,45,Lima,activo,no,no,1
CL-00583,2197,28,28,mensual,82.7,1825.59,yape,1,avanzado,0,30,35,0,0,27,Arequipa,activo,no,no,1
CL-00584,532,6,6,mensual,206.39,1152.03,yape,0,basico,1,30,24,0,0,5,Lima,activo,no,no,0
CL-00585,2250,2,28,enterprise,315.97,8472.14,transferencia,0,avanzado,0,365,26,1,0,1,Lima,activo,si,si,0
CL-00586,668,1,8,anual,328.29,2584.14,transferencia,1,premium,0,365,12,1,1,0,Arequipa,activo,no,si,0
CL-00587,1707,44,44,mensual,147.26,6223.85,yape,1,premium,0,30,18,0,0,43,Chiclayo,activo,no,no,1
CL-00588,2400,52,52,mensual,129.03,6146.04,tarjeta,0,avanzado,0,30,30,0,0,51,Arequipa,activo,no,no,1
CL-00589,232,68,68,mensual,154.48,8136.72,transferencia,1,basico,1,30,6,0,0,67,Arequipa,activo,no,si,1
CL-00590,2279,41,41,mensual,133.36,5516.26,factura,1,avanzado,1,30,1,0,1,40,Trujillo,activo,no,no,1
CL-00591,2041,4,55,enterprise,239.28,13752.9,yape,0,avanzado,1,365,27,0,0,3,Lima,activo,no,no,1
CL-00592,2026,25,25,mensual,134.44,3305.21,factura,0,avanzado,1,30,33,0,0,24,Lima,activo,no,si,1
CL-00593,2282,20,20,mensual,151.37,2302.1,factura,0,avanzado,0,30,45,0,0,19,Arequipa,activo,no,no,1
CL-00594,1992,3,44,anual,248.81,10692.66,yape,0,avanzado,1,365,22,1,0,2,Trujillo,activo,no,no,1
CL-00595,694,22,22,mensual,108.63,1985.72,tarjeta,0,avanzado,0,30,6,0,1,21,Lima,activo,no,si,1
CL-00596,1115,38,38,mensual,108.94,4299.64,transferencia,1,premium,1,30,29,0,0,37,Lima,activo,si,si,1
CL-00597,1401,1,6,anual,169.75,783.28,transferencia,1,avanzado,1,365,14,1,1,0,Cusco,activo,no,si,0
CL-00598,249,1,10,anual,76.53,595.16,transferencia,0,basico,1,365,8,1,0,0,Trujillo,activo,no,no,1
CL-00599,2121,3,47,enterprise,586.59,22177.4,yape,0,premium,1,365,28,1,0,2,Piura,activo,si,no,1
CL-00600,1665,4,54,anual,116.6,6144.96,transferencia,0,avanzado,0,365,33,0,0,3,Cusco,activo,no,no,1
CL-00601,2333,8,8,mensual,202.21,1529.39,tarjeta,0,avanzado,1,30,3,0,0,7,Cusco,activo,no,no,0
CL-00602,1305,3,48,enterprise,272.03,12641.83,tarjeta,1,basico,0,365,33,1,0,2,Arequipa,activo,si,si,1
CL-00603,42,1,19,enterprise,301.29,4901.13,yape,0,basico,1,365,26,1,0,0,Chiclayo,activo,no,si,0
CL-00604,1010,2,32,anual,189.0,6131.9,transferencia,0,avanzado,0,365,34,1,0,1,Trujillo,activo,no,no,0
CL-00605,532,5,67,enterprise,209.9,12430.22,tarjeta,1,basico,1,365,29,1,0,4,Lima,activo,no,no,1
CL-00606,908,4,52,enterprise,160.59,6598.99,transferencia,0,avanzado,1,365,22,1,0,3,Cusco,activo,no,no,1
CL-00607,1441,4,51,enterprise,412.46,20619.85,tarjeta,1,avanzado,0,365,16,0,0,3,Lima,activo,no,no,1
CL-00608,404,72,72,mensual,136.9,8958.47,tarjeta,0,basico,0,30,29,0,0,71,Cusco,activo,si,si,1
CL-00609,1544,1,15,anual,242.75,3379.16,tarjeta,1,avanzado,0,365,9,1,1,0,Chiclayo,activo,si,no,0
CL-00610,1014,8,8,mensual,208.79,1445.72,yape,0,basico,0,30,25,0,0,7,Lima,activo,si,si,0
CL-00611,2021,1,14,anual,119.64,1613.35,tarjeta,1,basico,0,365,34,1,0,0,Lima,activo,no,no,1
CL-00612,2308,2,26,anual,202.7,4008.89,tarjeta,0,premium,1,365,11,1,1,1,Cusco,activo,si,no,0
CL-00613,895,1,1,enterprise,325.62,292.2,tarjeta,0,avanzado,1,365,4,1,1,0,Cusco,activo,no,no,0
CL-00614,493,2,27,enterprise,142.0,3366.82,yape,0,premium,1,365,2,1,0,1,Trujillo,activo,si,si,1
CL-00615,65,18,18,mensual,128.84,2258.69,tarjeta,0,avanzado,0,30,25,0,0,17,Arequipa,inactivo,no,no,0
CL-00616,1497,4,51,anual,194.69,8238.85,transferencia,0,premium,1,365,19,0,0,3,Piura,activo,no,no,1
CL-00617,1087,3,41,anual,126.89,4266.63,tarjeta,0,basico,1,365,30,1,0,2,Trujillo,activo,si,no,1
CL-00618,1560,17,17,mensual,98.06,1410.22,yape,0,basico,0,30,37,0,0,16,Piura,activo,si,no,1
CL-00619,661,46,46,mensual,85.73,3526.2,tarjeta,1,basico,0,30,45,0,0,45,Lima,inactivo,si,no,1
CL-00620,955,50,50,mensual,220.17,8949.51,transferencia,1,basico,1,30,15,0,0,49,Lima,activo,no,si,1
CL-00621,2333,1,13,enterprise,85.58,1062.77,tarjeta,1,premium,0,365,6,1,1,0,Trujillo,activo,no,si,1
CL-00622,674,20,20,mensual,126.63,2151.4,yape,1,avanzado,0,30,34,0,0,19,Trujillo,activo,no,no,1
CL-00623,1397,1,1,enterprise,214.17,187.71,tarjeta,0,avanzado,1,365,1,1,1,0,Lima,activo,no,no,1
CL-00624,390,5,5,mensual,67.31,308.71,tarjeta,0,avanzado,0,30,29,0,0,4,Lima,activo,no,si,0
CL-00625,217,1,14,enterprise,300.81,3634.65,transferencia,1,basico,1,365,13,0,1,0,Piura,activo,no,si,0
CL-00626,1040,34,34,mensual,184.33,6018.84,factura,0,premium,0,30,16,0,0,33,Arequipa,activo,no,si,1
CL-00627,229,1,9,enterprise,350.07,2983.2,yape,1,avanzado,0,365,6,1,1,0,Lima,activo,si,no,0
CL-00628,1259,19,19,mensual,149.1,2767.89,factura,0,basico,1,30,1,0,0,18,Lima,activo,no,si,1
CL-00629,346,1,2,anual,332.6,603.27,transferencia,0,avanzado,0,365,9,1,1,0,Cusco,activo,no,no,0
CL-00630,92,2,36,enterprise,486.2,15056.72,transferencia,1,basico,0,365,20,1,0,1,Lima,activo,no,no,0
CL-00631,1556,3,42,enterprise,453.43,15432.13,yape,0,avanzado,1,365,14,1,0,2,Trujillo,inactivo,si,si,1
CL-00632,2309,3,42,enterprise,245.18,9072.83,tarjeta,1,avanzado,1,365,18,1,0,2,Arequipa,activo,si,si,1
CL-00633,2473,32,32,mensual,138.72,4491.88,tarjeta,0,premium,1,30,6,0,1,31,Chiclayo,activo,no,no,1
CL-00634,5,1,1,mensual,130.09,102.29,tarjeta,0,premium,1,30,7,0,1,0,Cusco,activo,si,no,0
CL-00635,1525,17,17,mensual,82.83,1147.08,factura,1,basico,1,30,34,0,0,16,Trujillo,activo,si,no,1
CL-00636,121,22,22,mensual,35.44,740.36,yape,1,basico,0,30,37,0,0,21,Cusco,activo,si,no,1
CL-00637,1581,1,22,anual,47.82,970.49,tarjeta,0,premium,0,365,34,0,0,0,Chiclayo,activo,si,no,0
CL-00638,1672,2,34,anual,188.91,6582.59,yape,0,avanzado,0,365,43,1,0,1,Lima,activo,si,si,0
CL-00639,344,5,67,enterprise,333.64,16960.11,yape,0,avanzado,0,365,33,0,0,4,Lima,activo,si,no,1
CL-00640,1970,4,52,enterprise,108.87,5737.98,transferencia,0,avanzado,0,365,6,1,1,3,Lima,activo,no,si,1
CL-00641,2207,1,8,anual,296.09,2292.08,tarjeta,0,avanzado,1,365,34,0,0,0,Piura,activo,si,no,0
CL-00642,1144,4,49,enterprise,370.58,17843.46,yape,1,avanzado,1,365,11,1,1,3,Trujillo,activo,si,si,1
CL-00643,1322,48,48,mensual,200.64,8317.09,tarjeta,0,premium,0,30,35,0,0,47,Lima,activo,no,no,1
CL-00644,806,12,12,mensual,127.01,1283.61,tarjeta,0,avanzado,1,30,29,0,0,11,Lima,activo,si,no,1
CL-00645,2422,4,53,anual,108.25,4327.68,transferencia,1,basico,1,365,39,1,0,3,Trujillo,activo,si,no,1
CL-00646,1787,2,28,enterprise,389.27,10749.38,tarjeta,1,basico,0,365,43,1,0,1,Lima,activo,no,no,0
CL-00647,1126,1,1,mensual,175.18,139.88,yape,0,premium,0,30,31,0,0,0,Arequipa,activo,no,si,0
CL-00648,2176,43,43,mensual,74.52,2620.65,tarjeta,1,avanzado,0,30,43,0,0,42,Lima,activo,no,no,1
CL-00649,2050,3,37,anual,64.21,1978.94,yape,1,avanzado,0,365,25,1,0,2,Cusco,activo,si,si,1
CL-00650,786,26,26,mensual,97.73,2568.68,transferencia,0,basico,0,30,42,0,0,25,Lima,activo,no,no,1
CL-00651,2494,31,31,mensual,62.11,1610.36,transferencia,1,premium,1,30,5,0,1,30,Lima,activo,si,no,1
CL-00652,1537,1,14,enterprise,453.45,5571.93,tarjeta,0,avanzado,1,365,20,0,0,0,Lima,activo,si,si,0
CL-00653,110,3,47,anual,149.8,6858.98,tarjeta,1,premium,1,365,35,1,0,2,Trujillo,activo,si,si,1
CL-00654,2245,31,31,mensual,241.75,7626.76,tarjeta,1,basico,0,30,45,0,0,30,Trujillo,activo,no,si,1
CL-00655,725,2,36,enterprise,81.22,2886.95,tarjeta,1,basico,1,365,40,1,0,1,Piura,activo,no,si,1
CL-00656,1658,41,41,mensual,141.6,5286.72,tarjeta,1,basico,0,30,17,0,0,40,Cusco,activo,no,no,1
CL-00657,2007,1,4,enterprise,502.53,1508.9,transferencia,0,basico,0,365,29,1,0,0,Trujillo,activo,no,si,0
CL-00658,205,10,10,mensual,70.42,561.5,transferencia,1,premium,0,30,4,0,1,9,Lima,activo,si,si,1
CL-00659,2075,1,1,anual,199.38,164.7,yape,1,avanzado,0,365,6,1,0,0,Lima,activo,no,no,0
CL-00660,401,46,46,mensual,89.51,3599.19,transferencia,0,premium,1,30,32,0,0,45,Trujillo,activo,si,si,1
CL-00661,461,2,2,mensual,76.99,132.22,transferencia,0,avanzado,0,30,15,0,0,1,Lima,activo,no,si,0
CL-00662,2009,2,35,enterprise,363.96,11519.79,factura,0,basico,0,365,26,1,0,1,Trujillo,activo,si,no,1
CL-00663,1282,41,41,mensual,49.17,1761.17,transferencia,0,avanzado,1,30,10,0,1,40,Lima,activo,si,no,1
CL-00664,1193,47,47,mensual,99.14,4509.63,tarjeta,0,premium,0,30,36,0,0,46,Lima,activo,no,no,1
CL-00665,1371,2,2,mensual,153.69,235.35,tarjeta,1,avanzado,1,30,4,0,1,1,Arequipa,activo,no,no,0
CL-00666,581,2,30,anual,158.02,4970.13,tarjeta,0,basico,1,365,28,0,0,1,Chiclayo,activo,si,no,1
CL-00667,2499,5,72,enterprise,127.33,9194.51,yape,0,premium,0,365,31,1,0,4,Cusco,activo,no,si,1
CL-00668,209,5,72,enterprise,441.44,27031.7,tarjeta,1,avanzado,0,365,37,0,0,4,Trujillo,activo,si,no,1
CL-00669,466,56,56,mensual,136.48,6641.97,transferencia,1,premium,0,30,12,0,0,55,Cusco,activo,si,no,1
CL-00670,194,40,40,mensual,50.9,2115.63,tarjeta,1,avanzado,1,30,16,0,0,39,Arequipa,activo,si,no,1
CL-00671,89,7,7,mensual,54.72,394.82,transferencia,1,avanzado,1,30,26,0,0,6,Cusco,activo,no,no,1
CL-00672,1286,4,50,anual,107.46,4663.51,transferencia,1,avanzado,1,365,13,1,1,3,Arequipa,activo,no,no,1
CL-00673,279,2,28,enterprise,352.29,7574.51,tarjeta,1,premium,1,365,34,0,0,1,Chiclayo,activo,si,si,0
CL-00674,1839,3,46,anual,215.34,10365.16,tarjeta,0,premium,0,365,35,1,0,2,Trujillo,activo,no,no,1
CL-00675,2437,1,16,anual,238.34,3607.99,yape,1,avanzado,1,365,35,1,0,0,Lima,activo,no,no,1
CL-00676,1039,28,28,mensual,104.22,2795.31,yape,0,basico,1,30,23,0,0,27,Lima,activo,no,no,1
CL-00677,414,2,36,enterprise,132.55,3971.94,factura,1,basico,0,365,29,1,0,1,Trujillo,activo,si,no,1
CL-00678,997,38,38,mensual,190.19,7195.5,tarjeta,1,basico,1,30,9,0,1,37,Arequipa,activo,no,si,1
CL-00679,1005,44,44,mensual,93.72,3782.42,yape,1,basico,1,30,9,0,1,43,Lima,activo,no,no,1
CL-00680,8,18,18,mensual,119.95,1923.92,tarjeta,1,avanzado,1,30,17,0,0,17,Trujillo,activo,no,si,1
CL-00681,1766,1,1,mensual,27.98,27.21,transferencia,1,basico,1,30,10,0,1,0,Trujillo,activo,no,no,0
CL-00682,913,72,72,mensual,90.88,5637.56,yape,1,avanzado,1,30,37,0,0,71,Lima,activo,si,si,1
CL-00683,1892,72,72,mensual,171.01,10820.68,tarjeta,0,premium,1,30,12,0,0,71,Lima,activo,si,si,1
CL-00684,468,43,43,mensual,63.19,2569.62,transferencia,0,basico,0,30,42,0,0,42,Cusco,activo,no,si,1
CL-00685,59,1,1,anual,306.36,288.55,tarjeta,1,avanzado,1,365,19,0,0,0,Lima,activo,no,no,0
CL-00686,994,13,13,mensual,30.14,408.02,tarjeta,1,basico,1,30,35,0,0,12,Piura,activo,no,no,1
CL-00687,1239,44,44,mensual,67.18,2716.06,yape,0,avanzado,1,30,4,0,1,43,Arequipa,activo,no,si,1
CL-00688,111,5,65,enterprise,256.42,14105.46,tarjeta,0,premium,1,365,33,1,0,4,Lima,activo,no,no,1
CL-00689,1365,1,2,anual,406.65,680.11,transferencia,0,basico,0,365,21,1,0,0,Chiclayo,activo,no,no,0
CL-00690,1391,29,29,mensual,58.77,1551.29,yape,1,premium,0,30,37,0,0,28,Trujillo,activo,no,no,1
CL-00691,2456,37,37,mensual,129.31,3759.96,transferencia,1,basico,0,30,9,0,1,36,Chiclayo,activo,si,no,1
CL-00692,1447,4,53,enterprise,459.86,22579.48,tarjeta,0,basico,0,365,10,1,0,3,Chiclayo,inactivo,no,no,1
CL-00693,387,23,23,mensual,82.49,1645.08,tarjeta,0,basico,1,30,39,0,0,22,Arequipa,inactivo,si,no,1
CL-00694,2109,1,1,mensual,85.68,73.31,transferencia,0,basico,0,30,27,0,0,0,Lima,activo,no,si,0
CL-00695,2373,3,47,enterprise,257.96,9793.18,factura,0,basico,0,365,26,1,0,2,Piura,activo,no,no,1
CL-00696,416,59,59,mensual,32.03,1698.19,factura,0,avanzado,1,30,27,0,0,58,Lima,activo,no,no,1
CL-00697,857,2,30,anual,148.64,3394.74,transferencia,1,basico,1,365,17,0,0,1,Arequipa,activo,no,no,1
CL-00698,1520,3,42,anual,296.33,11601.47,transferencia,1,premium,0,365,43,0,0,2,Trujillo,activo,si,no,1
CL-00699,114,1,20,anual,256.32,4283.95,transferencia,0,basico,0,365,25,1,0,0,Cusco,activo,no,si,1
CL-00700,2112,11,11,mensual,95.92,1077.83,yape,0,basico,1,30,1,0,1,10,Trujillo,activo,no,si,0
CL-00701,1820,57,57,mensual,137.11,7095.55,transferencia,1,avanzado,0,30,13,0,1,56,Lima,activo,no,no,1
CL-00702,2290,41,41,mensual,152.62,6158.4,yape,0,avanzado,1,30,44,0,0,40,Trujillo,activo,no,no,1
CL-00703,1893,44,44,mensual,135.72,6003.67,tarjeta,0,premium,1,30,22,0,0,43,Trujillo,activo,si,si,1
CL-00704,439,5,69,enterprise,242.23,16942.77,factura,0,premium,1,365,33,1,0,4,Lima,activo,si,no,1
CL-00705,1794,6,6,mensual,175.33,1063.75,transferencia,1,avanzado,0,30,1,0,1,5,Lima,activo,si,no,0
CL-00706,1571,1,18,anual,266.15,3917.07,transferencia,0,premium,1,365,2,1,0,0,Arequipa,activo,si,si,1
CL-00707,682,2,36,enterprise,466.12,14112.16,tarjeta,1,basico,0,365,10,1,1,1,Trujillo,activo,si,si,0
CL-00708,381,1,18,enterprise,189.37,3280.43,tarjeta,1,premium,1,365,24,1,0,0,Trujillo,activo,si,si,1
CL-00709,2255,51,51,mensual,65.43,3040.9,transferencia,0,avanzado,0,30,28,0,0,50,Arequipa,activo,no,si,1
CL-00710,486,27,27,mensual,89.28,2248.57,factura,1,basico,0,30,4,0,0,26,Chiclayo,activo,no,no,1
CL-00711,373,1,7,enterprise,247.05,1648.62,transferencia,1,avanzado,1,365,42,1,0,0,Trujillo,activo,no,no,1
CL-00712,1791,2,33,anual,52.44,1357.2,transferencia,1,avanzado,0,365,28,0,0,1,Lima,activo,si,no,1
CL-00713,1926,2,36,enterprise,412.89,11898.54,tarjeta,0,avanzado,0,365,16,0,0,1,Cusco,activo,no,si,0
CL-00714,2097,4,55,enterprise,550.77,28515.73,tarjeta,0,basico,0,365,21,0,0,3,Lima,activo,no,si,0
CL-00715,1292,3,42,enterprise,318.75,12552.27,transferencia,1,basico,1,365,23,1,0,2,Lima,activo,no,no,0
CL-00716,907,43,43,mensual,74.56,3190.79,factura,0,avanzado,0,30,35,0,0,42,Trujillo,inactivo,no,no,1
CL-00717,1770,3,40,anual,122.73,4703.67,transferencia,1,avanzado,0,365,5,1,1,2,Arequipa,activo,no,no,1
CL-00718,1991,27,27,mensual,136.29,2989.14,tarjeta,1,premium,0,30,27,0,0,26,Chiclayo,activo,no,si,1
CL-00719,408,1,14,anual,166.56,1797.9,transferencia,1,premium,1,365,24,1,0,0,Arequipa,activo,si,si,1
CL-00720,1709,3,39,enterprise,313.74,10612.25,transferencia,1,avanzado,1,365,36,1,0,2,Arequipa,activo,si,no,1
CL-00721,516,24,24,mensual,156.85,3242.59,yape,1,avanzado,0,30,17,0,0,23,Lima,activo,no,no,1
CL-00722,900,72,72,mensual,159.91,11285.84,transferencia,1,avanzado,0,30,17,0,0,71,Piura,activo,si,si,1
CL-00723,2284,65,65,mensual,60.05,3713.73,factura,0,premium,1,30,37,0,0,64,Lima,activo,si,no,1
CL-00724,700,3,47,enterprise,279.39,13284.45,transferencia,0,avanzado,0,365,39,1,0,2,Lima,activo,no,no,1
CL-00725,1832,41,41,mensual,94.97,3509.37,tarjeta,0,avanzado,1,30,38,0,0,40,Arequipa,activo,si,si,1
CL-00726,1821,30,30,mensual,113.03,2836.86,tarjeta,0,avanzado,0,30,39,0,0,29,Chiclayo,activo,no,no,1
CL-00727,537,1,1,mensual,172.58,155.54,transferencia,0,premium,0,30,5,0,1,0,Lima,activo,si,si,0
CL-00728,2104,27,27,mensual,166.92,3671.5,yape,1,avanzado,0,30,30,0,0,26,Trujillo,activo,si,no,1
CL-00729,1730,34,34,mensual,224.57,5865.19,transferencia,1,basico,1,30,31,0,0,33,Trujillo,activo,si,si,1
CL-00730,226,38,38,mensual,113.31,3874.79,yape,0,avanzado,0,30,12,0,1,37,Lima,activo,si,no,1
CL-00731,2065,43,43,mensual,134.2,5043.97,tarjeta,1,basico,0,30,21,0,0,42,Lima,activo,si,no,1
CL-00732,1177,54,54,mensual,81.54,3344.94,tarjeta,1,basico,0,30,45,0,0,53,Lima,activo,no,si,1
CL-00733,1342,15,15,mensual,28.59,414.43,tarjeta,1,avanzado,0,30,7,0,1,14,Lima,inactivo,no,no,1
CL-00734,686,15,15,mensual,206.64,2923.87,transferencia,1,avanzado,0,30,37,0,0,14,Lima,activo,si,no,1
CL-00735,461,68,68,mensual,80.85,4245.07,transferencia,1,premium,0,30,15,0,0,67,Lima,activo,no,no,1
CL-00736,285,4,51,anual,214.81,10550.04,factura,1,premium,1,365,39,1,0,3,Trujillo,activo,no,no,1
CL-00737,29,22,22,mensual,129.76,2211.97,transferencia,0,avanzado,0,30,25,0,0,21,Lima,activo,si,no,1
CL-00738,455,29,29,mensual,54.0,1417.7,transferencia,0,basico,0,30,1,0,1,28,Lima,activo,si,no,1
CL-00739,578,29,29,mensual,68.9,1871.57,yape,0,basico,1,30,5,0,0,28,Arequipa,suspendido,no,si,1
CL-00740,2031,33,33,mensual,161.58,4797.3,yape,1,premium,1,30,38,0,0,32,Lima,inactivo,no,no,1
CL-00741,409,43,43,mensual,129.96,5444.22,tarjeta,1,avanzado,1,30,36,0,0,42,Lima,activo,si,no,1
CL-00742,1705,72,72,mensual,74.1,4618.52,yape,1,basico,0,30,10,0,1,71,Arequipa,activo,si,no,1
CL-00743,1642,3,37,enterprise,290.71,8754.38,transferencia,1,avanzado,0,365,29,0,0,2,Trujillo,activo,no,si,0
CL-00744,2419,48,48,mensual,144.84,6228.74,transferencia,0,basico,0,30,23,0,0,47,Arequipa,activo,no,no,1
CL-00745,2387,1,1,mensual,174.46,148.76,factura,0,avanzado,1,30,3,0,1,0,Lima,activo,no,si,0
CL-00746,829,20,20,mensual,36.87,586.52,yape,1,premium,1,30,32,0,0,19,Piura,activo,si,no,1
CL-00747,649,62,62,mensual,212.2,11726.63,yape,1,avanzado,1,30,8,0,0,61,Piura,activo,no,si,1
CL-00748,2281,42,42,mensual,203.17,6915.51,yape,0,avanzado,0,30,19,0,0,41,Lima,activo,si,si,1
CL-00749,787,1,1,enterprise,218.21,194.44,transferencia,0,basico,1,365,1,0,0,0,Trujillo,activo,no,no,1
CL-00750,220,3,48,enterprise,128.97,5743.34,tarjeta,1,basico,1,365,11,1,1,2,Trujillo,activo,si,si,1
CL-00751,2492,72,72,mensual,169.6,12023.87,transferencia,0,basico,1,30,43,0,0,71,Lima,activo,si,no,1
CL-00752,2183,1,1,mensual,152.55,153.46,yape,0,avanzado,1,30,23,0,0,0,Lima,activo,no,no,0
CL-00753,2136,69,69,mensual,35.37,2319.6,tarjeta,0,basico,1,30,33,0,0,68,Lima,activo,no,si,1
CL-00754,126,1,1,mensual,91.39,93.04,factura,1,avanzado,0,30,14,0,1,0,Lima,activo,si,no,0
CL-00755,592,4,55,anual,459.86,23201.56,tarjeta,0,basico,1,365,2,0,1,3,Lima,activo,si,no,1
CL-00756,444,32,32,mensual,96.67,2979.38,transferencia,1,avanzado,0,30,28,0,0,31,Lima,activo,no,si,1
CL-00757,1102,1,1,mensual,91.98,90.24,tarjeta,0,basico,1,30,11,0,1,0,Lima,activo,no,si,0
CL-00758,2008,3,43,enterprise,184.84,7927.88,yape,0,avanzado,0,365,5,1,1,2,Cusco,activo,si,no,1
CL-00759,1903,60,60,mensual,188.46,11031.19,transferencia,0,avanzado,1,30,23,0,0,59,Arequipa,activo,no,si,1
CL-00760,2338,41,41,mensual,164.59,6888.04,transferencia,0,basico,0,30,19,0,0,40,Arequipa,activo,no,no,1
CL-00761,1267,3,46,anual,340.7,13977.35,tarjeta,1,avanzado,0,365,6,1,1,2,Lima,activo,no,no,1
CL-00762,1478,22,22,mensual,121.49,2769.12,transferencia,1,avanzado,1,30,27,0,0,21,Trujillo,activo,no,no,1
CL-00763,2092,1,1,mensual,179.57,156.24,tarjeta,1,avanzado,1,30,21,0,0,0,Lima,activo,no,no,0
CL-00764,2151,49,49,mensual,77.48,2927.33,tarjeta,1,premium,1,30,45,0,0,48,Lima,inactivo,no,no,1
CL-00765,2321,5,72,enterprise,377.82,21888.51,tarjeta,0,avanzado,1,365,5,1,1,4,Chiclayo,activo,si,no,1
CL-00766,308,60,60,mensual,133.67,7358.37,yape,0,avanzado,0,30,23,0,0,59,Lima,activo,si,no,1
CL-00767,115,1,1,mensual,166.78,125.81,tarjeta,0,premium,0,30,36,0,0,0,Lima,inactivo,no,si,0
CL-00768,2160,1,1,mensual,104.28,83.13,tarjeta,0,premium,0,30,20,0,0,0,Lima,activo,si,si,0
CL-00769,1796,11,11,mensual,89.68,850.57,tarjeta,0,premium,0,30,10,0,0,10,Chiclayo,activo,si,si,1
CL-00770,711,1,1,anual,174.81,163.85,yape,0,avanzado,0,365,45,1,0,0,Lima,inactivo,no,no,0
CL-00771,2258,33,33,mensual,40.09,1057.93,transferencia,0,premium,0,30,15,0,0,32,Trujillo,activo,no,si,1
CL-00772,2349,3,42,anual,56.01,2170.01,tarjeta,0,basico,1,365,42,1,0,2,Trujillo,activo,si,no,1
CL-00773,2311,1,1,anual,314.18,298.14,tarjeta,0,premium,0,365,38,1,0,0,Piura,activo,si,no,1
CL-00774,1067,4,51,enterprise,187.75,9375.11,tarjeta,0,basico,1,365,31,1,0,3,Piura,activo,no,no,1
CL-00775,1762,47,47,mensual,108.99,4856.89,yape,0,basico,1,30,35,0,0,46,Lima,activo,no,no,1
CL-00776,1951,1,18,enterprise,327.9,4869.46,factura,0,basico,1,365,25,1,0,0,Lima,activo,si,si,1
CL-00777,363,2,28,anual,291.96,8577.15,yape,0,avanzado,1,365,31,0,0,1,Piura,activo,no,no,0
CL-00778,1743,1,1,mensual,165.03,167.75,transferencia,1,avanzado,1,30,13,0,1,0,Lima,activo,no,no,0
CL-00779,666,1,24,enterprise,463.43,9588.06,transferencia,1,avanzado,1,365,3,1,1,0,Piura,activo,si,no,0
CL-00780,42,2,32,enterprise,318.91,7743.21,tarjeta,0,avanzado,0,365,29,1,0,1,Lima,activo,no,no,1
CL-00781,2265,36,36,mensual,132.77,4342.91,yape,0,avanzado,0,30,37,0,0,35,Lima,activo,si,si,1
CL-00782,539,3,41,enterprise,337.51,13970.16,yape,0,premium,1,365,38,1,0,2,Lima,suspendido,no,si,1
CL-00783,1167,38,38,mensual,53.85,2039.31,factura,0,avanzado,0,30,35,0,0,37,Chiclayo,activo,si,si,1
CL-00784,1419,2,25,anual,213.88,5450.02,factura,0,avanzado,1,365,45,0,0,1,Lima,inactivo,si,no,0
CL-00785,1760,3,39,enterprise,86.86,3525.94,yape,0,premium,0,365,27,1,0,2,Arequipa,activo,si,no,1
CL-00786,559,56,56,mensual,75.8,4091.6,tarjeta,0,basico,1,30,8,0,0,55,Trujillo,activo,si,no,1
CL-00787,925,2,30,enterprise,231.92,5557.17,factura,0,avanzado,0,365,10,1,1,1,Lima,activo,no,no,0
CL-00788,1975,40,40,mensual,65.05,1979.92,tarjeta,1,basico,1,30,13,0,1,39,Lima,activo,si,no,1
CL-00789,1969,2,27,enterprise,212.33,4560.08,tarjeta,0,avanzado,1,365,44,1,0,1,Lima,activo,no,si,0
CL-00790,2050,1,16,anual,295.03,3825.15,yape,0,avanzado,1,365,40,1,0,0,Lima,activo,no,no,0
CL-00791,1328,45,45,mensual,143.14,4949.61,transferencia,1,basico,0,30,33,0,0,44,Chiclayo,activo,si,si,1
CL-00792,53,18,18,mensual,95.71,1526.44,tarjeta,0,basico,1,30,39,0,0,17,Lima,activo,si,no,1
CL-00793,2236,41,41,mensual,90.78,3666.76,transferencia,0,avanzado,0,30,16,0,0,40,Lima,activo,si,no,1
CL-00794,1508,33,33,mensual,40.88,1013.5,yape,0,avanzado,0,30,33,0,0,32,Lima,activo,no,no,1
CL-00795,989,24,24,mensual,138.99,3306.03,tarjeta,1,avanzado,1,30,8,0,0,23,Trujillo,activo,si,no,1
CL-00796,2479,24,24,mensual,116.7,2878.08,transferencia,1,basico,0,30,5,0,1,23,Trujillo,activo,no,no,1
CL-00797,2282,19,19,mensual,34.81,526.2,tarjeta,1,basico,0,30,29,0,0,18,Lima,activo,no,no,1
CL-00798,1330,1,1,mensual,120.11,90.85,transferencia,1,basico,1,30,32,0,0,0,Lima,activo,no,no,0
CL-00799,1668,3,41,anual,226.22,8290.1,tarjeta,1,avanzado,0,365,27,1,0,2,Cusco,activo,no,si,1
CL-00800,2116,3,38,anual,224.95,8638.36,yape,0,avanzado,0,365,22,0,0,2,Chiclayo,activo,si,no,0
CL-00801,205,4,53,anual,153.49,7899.46,tarjeta,1,premium,1,365,28,1,0,3,Arequipa,suspendido,no,si,1
CL-00802,277,19,19,mensual,105.73,1527.56,transferencia,1,avanzado,1,30,17,0,0,18,Lima,activo,no,no,1
CL-00803,364,5,72,enterprise,546.37,37449.57,yape,0,basico,0,365,14,1,1,4,Piura,activo,no,si,1
CL-00804,1823,1,23,anual,211.02,4830.76,tarjeta,0,basico,0,365,12,1,1,0,Lima,activo,si,no,1
CL-00805,1631,10,10,mensual,170.07,1413.82,yape,0,avanzado,1,30,17,0,0,9,Cusco,inactivo,si,no,0
CL-00806,516,7,7,mensual,84.38,558.78,tarjeta,0,avanzado,1,30,15,0,0,6,Lima,activo,si,no,0
CL-00807,1560,1,1,anual,227.93,204.72,transferencia,1,avanzado,1,365,8,0,1,0,Piura,activo,si,si,0
CL-00808,706,70,70,mensual,44.37,2521.02,yape,1,avanzado,0,30,25,0,0,69,Lima,activo,no,si,1
CL-00809,1653,66,66,mensual,101.31,6823.22,factura,0,basico,1,30,19,0,0,65,Trujillo,activo,no,si,1
CL-00810,1239,3,47,enterprise,150.74,5787.57,factura,0,premium,1,365,8,1,1,2,Lima,activo,no,no,1
CL-00811,1190,10,10,mensual,80.96,811.33,factura,0,basico,0,30,41,0,0,9,Lima,activo,no,no,0
CL-00812,2348,72,72,mensual,184.9,12786.9,tarjeta,0,basico,1,30,23,0,0,71,Lima,activo,no,no,1
CL-00813,1945,1,23,enterprise,195.57,3671.68,transferencia,0,avanzado,0,365,7,1,1,0,Piura,activo,si,si,1
CL-00814,1703,2,25,anual,245.22,5906.11,yape,1,avanzado,0,365,3,1,1,1,Lima,activo,si,si,0
CL-00815,2014,67,67,mensual,187.26,9507.7,yape,1,avanzado,1,30,4,0,1,66,Lima,activo,si,si,1
CL-00816,2308,3,48,enterprise,269.78,10629.96,transferencia,0,avanzado,0,365,19,0,0,2,Lima,activo,si,no,0
CL-00817,1007,5,72,enterprise,368.36,22162.29,tarjeta,0,avanzado,1,365,11,1,1,4,Lima,activo,no,no,1
CL-00818,1846,38,38,mensual,123.68,4778.6,transferencia,1,premium,1,30,44,0,0,37,Lima,activo,no,no,1
CL-00819,1482,1,22,anual,164.58,3709.89,yape,1,avanzado,1,365,22,0,0,0,Lima,activo,si,si,0
CL-00820,1882,17,17,mensual,141.94,2005.9,yape,1,avanzado,0,30,34,0,0,16,Arequipa,activo,no,si,1
CL-00821,2157,1,1,mensual,170.93,152.54,tarjeta,0,basico,1,30,12,0,0,0,Lima,activo,no,no,0
CL-00822,2142,2,25,anual,153.07,3996.99,tarjeta,0,avanzado,1,365,4,1,0,1,Cusco,activo,si,no,1
CL-00823,1349,60,60,mensual,62.58,3566.28,factura,0,avanzado,0,30,16,0,0,59,Trujillo,activo,no,no,1
CL-00824,819,3,47,anual,112.92,4091.42,transferencia,0,basico,1,365,31,1,0,2,Arequipa,activo,si,no,1
CL-00825,666,2,32,enterprise,437.64,12147.9,yape,0,basico,0,365,35,1,0,1,Lima,activo,si,si,1
CL-00826,1977,7,7,mensual,191.07,1172.22,factura,1,premium,1,30,9,0,1,6,Cusco,activo,no,no,0
CL-00827,1405,3,37,anual,115.97,3612.58,factura,1,premium,1,365,14,1,0,2,Chiclayo,activo,no,no,1
CL-00828,2107,57,57,mensual,26.63,1375.19,transferencia,1,premium,1,30,22,0,0,56,Trujillo,activo,no,si,1
CL-00829,1167,3,42,enterprise,184.18,7509.73,yape,0,avanzado,1,365,16,1,0,2,Cusco,inactivo,si,no,1
CL-00830,1851,36,36,mensual,120.37,4148.94,transferencia,0,basico,1,30,14,0,0,35,Lima,activo,si,si,1
CL-00831,680,1,12,anual,179.18,1839.39,tarjeta,0,basico,0,365,45,1,0,0,Lima,activo,no,si,0
CL-00832,1705,4,53,anual,191.89,9875.15,transferencia,0,avanzado,1,365,43,1,0,3,Lima,activo,si,no,1
CL-00833,390,1,1,mensual,96.09,87.46,transferencia,0,premium,1,30,17,0,0,0,Lima,activo,si,no,0
CL-00834,471,3,41,anual,245.88,9888.07,tarjeta,0,avanzado,1,365,3,1,1,2,Lima,activo,no,no,1
CL-00835,2117,5,72,anual,250.27,14130.24,transferencia,0,avanzado,1,365,17,1,0,4,Lima,activo,no,no,1
CL-00836,2395,1,1,anual,251.36,219.04,transferencia,0,premium,1,365,40,1,0,0,Trujillo,activo,si,si,0
CL-00837,1079,2,26,anual,184.33,4161.85,yape,1,basico,1,365,41,0,0,1,Chiclayo,activo,no,no,1
CL-00838,711,2,32,enterprise,302.72,8287.66,factura,0,basico,1,365,32,0,0,1,Lima,activo,si,no,0
CL-00839,2183,21,21,mensual,110.35,2223.29,yape,1,premium,0,30,31,0,0,20,Lima,activo,si,si,1
CL-00840,1040,57,57,mensual,70.64,3692.84,yape,1,avanzado,1,30,17,0,0,56,Lima,activo,no,no,1
CL-00841,1703,43,43,mensual,123.99,4615.9,tarjeta,0,avanzado,1,30,20,0,0,42,Arequipa,activo,si,no,1
CL-00842,175,2,36,enterprise,321.77,10551.5,transferencia,0,premium,1,365,40,1,0,1,Arequipa,activo,no,si,0
CL-00843,2034,51,51,mensual,216.94,10635.96,tarjeta,1,premium,1,30,10,0,1,50,Arequipa,activo,no,no,1
CL-00844,55,32,32,mensual,118.97,3626.35,transferencia,0,avanzado,1,30,19,0,0,31,Piura,activo,si,si,1
CL-00845,1887,72,72,mensual,50.93,3587.03,yape,0,avanzado,0,30,40,0,0,71,Piura,activo,no,no,1
CL-00846,423,2,36,enterprise,203.79,7376.37,factura,0,avanzado,1,365,32,1,0,1,Trujillo,activo,si,si,0
CL-00847,2288,37,37,mensual,84.98,3055.65,transferencia,1,premium,0,30,5,0,1,36,Lima,activo,no,no,1
CL-00848,1553,1,1,anual,242.26,194.79,transferencia,0,basico,1,365,36,0,0,0,Lima,activo,no,si,0
CL-00849,1285,19,19,mensual,89.47,1706.68,tarjeta,0,avanzado,0,30,4,0,1,18,Lima,activo,no,no,1
CL-00850,737,4,60,enterprise,146.09,7447.14,yape,1,premium,1,365,13,1,0,3,Cusco,activo,si,si,1
CL-00851,599,1,1,mensual,67.01,63.65,tarjeta,0,basico,0,30,42,0,0,0,Piura,activo,no,no,0
CL-00852,2198,1,1,mensual,35.68,37.37,transferencia,1,avanzado,1,30,4,0,1,0,Trujillo,activo,no,si,0
CL-00853,946,2,33,enterprise,95.8,2650.49,tarjeta,1,basico,1,365,9,1,0,1,Piura,activo,no,si,1
CL-00854,51,5,66,enterprise,248.6,13635.75,tarjeta,1,basico,1,365,40,1,0,4,Lima,activo,no,si,1
CL-00855,220,33,33,mensual,227.82,6049.4,yape,0,basico,0,30,31,0,0,32,Trujillo,activo,no,no,1
CL-00856,490,24,24,mensual,224.46,5630.66,transferencia,1,avanzado,1,30,11,0,1,23,Lima,activo,si,no,1
CL-00857,2309,1,1,anual,79.1,69.46,yape,0,basico,1,365,16,1,0,0,Trujillo,activo,si,no,0
CL-00858,204,3,43,enterprise,295.73,12527.67,factura,0,avanzado,0,365,42,1,0,2,Lima,activo,no,no,1
CL-00859,1786,48,48,mensual,40.49,1486.35,transferencia,1,basico,0,30,28,0,0,47,Trujillo,inactivo,si,no,1
CL-00860,256,1,1,mensual,52.98,42.6,yape,0,basico,1,30,15,0,0,0,Piura,activo,no,si,0
CL-00861,79,4,60,anual,74.39,3432.16,tarjeta,1,basico,1,365,7,1,1,3,Lima,activo,no,no,1
CL-00862,595,4,51,anual,134.0,6797.71,transferencia,1,avanzado,1,365,19,0,0,3,Piura,activo,si,no,1
CL-00863,211,4,60,enterprise,287.21,13475.31,yape,1,basico,1,365,15,1,0,3,Lima,activo,no,si,1
CL-00864,2162,3,46,anual,191.64,9053.0,factura,0,avanzado,1,365,20,1,0,2,Trujillo,inactivo,no,no,1
CL-00865,2319,48,48,mensual,181.39,8263.79,transferencia,0,premium,0,30,3,0,1,47,Lima,activo,si,no,1
CL-00866,2139,3,45,enterprise,204.75,9424.39,yape,1,avanzado,1,365,22,1,0,2,Lima,activo,si,no,1
CL-00867,1373,4,53,enterprise,271.64,12563.58,yape,0,avanzado,0,365,12,1,1,3,Trujillo,activo,no,no,1
CL-00868,818,1,1,enterprise,162.2,147.23,tarjeta,0,avanzado,1,365,44,1,0,0,Lima,activo,si,no,0
CL-00869,2470,1,1,mensual,53.41,40.5,transferencia,0,avanzado,1,30,13,0,1,0,Arequipa,activo,si,si,0
CL-00870,190,14,14,mensual,42.14,524.93,transferencia,0,avanzado,0,30,12,0,0,13,Lima,activo,si,no,1
CL-00871,822,2,29,anual,269.8,7254.72,tarjeta,0,basico,0,365,14,1,0,1,Lima,activo,no,no,0
CL-00872,1707,41,41,mensual,89.35,2858.06,transferencia,1,premium,0,30,28,0,0,40,Lima,activo,no,no,1
CL-00873,781,3,40,enterprise,76.98,3215.83,factura,1,premium,0,365,33,1,0,2,Trujillo,activo,no,si,1
CL-00874,1741,59,59,mensual,89.48,3966.44,yape,0,avanzado,0,30,14,0,0,58,Lima,activo,si,no,1
CL-00875,2182,4,60,anual,76.63,3817.26,tarjeta,0,avanzado,0,365,32,1,0,3,Lima,activo,si,no,1
CL-00876,2310,1,10,enterprise,568.16,5310.51,tarjeta,0,avanzado,0,365,6,1,0,0,Lima,inactivo,no,no,0
CL-00877,298,38,38,mensual,96.32,3291.55,tarjeta,0,basico,0,30,9,0,1,37,Lima,activo,no,no,1
CL-00878,2297,11,11,mensual,179.65,1623.92,tarjeta,0,basico,1,30,13,0,1,10,Lima,activo,si,si,0
CL-00879,2425,2,27,anual,279.74,7900.61,tarjeta,0,basico,1,365,32,1,0,1,Arequipa,activo,no,no,1
CL-00880,647,3,40,anual,99.35,3205.68,yape,0,avanzado,0,365,25,1,0,2,Cusco,inactivo,no,si,1
CL-00881,70,1,1,mensual,118.27,108.87,transferencia,1,avanzado,1,30,21,0,0,0,Lima,activo,no,no,0
CL-00882,2211,5,72,anual,266.08,15034.34,yape,0,avanzado,1,365,28,0,0,4,Lima,activo,si,no,1
CL-00883,2276,3,46,enterprise,369.66,13039.66,yape,1,basico,1,365,9,1,1,2,Piura,activo,no,no,1
CL-00884,1328,17,17,mensual,126.32,1924.88,tarjeta,0,premium,1,30,12,0,1,16,Piura,activo,si,no,1
CL-00885,705,72,72,mensual,38.6,2755.33,factura,1,avanzado,1,30,32,0,0,71,Chiclayo,activo,no,no,1
CL-00886,2287,23,23,mensual,140.66,2942.05,factura,1,premium,1,30,45,0,0,22,Trujillo,activo,no,no,1
CL-00887,1968,35,35,mensual,98.68,2894.59,tarjeta,0,avanzado,1,30,1,0,0,34,Lima,activo,no,no,1
CL-00888,1688,20,20,mensual,157.84,2383.44,tarjeta,1,avanzado,1,30,17,0,0,19,Lima,activo,si,no,1
CL-00889,1205,72,72,mensual,145.35,10801.76,yape,1,avanzado,0,30,40,0,0,71,Lima,activo,si,no,1
CL-00890,1161,2,29,anual,199.2,4699.8,transferencia,1,basico,1,365,38,1,0,1,Lima,activo,no,no,1
CL-00891,2285,36,36,mensual,162.18,5385.25,factura,0,basico,0,30,12,0,1,35,Lima,activo,si,si,1
CL-00892,1445,5,61,enterprise,325.81,14998.38,tarjeta,1,avanzado,1,365,2,1,1,4,Lima,activo,si,no,1
CL-00893,915,46,46,mensual,144.68,5185.54,yape,0,avanzado,1,30,26,0,0,45,Lima,inactivo,no,si,1
CL-00894,588,31,31,mensual,171.17,4250.59,transferencia,0,avanzado,1,30,32,0,0,30,Chiclayo,activo,si,no,1
CL-00895,1357,4,59,anual,173.88,8039.86,transferencia,1,basico,0,365,12,1,1,3,Lima,activo,si,si,1
CL-00896,1422,5,72,enterprise,246.53,16138.91,tarjeta,1,avanzado,1,365,14,0,1,4,Lima,activo,no,no,1
CL-00897,1913,40,40,mensual,146.11,5079.46,transferencia,1,avanzado,1,30,31,0,0,39,Lima,activo,si,si,1
CL-00898,677,35,35,mensual,73.66,2553.31,transferencia,0,avanzado,0,30,25,0,0,34,Arequipa,activo,no,no,1
CL-00899,2061,36,36,mensual,38.34,1083.3,tarjeta,0,premium,1,30,13,0,1,35,Lima,activo,no,no,1
CL-00900,1104,64,64,mensual,127.22,7159.5,yape,0,basico,0,30,38,0,0,63,Arequipa,activo,no,si,1
CL-00901,1643,17,17,mensual,87.19,1302.1,tarjeta,1,avanzado,1,30,41,0,0,16,Arequipa,activo,si,no,1
CL-00902,743,25,25,mensual,45.02,922.06,tarjeta,1,avanzado,0,30,33,0,0,24,Piura,activo,si,si,1
CL-00903,1231,1,1,mensual,119.21,92.84,tarjeta,0,avanzado,1,30,43,0,0,0,Lima,activo,no,si,0
CL-00904,1108,3,3,mensual,183.54,414.73,yape,0,premium,1,30,17,0,0,2,Lima,activo,no,si,0
CL-00905,1784,1,19,enterprise,92.53,1328.48,tarjeta,1,avanzado,1,365,5,0,1,0,Trujillo,activo,si,no,1
CL-00906,2148,2,30,anual,275.73,7193.14,factura,0,premium,0,365,33,1,0,1,Arequipa,activo,si,no,1
CL-00907,1229,72,72,mensual,37.66,2077.79,yape,0,basico,1,30,26,0,0,71,Arequipa,activo,si,no,1
CL-00908,1418,45,45,mensual,84.52,3302.75,factura,1,premium,0,30,19,0,0,44,Arequipa,activo,no,si,1
CL-00909,1771,9,9,mensual,253.46,2010.19,tarjeta,0,avanzado,1,30,12,0,1,8,Piura,activo,no,si,0
CL-00910,123,14,14,mensual,116.71,1443.78,transferencia,1,basico,0,30,3,0,1,13,Lima,activo,no,no,1
CL-00911,1455,5,66,enterprise,257.45,13720.74,factura,1,avanzado,1,365,8,0,0,4,Chiclayo,activo,no,si,1
CL-00912,1744,4,60,enterprise,374.04,20189.51,factura,0,avanzado,1,365,30,1,0,3,Lima,activo,no,no,1
CL-00913,678,2,33,enterprise,81.69,2339.11,yape,0,premium,1,365,11,1,1,1,Lima,activo,si,no,1
CL-00914,1654,1,21,enterprise,249.51,5485.23,factura,1,basico,0,365,43,1,0,0,Lima,activo,si,no,0
CL-00915,205,4,59,enterprise,352.57,15884.35,tarjeta,0,avanzado,0,365,22,1,0,3,Cusco,inactivo,no,no,1
CL-00916,224,1,7,enterprise,586.57,3145.86,tarjeta,1,avanzado,0,365,4,1,1,0,Arequipa,activo,si,si,0
CL-00917,501,41,41,mensual,40.24,1645.48,transferencia,0,basico,1,30,30,0,0,40,Lima,activo,no,no,1
CL-00918,780,72,72,mensual,100.43,6000.29,tarjeta,1,premium,1,30,31,0,0,71,Piura,activo,si,no,1
CL-00919,1924,37,37,mensual,75.27,2242.3,factura,1,avanzado,1,30,9,0,1,36,Chiclayo,activo,si,no,1
CL-00920,634,1,13,anual,106.86,1406.33,tarjeta,0,avanzado,1,365,38,0,0,0,Arequipa,activo,si,no,1
CL-00921,1350,42,42,mensual,211.86,8095.68,tarjeta,1,premium,0,30,34,0,0,41,Lima,activo,no,no,1
CL-00922,1151,1,20,enterprise,276.75,5173.77,tarjeta,1,premium,1,365,27,0,0,0,Arequipa,activo,no,si,0
CL-00923,256,1,1,anual,157.6,118.58,yape,0,premium,0,365,6,1,0,0,Arequipa,activo,si,no,1
CL-00924,955,49,49,mensual,84.88,3444.69,tarjeta,1,basico,0,30,22,0,0,48,Lima,activo,si,si,1
CL-00925,1796,59,59,mensual,69.54,3396.19,yape,0,premium,0,30,44,0,0,58,Lima,activo,si,no,1
CL-00926,2069,24,24,mensual,107.68,2528.16,factura,0,basico,1,30,11,0,1,23,Arequipa,activo,si,si,1
CL-00927,1385,23,23,mensual,53.28,1060.82,transferencia,1,avanzado,1,30,43,0,0,22,Piura,activo,si,no,1
CL-00928,977,1,8,enterprise,294.13,2172.4,tarjeta,1,premium,0,365,9,0,1,0,Lima,activo,si,no,0
CL-00929,707,2,28,anual,175.66,5063.92,tarjeta,1,basico,0,365,28,1,0,1,Lima,activo,no,no,1
CL-00930,296,1,18,anual,93.3,1755.65,tarjeta,1,basico,1,365,18,0,0,0,Piura,activo,no,no,0
CL-00931,88,7,7,mensual,149.05,822.37,tarjeta,0,premium,1,30,4,0,1,6,Trujillo,activo,no,no,0
CL-00932,710,72,72,mensual,153.91,10159.1,transferencia,0,basico,0,30,29,0,0,71,Arequipa,activo,no,no,1
CL-00933,1673,43,43,mensual,95.62,3946.14,transferencia,0,basico,0,30,22,0,0,42,Lima,activo,si,no,1
CL-00934,350,3,46,enterprise,295.77,13396.11,tarjeta,0,basico,1,365,15,0,0,2,Chiclayo,activo,no,si,0
CL-00935,1156,4,54,enterprise,518.14,28707.94,yape,0,avanzado,1,365,11,1,1,3,Trujillo,activo,si,si,1
CL-00936,814,51,51,mensual,182.9,9034.08,transferencia,1,avanzado,1,30,22,0,0,50,Lima,activo,no,no,1
CL-00937,869,1,22,enterprise,124.03,2611.27,transferencia,0,avanzado,1,365,5,1,1,0,Lima,activo,no,no,0
CL-00938,2128,39,39,mensual,69.9,2088.82,yape,1,premium,1,30,27,0,0,38,Trujillo,activo,si,no,1
CL-00939,816,2,25,enterprise,122.82,2804.74,factura,1,avanzado,0,365,5,1,0,1,Lima,activo,si,si,0
CL-00940,1332,43,43,mensual,208.47,8333.4,yape,0,avanzado,1,30,10,0,0,42,Lima,activo,si,no,1
CL-00941,1290,40,40,mensual,81.28,3117.74,tarjeta,0,basico,1,30,23,0,0,39,Cusco,activo,no,si,1
CL-00942,896,1,22,enterprise,317.12,6453.45,transferencia,0,premium,1,365,34,0,0,0,Piura,activo,si,si,0
CL-00943,1603,1,1,mensual,180.19,157.28,transferencia,0,basico,0,30,18,0,0,0,Lima,activo,no,si,0
CL-00944,2241,35,35,mensual,141.22,4429.83,tarjeta,0,premium,1,30,29,0,0,34,Lima,activo,no,no,1
CL-00945,1080,27,27,mensual,174.15,4891.05,factura,0,basico,0,30,42,0,0,26,Lima,activo,si,si,1
CL-00946,1147,1,1,mensual,143.52,121.81,tarjeta,1,premium,1,30,27,0,0,0,Trujillo,suspendido,si,no,0
CL-00947,2146,3,44,anual,131.58,5704.63,yape,0,premium,1,365,34,0,0,2,Lima,activo,no,si,1
CL-00948,1830,4,56,enterprise,524.98,27406.58,factura,0,basico,1,365,22,1,0,3,Trujillo,activo,si,no,1
CL-00949,1135,5,72,enterprise,157.73,10029.54,tarjeta,0,basico,0,365,12,1,1,4,Chiclayo,activo,no,si,1
CL-00950,506,22,22,mensual,162.69,3129.26,transferencia,0,basico,0,30,17,0,0,21,Lima,activo,no,no,1
CL-00951,1871,19,19,mensual,77.11,1334.94,tarjeta,0,basico,0,30,16,0,0,18,Cusco,activo,no,si,1
CL-00952,922,5,5,mensual,80.49,398.4,yape,0,avanzado,0,30,25,0,0,4,Lima,activo,no,si,0
CL-00953,1584,37,37,mensual,59.09,1719.87,yape,1,basico,0,30,7,0,1,36,Lima,activo,si,si,1
CL-00954,1268,37,37,mensual,60.84,2303.3,factura,1,basico,0,30,35,0,0,36,Arequipa,activo,no,si,1
CL-00955,1384,1,12,enterprise,193.47,2280.42,tarjeta,1,avanzado,1,365,7,0,1,0,Trujillo,activo,si,no,0
CL-00956,1281,2,28,enterprise,93.28,2232.36,yape,1,basico,1,365,32,1,0,1,Lima,activo,no,no,1
CL-00957,1685,1,1,enterprise,229.31,172.68,transferencia,0,avanzado,0,365,22,0,0,0,Trujillo,inactivo,si,no,0
CL-00958,2003,55,55,mensual,106.92,4596.09,transferencia,1,basico,1,30,34,0,0,54,Cusco,activo,si,si,1
CL-00959,1934,13,13,mensual,146.78,1513.76,factura,0,basico,0,30,8,0,1,12,Lima,activo,si,si,1
CL-00960,1448,31,31,mensual,147.87,3580.42,factura,0,basico,1,30,10,0,1,30,Piura,activo,no,no,1
CL-00961,400,1,1,mensual,60.86,47.52,yape,0,basico,1,30,12,0,1,0,Trujillo,activo,no,si,0
CL-00962,2244,18,18,mensual,101.39,1894.45,tarjeta,1,basico,1,30,36,0,0,17,Chiclayo,activo,si,no,1
CL-00963,1416,25,25,mensual,103.98,2463.13,tarjeta,1,basico,0,30,12,0,0,24,Cusco,activo,si,si,1
CL-00964,2292,32,32,mensual,171.51,5467.42,tarjeta,1,basico,0,30,16,0,0,31,Cusco,activo,no,no,1
CL-00965,2328,3,44,enterprise,173.96,7033.05,tarjeta,1,avanzado,0,365,7,1,1,2,Lima,inactivo,si,si,1
CL-00966,1084,67,67,mensual,84.72,5312.08,yape,0,avanzado,1,30,11,0,1,66,Lima,activo,no,no,1
CL-00967,970,4,50,enterprise,121.15,6144.12,tarjeta,1,avanzado,0,365,39,0,0,3,Lima,activo,no,si,1
CL-00968,1708,56,56,mensual,38.97,1808.25,tarjeta,0,premium,1,30,6,0,1,55,Cusco,activo,si,no,1
CL-00969,379,5,67,anual,239.04,15348.75,tarjeta,0,avanzado,0,365,42,1,0,4,Trujillo,activo,no,no,1
CL-00970,1961,46,46,mensual,135.46,6354.49,tarjeta,0,basico,1,30,38,0,0,45,Arequipa,activo,si,si,1
CL-00971,2030,31,31,mensual,191.95,6134.25,tarjeta,0,avanzado,0,30,43,0,0,30,Lima,activo,no,si,1
CL-00972,911,57,57,mensual,152.9,7697.48,tarjeta,1,avanzado,0,30,29,0,0,56,Lima,activo,no,si,1
CL-00973,891,58,58,mensual,248.46,14511.75,transferencia,1,avanzado,0,30,31,0,0,57,Lima,activo,no,no,1
CL-00974,708,3,48,enterprise,274.25,11862.84,tarjeta,1,basico,0,365,38,0,0,2,Trujillo,activo,si,no,1
CL-00975,633,1,1,mensual,117.2,96.97,tarjeta,1,avanzado,0,30,32,0,0,0,Lima,inactivo,no,no,0
CL-00976,2196,1,11,anual,83.66,759.48,transferencia,0,basico,0,365,26,1,0,0,Lima,activo,no,no,1
CL-00977,2279,25,25,mensual,149.92,3318.97,transferencia,1,basico,1,30,19,0,0,24,Lima,activo,no,no,1
CL-00978,1484,51,51,mensual,149.47,6306.99,tarjeta,0,avanzado,0,30,39,0,0,50,Piura,activo,no,no,1
CL-00979,991,31,31,mensual,178.47,4199.19,factura,0,premium,0,30,15,0,0,30,Lima,activo,no,si,1
CL-00980,473,60,60,mensual,48.59,2278.86,tarjeta,1,premium,0,30,26,0,0,59,Chiclayo,activo,si,si,1
CL-00981,193,5,64,enterprise,390.8,25130.4,factura,1,premium,1,365,3,0,1,4,Lima,activo,no,no,1
CL-00982,1445,5,61,enterprise,276.97,17144.42,factura,1,avanzado,0,365,30,1,0,4,Lima,activo,si,no,1
CL-00983,1193,5,61,anual,171.64,10594.77,factura,0,avanzado,1,365,6,1,1,4,Arequipa,activo,si,no,1
CL-00984,556,6,6,mensual,68.37,375.81,factura,1,basico,0,30,3,0,1,5,Lima,activo,si,no,0
CL-00985,176,44,44,mensual,175.0,7935.35,yape,0,avanzado,0,30,14,0,0,43,Lima,inactivo,si,si,1
CL-00986,1159,1,17,enterprise,510.25,7804.46,tarjeta,0,avanzado,0,365,31,1,0,0,Piura,activo,si,si,0
CL-00987,640,1,1,mensual,46.33,41.18,tarjeta,0,basico,0,30,38,0,0,0,Piura,activo,si,si,0
CL-00988,1699,25,25,mensual,179.09,3995.12,transferencia,0,basico,0,30,27,0,0,24,Cusco,activo,no,si,1
CL-00989,21,64,64,mensual,32.77,1732.84,transferencia,0,premium,0,30,30,0,0,63,Lima,activo,no,no,1
CL-00990,2076,3,43,enterprise,351.88,14132.98,yape,0,basico,1,365,11,0,1,2,Lima,activo,si,no,1
CL-00991,1318,5,72,anual,63.03,4014.84,tarjeta,0,basico,1,365,5,1,0,4,Lima,activo,no,no,1
CL-00992,1008,2,36,anual,112.03,4204.07,tarjeta,0,premium,1,365,6,1,1,1,Chiclayo,activo,no,no,1
CL-00993,1866,5,72,enterprise,135.3,7808.81,yape,0,basico,1,365,4,1,1,4,Cusco,inactivo,no,no,1
CL-00994,248,36,36,mensual,122.1,3397.85,transferencia,1,premium,0,30,16,0,0,35,Lima,activo,si,no,1
CL-00995,283,2,32,enterprise,437.87,11984.91,tarjeta,0,basico,1,365,34,1,0,1,Arequipa,activo,no,no,0
CL-00996,1937,1,1,mensual,29.42,23.97,tarjeta,0,basico,0,30,3,0,0,0,Cusco,activo,no,no,0
CL-00997,937,4,59,anual,171.96,10628.28,factura,1,basico,1,365,16,1,0,3,Lima,activo,si,si,1
CL-00998,1661,20,20,mensual,90.14,1654.2,yape,0,basico,1,30,28,0,0,19,Lima,activo,si,si,1
CL-00999,1989,1,16,enterprise,506.41,6951.31,tarjeta,1,avanzado,1,365,3,0,1,0,Lima,suspendido,no,no,0
CL-01000,1554,63,63,mensual,133.05,7902.88,yape,1,avanzado,1,30,25,0,0,62,Piura,activo,no,si,1
CL-01001,376,60,60,mensual,60.2,3199.99,tarjeta,0,avanzado,0,30,18,0,0,59,Lima,activo,no,si,1
CL-01002,772,60,60,mensual,77.82,3794.41,transferencia,0,avanzado,1,30,42,0,0,59,Lima,activo,si,si,1
CL-01003,380,23,23,mensual,218.82,4370.31,transferencia,0,basico,0,30,23,0,0,22,Chiclayo,activo,si,si,1
CL-01004,111,31,31,mensual,152.53,3952.52,transferencia,0,avanzado,0,30,24,0,0,30,Piura,activo,si,no,1
CL-01005,2372,2,30,anual,101.18,2857.15,tarjeta,0,basico,0,365,39,0,0,1,Arequipa,activo,no,no,1
CL-01006,1490,51,51,mensual,87.47,4438.53,transferencia,0,basico,1,30,33,0,0,50,Chiclayo,activo,no,si,1
CL-01007,551,5,70,enterprise,227.84,13217.94,yape,0,premium,0,365,25,0,0,4,Lima,activo,no,no,1
CL-01008,1943,41,41,mensual,92.08,3535.16,tarjeta,0,premium,1,30,30,0,0,40,Cusco,activo,no,no,1
CL-01009,209,5,72,anual,63.55,4404.22,transferencia,0,basico,1,365,19,1,0,4,Cusco,suspendido,no,si,1
CL-01010,759,54,54,mensual,91.34,4246.78,transferencia,0,basico,1,30,32,0,0,53,Arequipa,activo,si,si,1
CL-01011,797,2,26,anual,280.92,6546.22,factura,1,avanzado,0,365,14,0,0,1,Lima,activo,si,no,0
CL-01012,1710,4,52,anual,152.21,6788.19,yape,1,avanzado,0,365,15,1,0,3,Lima,activo,no,si,1
CL-01013,1776,72,72,mensual,130.13,8075.18,factura,1,premium,1,30,38,0,0,71,Trujillo,activo,si,no,1
CL-01014,323,5,72,enterprise,307.03,19538.86,transferencia,0,avanzado,0,365,19,1,0,4,Lima,activo,si,si,1
CL-01015,452,61,61,mensual,188.68,9652.16,tarjeta,0,basico,0,30,24,0,0,60,Lima,activo,si,no,1
CL-01016,1825,33,33,mensual,140.48,4156.03,tarjeta,0,avanzado,1,30,6,0,1,32,Piura,activo,no,no,1
CL-01017,2220,2,27,anual,270.61,7128.73,yape,1,basico,1,365,16,0,0,1,Cusco,activo,si,si,1
CL-01018,2135,3,46,enterprise,244.24,9755.27,yape,0,avanzado,1,365,30,1,0,2,Lima,activo,si,no,1
CL-01019,1304,72,72,mensual,87.7,6526.76,yape,1,avanzado,1,30,24,0,0,71,Lima,activo,si,no,1
CL-01020,973,43,43,mensual,133.79,4690.96,yape,1,premium,0,30,14,0,1,42,Lima,activo,no,no,1
CL-01021,1053,3,43,enterprise,157.5,5992.66,tarjeta,0,basico,1,365,2,1,1,2,Arequipa,activo,no,no,1
CL-01022,339,2,33,anual,154.24,4736.2,transferencia,0,avanzado,1,365,25,1,0,1,Trujillo,activo,no,no,1
CL-01023,1611,1,24,enterprise,402.56,8820.69,tarjeta,0,basico,1,365,16,1,0,0,Lima,activo,no,no,1
CL-01024,1214,28,28,mensual,59.42,1720.46,transferencia,1,premium,0,30,42,0,0,27,Piura,activo,si,no,1
CL-01025,402,2,35,anual,169.17,5016.81,yape,0,basico,0,365,2,0,1,1,Lima,activo,si,no,0
CL-01026,1461,72,72,mensual,139.33,8660.31,transferencia,0,basico,1,30,31,0,0,71,Chiclayo,activo,no,no,1
CL-01027,1953,2,26,enterprise,212.32,5126.75,transferencia,0,basico,0,365,18,1,0,1,Trujillo,activo,no,no,0
CL-01028,290,33,33,mensual,148.44,4550.28,tarjeta,1,avanzado,0,30,13,0,1,32,Cusco,activo,si,si,1
CL-01029,985,1,11,anual,172.95,1876.26,transferencia,1,basico,0,365,33,1,0,0,Arequipa,activo,no,no,1
CL-01030,487,49,49,mensual,116.41,5637.66,tarjeta,0,avanzado,1,30,24,0,0,48,Chiclayo,inactivo,si,no,1
CL-01031,2129,5,65,anual,59.82,2928.91,transferencia,0,basico,0,365,4,0,1,4,Lima,activo,no,si,1
CL-01032,162,5,72,anual,157.03,11071.67,tarjeta,0,avanzado,1,365,28,0,0,4,Arequipa,activo,no,no,1
CL-01033,189,37,37,mensual,155.4,5550.63,tarjeta,0,premium,1,30,9,0,0,36,Lima,activo,no,si,1
CL-01034,2116,3,46,enterprise,602.4,25652.38,factura,0,basico,1,365,39,0,0,2,Lima,activo,no,no,1
CL-01035,1302,28,28,mensual,145.42,3441.03,tarjeta,1,avanzado,0,30,11,0,1,27,Cusco,activo,si,si,1
CL-01036,950,3,45,anual,317.07,14583.72,transferencia,1,basico,0,365,36,1,0,2,Arequipa,activo,si,no,0
CL-01037,1862,40,40,mensual,55.08,2140.33,transferencia,1,avanzado,0,30,15,0,0,39,Lima,activo,no,no,1
CL-01038,1393,33,33,mensual,107.9,2945.36,transferencia,0,basico,0,30,15,0,0,32,Chiclayo,activo,si,no,1
CL-01039,1769,35,35,mensual,183.7,5410.85,yape,0,basico,0,30,1,0,1,34,Lima,activo,si,si,1
CL-01040,1729,43,43,mensual,54.58,2260.42,transferencia,0,avanzado,0,30,42,0,0,42,Trujillo,activo,si,si,1
CL-01041,595,25,25,mensual,168.9,4329.31,yape,1,basico,0,30,25,0,0,24,Trujillo,activo,no,si,1
CL-01042,633,2,26,anual,290.28,6771.14,tarjeta,0,basico,1,365,7,0,0,1,Piura,activo,no,no,1
CL-01043,2054,5,72,anual,205.49,14998.86,tarjeta,0,basico,0,365,2,1,1,4,Trujillo,activo,no,si,1
CL-01044,1914,5,72,anual,121.19,7544.52,transferencia,1,avanzado,1,365,13,1,0,4,Lima,activo,no,no,1
CL-01045,1993,2,2,mensual,67.33,116.96,transferencia,1,premium,0,30,23,0,0,1,Lima,activo,no,no,0
CL-01046,413,1,1,mensual,206.04,196.93,tarjeta,0,premium,0,30,2,0,1,0,Arequipa,activo,si,no,0
CL-01047,841,8,8,mensual,145.82,892.61,transferencia,1,avanzado,1,30,17,0,0,7,Lima,inactivo,no,no,0
CL-01048,2472,2,29,enterprise,399.69,9176.33,transferencia,1,premium,1,365,15,1,0,1,Arequipa,activo,si,no,1
CL-01049,897,4,54,enterprise,225.61,11799.51,factura,1,avanzado,0,365,40,1,0,3,Lima,activo,si,no,1
CL-01050,1171,46,46,mensual,104.07,3938.09,tarjeta,1,avanzado,1,30,19,0,0,45,Trujillo,activo,no,no,1
CL-01051,2268,2,36,anual,180.95,5227.8,tarjeta,0,avanzado,1,365,5,1,0,1,Lima,activo,si,si,0
CL-01052,1236,45,45,mensual,119.2,4166.3,tarjeta,1,premium,0,30,11,0,1,44,Cusco,activo,no,no,1
CL-01053,2213,15,15,mensual,170.46,2090.15,factura,0,basico,1,30,38,0,0,14,Arequipa,activo,no,si,1
CL-01054,1390,26,26,mensual,72.08,1546.38,tarjeta,0,avanzado,0,30,1,0,1,25,Arequipa,activo,si,si,1
CL-01055,2350,31,31,mensual,35.71,943.56,tarjeta,1,avanzado,0,30,6,0,1,30,Trujillo,inactivo,si,si,1
CL-01056,727,1,1,anual,199.87,206.17,transferencia,1,basico,0,365,1,0,1,0,Lima,activo,no,si,0
CL-01057,2385,1,3,enterprise,84.31,238.61,tarjeta,1,premium,0,365,3,0,1,0,Chiclayo,activo,no,no,1
CL-01058,1138,4,4,mensual,99.92,382.89,yape,0,premium,1,30,42,0,0,3,Lima,activo,no,no,0
CL-01059,664,51,51,mensual,87.75,3534.66,tarjeta,1,avanzado,0,30,45,0,0,50,Lima,activo,si,no,1
CL-01060,101,3,38,anual,274.24,8418.18,transferencia,1,premium,0,365,34,0,0,2,Lima,activo,no,no,0
CL-01061,2128,3,47,enterprise,610.93,29276.54,tarjeta,0,basico,0,365,5,1,1,2,Arequipa,activo,si,no,1
CL-01062,2087,1,1,anual,61.73,58.04,transferencia,1,premium,1,365,32,1,0,0,Lima,activo,si,no,1
CL-01063,843,1,1,mensual,267.47,265.57,tarjeta,1,basico,1,30,35,0,0,0,Lima,activo,si,no,0
CL-01064,2353,3,48,anual,191.91,7896.61,tarjeta,1,basico,1,365,36,1,0,2,Trujillo,activo,si,no,1
CL-01065,302,1,1,mensual,163.35,150.8,yape,1,avanzado,1,30,34,0,0,0,Chiclayo,activo,no,no,0
CL-01066,935,5,62,enterprise,98.19,5483.03,factura,1,avanzado,1,365,32,0,0,4,Lima,inactivo,no,no,1
CL-01067,2323,1,1,mensual,208.26,169.03,transferencia,0,avanzado,0,30,20,0,0,0,Lima,activo,si,no,0
CL-01068,2111,4,53,anual,173.91,9193.55,transferencia,0,avanzado,0,365,3,1,1,3,Lima,inactivo,no,si,1
CL-01069,1631,10,10,mensual,117.91,1002.38,yape,1,avanzado,1,30,38,0,0,9,Trujillo,activo,si,no,1
CL-01070,1615,58,58,mensual,31.58,1630.28,yape,0,avanzado,0,30,42,0,0,57,Lima,inactivo,si,no,1
CL-01071,799,5,72,enterprise,259.28,14745.94,transferencia,1,premium,0,365,23,0,0,4,Cusco,activo,si,no,1
CL-01072,753,1,1,anual,289.95,272.99,transferencia,0,basico,1,365,20,1,0,0,Arequipa,activo,si,no,0
CL-01073,2330,49,49,mensual,110.9,5365.31,yape,1,premium,0,30,42,0,0,48,Lima,suspendido,si,si,1
CL-01074,552,1,1,enterprise,436.26,380.91,transferencia,1,premium,1,365,21,0,0,0,Lima,activo,no,si,0
CL-01075,717,3,42,enterprise,360.93,15817.56,transferencia,1,premium,1,365,17,1,0,2,Lima,activo,no,no,1
CL-01076,1420,27,27,mensual,68.79,1536.52,tarjeta,1,basico,1,30,40,0,0,26,Trujillo,activo,no,si,1
CL-01077,1867,35,35,mensual,202.68,7178.39,yape,0,premium,1,30,42,0,0,34,Trujillo,activo,si,si,1
CL-01078,663,9,9,mensual,123.44,1073.59,transferencia,0,basico,1,30,10,0,1,8,Trujillo,activo,si,no,0
CL-01079,577,4,51,anual,213.23,11181.16,transferencia,1,basico,0,365,13,0,1,3,Lima,activo,no,no,1
CL-01080,1709,1,1,mensual,102.71,99.85,transferencia,1,avanzado,1,30,15,0,0,0,Lima,activo,no,no,0
CL-01081,311,62,62,mensual,98.7,5498.01,transferencia,0,premium,0,30,8,0,0,61,Trujillo,activo,no,no,1
CL-01082,654,1,22,enterprise,99.23,1908.08,transferencia,0,premium,1,365,39,1,0,0,Trujillo,activo,no,si,1
CL-01083,1398,1,1,enterprise,310.3,309.93,transferencia,1,avanzado,0,365,44,1,0,0,Arequipa,activo,si,si,0
CL-01084,2141,5,71,enterprise,107.44,7644.33,tarjeta,0,avanzado,0,365,24,1,0,4,Lima,activo,no,si,1
CL-01085,1317,2,30,enterprise,611.81,17008.4,yape,0,avanzado,1,365,33,0,0,1,Lima,activo,no,si,0
CL-01086,2175,5,72,anual,376.21,26020.9,tarjeta,0,basico,1,365,19,1,0,4,Arequipa,activo,no,si,1
CL-01087,1105,5,62,enterprise,382.97,21105.15,factura,0,avanzado,0,365,45,0,0,4,Lima,activo,no,no,1
CL-01088,1229,1,12,enterprise,290.4,2841.89,factura,0,basico,0,365,43,0,0,0,Lima,inactivo,si,no,0
CL-01089,1539,30,30,mensual,72.77,1670.06,factura,1,avanzado,1,30,34,0,0,29,Arequipa,activo,si,no,1
CL-01090,1458,35,35,mensual,80.99,2681.9,tarjeta,1,basico,1,30,40,0,0,34,Arequipa,activo,no,no,1
CL-01091,993,69,69,mensual,182.41,11966.59,tarjeta,0,basico,1,30,7,0,0,68,Lima,activo,no,no,1
CL-01092,899,3,43,anual,145.2,5928.79,transferencia,0,avanzado,0,365,40,0,0,2,Lima,activo,no,no,1
CL-01093,1519,36,36,mensual,35.41,1171.15,tarjeta,1,avanzado,1,30,20,0,0,35,Cusco,activo,si,si,1
CL-01094,2192,27,27,mensual,158.57,3650.83,factura,1,premium,0,30,10,0,1,26,Arequipa,activo,si,si,1
CL-01095,2018,2,31,anual,319.12,8137.86,yape,0,avanzado,1,365,42,1,0,1,Trujillo,activo,si,si,1
CL-01096,2220,64,64,mensual,217.6,10719.31,factura,1,basico,1,30,38,0,0,63,Lima,activo,si,no,1
CL-01097,2188,32,32,mensual,137.49,3495.12,factura,0,avanzado,1,30,7,0,0,31,Trujillo,activo,no,no,1
CL-01098,1555,1,22,enterprise,443.47,9156.22,factura,1,basico,0,365,30,0,0,0,Lima,activo,si,no,0
CL-01099,143,1,18,enterprise,257.48,4543.9,tarjeta,1,avanzado,1,365,40,1,0,0,Cusco,activo,si,si,0
CL-01100,301,18,18,mensual,40.13,738.44,factura,0,avanzado,1,30,32,0,0,17,Lima,activo,si,no,1
CL-01101,1845,1,1,mensual,111.27,86.25,tarjeta,0,basico,1,30,22,0,0,0,Cusco,activo,si,si,0
CL-01102,1289,13,13,mensual,118.19,1527.57,yape,0,avanzado,1,30,3,0,0,12,Arequipa,inactivo,no,si,0
CL-01103,380,5,69,enterprise,248.98,15963.75,yape,0,premium,1,365,23,1,0,4,Trujillo,inactivo,si,no,1
CL-01104,1722,2,27,enterprise,219.79,4987.18,tarjeta,0,basico,1,365,26,1,0,1,Lima,activo,no,no,1
CL-01105,33,49,49,mensual,75.59,3584.41,transferencia,0,premium,1,30,38,0,0,48,Arequipa,activo,si,no,1
CL-01106,2333,1,1,enterprise,146.23,153.07,transferencia,0,avanzado,1,365,10,0,1,0,Piura,inactivo,no,no,1
CL-01107,2274,46,46,mensual,206.94,8222.96,transferencia,1,basico,0,30,10,0,1,45,Lima,activo,si,no,1
CL-01108,2334,28,28,mensual,243.49,6396.6,yape,1,avanzado,0,30,42,0,0,27,Lima,activo,no,si,1
CL-01109,809,1,20,enterprise,265.37,4395.85,tarjeta,0,avanzado,1,365,38,1,0,0,Cusco,inactivo,no,no,0
CL-01110,1950,36,36,mensual,133.09,3888.13,transferencia,1,avanzado,1,30,26,0,0,35,Trujillo,activo,no,si,1
CL-01111,770,20,20,mensual,75.37,1197.99,yape,1,basico,0,30,21,0,0,19,Lima,activo,no,no,1
CL-01112,32,1,1,mensual,131.2,99.67,tarjeta,1,premium,0,30,28,0,0,0,Lima,activo,no,no,0
CL-01113,1068,4,55,anual,382.44,20343.08,yape,1,premium,0,365,7,1,1,3,Lima,activo,si,si,1
CL-01114,1023,3,38,enterprise,77.7,2343.74,transferencia,1,avanzado,1,365,11,1,1,2,Lima,activo,si,no,1
CL-01115,742,1,24,enterprise,342.14,7824.46,factura,0,avanzado,1,365,25,1,0,0,Lima,activo,si,no,0
CL-01116,2333,8,8,mensual,133.97,1083.42,factura,1,avanzado,0,30,19,0,0,7,Lima,activo,si,si,0
CL-01117,886,1,1,mensual,115.3,115.76,yape,0,avanzado,0,30,9,0,0,0,Chiclayo,activo,si,si,0
CL-01118,941,3,37,enterprise,505.68,15710.73,transferencia,1,avanzado,1,365,24,1,0,2,Chiclayo,activo,si,si,1
CL-01119,2306,71,71,mensual,226.91,12684.24,transferencia,1,basico,0,30,30,0,0,70,Arequipa,activo,si,si,1
CL-01120,1513,3,37,enterprise,204.91,6694.0,transferencia,1,avanzado,1,365,37,1,0,2,Arequipa,activo,no,si,1
CL-01121,2377,1,1,anual,296.42,238.44,yape,1,basico,1,365,29,1,0,0,Chiclayo,activo,no,no,0
CL-01122,2080,37,37,mensual,114.09,3639.01,tarjeta,1,premium,1,30,28,0,0,36,Trujillo,activo,no,si,1
CL-01123,318,2,31,enterprise,160.34,4576.11,tarjeta,1,basico,0,365,26,1,0,1,Lima,activo,si,no,1
CL-01124,505,53,53,mensual,154.06,7702.25,transferencia,0,avanzado,1,30,6,0,0,52,Lima,activo,no,no,1
CL-01125,1295,47,47,mensual,163.11,6251.74,tarjeta,0,basico,1,30,18,0,0,46,Trujillo,activo,si,no,1
CL-01126,493,1,1,anual,194.41,159.06,yape,1,premium,0,365,21,1,0,0,Chiclayo,activo,si,si,1
CL-01127,1359,45,45,mensual,78.54,3568.9,tarjeta,1,avanzado,1,30,24,0,0,44,Lima,activo,si,no,1
CL-01128,2312,1,7,anual,177.05,1280.83,transferencia,0,avanzado,1,365,14,1,1,0,Lima,activo,si,no,1
CL-01129,1432,1,1,anual,122.55,115.53,tarjeta,0,basico,0,365,34,1,0,0,Cusco,activo,si,si,0
CL-01130,2093,2,27,enterprise,191.58,4743.57,transferencia,0,avanzado,0,365,25,1,0,1,Lima,suspendido,no,no,1
CL-01131,142,3,42,enterprise,404.74,16105.3,tarjeta,1,basico,0,365,14,1,1,2,Lima,activo,no,no,1
CL-01132,1090,1,1,mensual,170.08,134.12,transferencia,0,avanzado,0,30,22,0,0,0,Trujillo,activo,no,no,0
CL-01133,743,49,49,mensual,156.76,7828.04,yape,0,avanzado,0,30,32,0,0,48,Arequipa,activo,si,no,1
CL-01134,2293,4,51,anual,98.72,4091.11,yape,1,avanzado,0,365,2,1,1,3,Lima,activo,no,si,1
CL-01135,1987,2,33,enterprise,253.27,7947.57,tarjeta,0,basico,1,365,16,1,0,1,Lima,activo,no,no,1
CL-01136,1407,11,11,mensual,197.17,1771.08,transferencia,0,basico,1,30,10,0,1,10,Lima,activo,no,si,0
CL-01137,2436,8,8,mensual,100.55,773.62,transferencia,0,avanzado,1,30,15,0,0,7,Lima,activo,si,no,1
CL-01138,547,57,57,mensual,102.53,5704.13,yape,0,avanzado,1,30,30,0,0,56,Trujillo,activo,si,no,1
CL-01139,578,1,1,mensual,101.02,98.22,factura,1,avanzado,1,30,10,0,0,0,Piura,activo,si,no,0
CL-01140,883,4,58,anual,324.81,16552.11,yape,0,avanzado,0,365,25,1,0,3,Arequipa,activo,no,si,0
CL-01141,2356,28,28,mensual,179.26,4678.52,factura,1,avanzado,0,30,17,0,0,27,Arequipa,activo,no,no,1
CL-01142,2035,2,30,enterprise,518.0,14442.82,transferencia,1,avanzado,1,365,3,0,1,1,Lima,activo,no,si,0
CL-01143,289,1,1,enterprise,340.01,328.48,yape,1,avanzado,1,365,40,1,0,0,Lima,activo,no,no,1
CL-01144,1369,2,28,enterprise,207.11,5217.43,transferencia,0,premium,0,365,27,1,0,1,Trujillo,inactivo,si,no,1
CL-01145,1456,47,47,mensual,268.13,11369.47,tarjeta,1,basico,1,30,14,0,0,46,Lima,activo,si,no,1
CL-01146,66,1,1,mensual,131.96,126.06,transferencia,0,basico,1,30,23,0,0,0,Lima,inactivo,no,no,0
CL-01147,685,3,44,anual,124.61,4392.0,transferencia,0,basico,1,365,45,1,0,2,Lima,inactivo,si,si,1
CL-01148,1276,2,34,enterprise,543.67,17481.87,yape,0,basico,1,365,7,0,1,1,Cusco,activo,si,no,0
CL-01149,1049,16,16,mensual,90.78,1153.95,yape,1,avanzado,1,30,39,0,0,15,Lima,activo,si,si,1
CL-01150,34,4,53,enterprise,537.85,27578.19,factura,0,premium,1,365,1,1,0,3,Lima,activo,si,no,1
CL-01151,1786,1,1,mensual,202.58,175.57,yape,1,avanzado,0,30,39,0,0,0,Arequipa,activo,no,no,0
CL-01152,414,3,40,enterprise,188.6,7558.14,transferencia,1,premium,1,365,16,1,0,2,Arequipa,activo,no,no,1
CL-01153,1719,72,72,mensual,133.44,7460.59,tarjeta,1,basico,1,30,14,0,1,71,Lima,activo,no,si,1
CL-01154,1633,67,67,mensual,181.32,10789.72,tarjeta,0,basico,0,30,36,0,0,66,Trujillo,suspendido,si,si,1
CL-01155,1128,41,41,mensual,263.11,8631.79,tarjeta,0,basico,1,30,8,0,1,40,Trujillo,activo,si,no,1
CL-01156,1557,24,24,mensual,76.04,1844.41,tarjeta,0,avanzado,0,30,6,0,0,23,Lima,activo,si,si,1
CL-01157,680,16,16,mensual,176.85,2228.52,factura,0,avanzado,1,30,22,0,0,15,Cusco,activo,si,no,1
CL-01158,1354,24,24,mensual,107.28,2305.81,yape,0,basico,1,30,43,0,0,23,Lima,activo,no,no,1
CL-01159,2412,45,45,mensual,46.89,1649.16,transferencia,0,basico,0,30,15,0,0,44,Cusco,activo,si,no,1
CL-01160,1550,1,12,enterprise,297.91,3536.72,tarjeta,1,premium,1,365,25,1,0,0,Lima,activo,si,si,0
CL-01161,156,50,50,mensual,115.5,4819.88,yape,1,basico,0,30,18,0,0,49,Lima,activo,si,no,1
CL-01162,1032,5,72,anual,114.38,7644.21,yape,0,basico,1,365,35,1,0,4,Trujillo,activo,no,si,1
CL-01163,1521,2,30,enterprise,302.95,7280.28,tarjeta,0,avanzado,1,365,41,1,0,1,Trujillo,inactivo,si,si,0
CL-01164,16,1,1,mensual,180.68,154.57,tarjeta,1,avanzado,1,30,44,0,0,0,Lima,inactivo,si,no,0
CL-01165,1444,1,1,mensual,155.32,121.79,yape,1,avanzado,1,30,13,0,0,0,Chiclayo,activo,si,no,0
CL-01166,1647,4,51,enterprise,208.57,9735.57,tarjeta,1,avanzado,0,365,12,1,1,3,Lima,activo,no,no,1
CL-01167,1160,2,30,enterprise,321.17,7236.31,transferencia,1,premium,1,365,42,1,0,1,Lima,activo,si,no,1
CL-01168,1804,53,53,mensual,115.26,6401.52,factura,1,premium,1,30,27,0,0,52,Lima,activo,si,si,1
CL-01169,2407,1,19,enterprise,273.4,4544.67,tarjeta,1,avanzado,0,365,15,1,0,0,Lima,inactivo,no,no,0
CL-01170,1403,52,52,mensual,171.67,8380.82,tarjeta,1,premium,0,30,16,0,0,51,Cusco,inactivo,no,si,1
CL-01171,2290,28,28,mensual,110.17,2578.97,transferencia,1,avanzado,1,30,8,0,0,27,Lima,activo,no,si,1
CL-01172,1518,1,14,anual,78.59,908.79,tarjeta,1,premium,0,365,4,0,1,0,Arequipa,activo,si,no,0
CL-01173,2000,22,22,mensual,94.55,2088.09,yape,0,avanzado,1,30,16,0,0,21,Cusco,activo,no,si,1
CL-01174,465,1,2,anual,173.6,339.37,tarjeta,1,basico,1,365,36,0,0,0,Lima,activo,si,si,0
CL-01175,2350,72,72,mensual,175.99,11948.86,tarjeta,1,avanzado,0,30,30,0,0,71,Trujillo,activo,no,no,1
CL-01176,632,2,30,anual,271.87,7957.84,transferencia,1,premium,0,365,1,0,1,1,Lima,activo,no,no,1
CL-01177,57,48,48,mensual,177.41,6834.63,yape,0,premium,0,30,3,0,0,47,Piura,activo,no,no,1
CL-01178,1351,19,19,mensual,114.09,2233.23,transferencia,0,basico,0,30,40,0,0,18,Lima,activo,si,no,1
CL-01179,2455,6,6,mensual,131.57,699.76,tarjeta,0,avanzado,1,30,36,0,0,5,Chiclayo,activo,si,no,1
CL-01180,721,26,26,mensual,31.51,827.96,tarjeta,1,premium,0,30,36,0,0,25,Lima,activo,si,no,1
CL-01181,155,4,59,anual,180.45,10335.85,tarjeta,1,avanzado,1,365,39,0,0,3,Lima,activo,si,no,1
CL-01182,563,19,19,mensual,64.97,1031.71,tarjeta,1,avanzado,0,30,29,0,0,18,Arequipa,activo,no,no,1
CL-01183,1439,10,10,mensual,99.47,915.91,transferencia,0,premium,0,30,16,0,0,9,Lima,activo,si,no,1
CL-01184,1951,36,36,mensual,294.35,11020.4,factura,0,avanzado,1,30,27,0,0,35,Lima,activo,no,si,1
CL-01185,2466,44,44,mensual,156.92,5255.18,factura,1,basico,0,30,29,0,0,43,Arequipa,activo,no,no,1
CL-01186,1540,5,72,enterprise,212.71,13445.83,yape,0,basico,1,365,39,1,0,4,Lima,inactivo,no,no,1
CL-01187,1773,41,41,mensual,151.53,5816.12,yape,0,avanzado,0,30,24,0,0,40,Arequipa,activo,no,si,1
CL-01188,256,3,48,enterprise,174.9,7152.45,transferencia,1,avanzado,1,365,3,1,1,2,Trujillo,activo,si,no,1
CL-01189,2021,50,50,mensual,76.55,3235.67,factura,0,premium,0,30,29,0,0,49,Piura,activo,no,no,1
CL-01190,2097,1,4,anual,324.37,1264.53,yape,0,avanzado,0,365,34,0,0,0,Lima,activo,no,no,0
CL-01191,442,8,8,mensual,164.97,1352.62,yape,0,basico,1,30,43,0,0,7,Arequipa,activo,no,no,0
CL-01192,1333,5,5,mensual,122.93,560.12,tarjeta,0,premium,0,30,9,0,1,4,Cusco,inactivo,no,si,0
CL-01193,2069,1,1,enterprise,257.03,265.89,yape,1,basico,1,365,39,0,0,0,Arequipa,activo,si,no,0
CL-01194,1878,4,51,enterprise,283.66,11289.54,factura,1,basico,1,365,1,1,1,3,Lima,activo,no,no,1
CL-01195,1102,3,39,enterprise,408.38,13031.98,transferencia,0,avanzado,1,365,33,1,0,2,Lima,activo,si,no,1
CL-01196,1370,34,34,mensual,115.08,3037.5,transferencia,0,avanzado,0,30,15,0,0,33,Lima,activo,si,si,1
CL-01197,865,1,1,mensual,34.94,30.77,transferencia,0,basico,1,30,6,0,1,0,Lima,activo,si,no,0
CL-01198,1186,5,72,anual,330.95,22351.38,yape,0,avanzado,0,365,15,0,0,4,Trujillo,activo,no,no,1
CL-01199,757,10,10,mensual,104.26,844.65,factura,1,premium,0,30,25,0,0,9,Arequipa,activo,si,si,0
CL-01200,1777,5,72,anual,241.45,15377.57,transferencia,0,avanzado,0,365,9,1,1,4,Lima,inactivo,no,no,1
CL-01201,1912,1,1,anual,279.76,267.26,tarjeta,0,basico,1,365,25,1,0,0,Chiclayo,activo,no,si,0
CL-01202,1184,1,12,anual,186.68,2109.89,tarjeta,0,premium,0,365,32,1,0,0,Arequipa,activo,no,no,1
CL-01203,431,1,1,enterprise,464.33,435.91,yape,0,basico,1,365,40,1,0,0,Chiclayo,activo,no,no,0
CL-01204,1604,3,41,anual,155.39,5936.55,tarjeta,0,basico,1,365,26,1,0,2,Lima,activo,si,no,0
CL-01205,392,5,5,mensual,49.43,258.51,yape,0,basico,0,30,28,0,0,4,Trujillo,activo,no,no,0
CL-01206,1419,6,6,mensual,108.15,625.65,tarjeta,1,basico,0,30,42,0,0,5,Lima,activo,si,no,0
CL-01207,441,1,1,anual,354.14,362.04,tarjeta,1,basico,1,365,2,1,1,0,Chiclayo,activo,si,si,0
CL-01208,1791,51,51,mensual,92.11,4864.46,tarjeta,0,basico,1,30,35,0,0,50,Lima,activo,no,no,1
CL-01209,1216,49,49,mensual,90.63,4475.97,tarjeta,0,avanzado,0,30,44,0,0,48,Lima,inactivo,si,si,1
CL-01210,1959,72,72,mensual,214.03,11997.59,factura,1,basico,1,30,38,0,0,71,Trujillo,activo,si,si,1
CL-01211,1730,1,15,anual,118.33,1613.03,tarjeta,0,basico,1,365,42,1,0,0,Lima,activo,no,si,1
CL-01212,1768,3,37,enterprise,238.65,7633.17,yape,0,avanzado,0,365,41,1,0,2,Piura,inactivo,no,si,1
CL-01213,800,1,1,anual,174.55,136.0,factura,1,avanzado,1,365,27,0,0,0,Lima,activo,si,no,0
CL-01214,2305,24,24,mensual,95.27,2101.88,yape,1,avanzado,1,30,37,0,0,23,Lima,activo,si,no,1
CL-01215,1325,19,19,mensual,26.42,408.54,factura,0,basico,1,30,17,0,0,18,Lima,activo,no,no,1
CL-01216,2348,43,43,mensual,80.15,3186.32,tarjeta,0,avanzado,0,30,6,0,1,42,Lima,activo,no,no,1
CL-01217,1715,57,57,mensual,143.98,8167.6,yape,0,premium,0,30,4,0,1,56,Cusco,activo,no,no,1
CL-01218,272,4,56,anual,229.1,11138.04,transferencia,1,basico,1,365,9,1,1,3,Chiclayo,activo,no,no,1
CL-01219,704,1,11,anual,328.87,3744.0,factura,0,avanzado,0,365,33,1,0,0,Piura,inactivo,no,no,1
CL-01220,1526,56,56,mensual,202.7,11123.5,yape,0,avanzado,0,30,19,0,0,55,Chiclayo,activo,si,no,1
CL-01221,100,31,31,mensual,178.72,5492.03,yape,0,avanzado,0,30,37,0,0,30,Lima,activo,si,si,1
CL-01222,1456,24,24,mensual,157.12,2955.19,transferencia,0,basico,1,30,15,0,0,23,Arequipa,activo,no,no,1
CL-01223,2111,1,14,enterprise,326.93,4726.06,yape,1,basico,0,365,36,0,0,0,Lima,activo,si,no,0
CL-01224,118,1,18,anual,156.19,2137.69,factura,1,avanzado,0,365,40,0,0,0,Trujillo,activo,si,si,1
CL-01225,119,72,72,mensual,140.93,10179.11,tarjeta,1,avanzado,1,30,15,0,0,71,Piura,activo,si,no,1
CL-01226,961,3,39,enterprise,379.21,11223.45,tarjeta,1,premium,0,365,24,1,0,2,Lima,activo,no,no,1
CL-01227,2360,36,36,mensual,181.36,5214.92,tarjeta,0,basico,0,30,25,0,0,35,Arequipa,activo,si,no,1
CL-01228,664,25,25,mensual,172.18,3635.6,factura,1,basico,1,30,40,0,0,24,Lima,activo,si,si,1
CL-01229,762,5,72,enterprise,309.67,21656.97,transferencia,1,basico,1,365,17,0,0,4,Piura,activo,si,no,1
CL-01230,1050,64,64,mensual,176.27,11504.94,tarjeta,0,avanzado,0,30,18,0,0,63,Piura,activo,no,si,1
CL-01231,542,14,14,mensual,173.75,2310.75,factura,1,avanzado,0,30,35,0,0,13,Piura,activo,si,si,1
CL-01232,1929,2,25,anual,282.04,6827.7,tarjeta,0,basico,1,365,41,1,0,1,Cusco,activo,no,no,1
CL-01233,1563,27,27,mensual,131.37,2968.59,yape,0,avanzado,1,30,2,0,1,26,Piura,activo,no,si,1
CL-01234,725,2,35,anual,100.58,3670.31,yape,1,premium,1,365,4,1,1,1,Chiclayo,activo,si,no,1
CL-01235,1388,15,15,mensual,61.34,802.62,transferencia,0,premium,0,30,43,0,0,14,Lima,inactivo,si,no,1
CL-01236,2311,43,43,mensual,96.33,4241.08,tarjeta,1,premium,1,30,21,0,0,42,Piura,activo,no,no,1
CL-01237,2364,68,68,mensual,156.42,10464.0,transferencia,1,avanzado,0,30,26,0,0,67,Arequipa,inactivo,no,no,1
CL-01238,2199,1,1,mensual,152.43,131.12,transferencia,0,premium,1,30,41,0,0,0,Lima,activo,si,si,0
CL-01239,1173,4,4,mensual,48.55,165.64,tarjeta,1,avanzado,0,30,18,0,0,3,Arequipa,activo,no,no,1
CL-01240,1582,20,20,mensual,89.38,1705.09,transferencia,0,basico,1,30,21,0,0,19,Arequipa,activo,si,si,1
CL-01241,521,1,21,enterprise,271.02,5874.35,tarjeta,0,premium,1,365,39,1,0,0,Arequipa,activo,si,no,1
CL-01242,2466,72,72,mensual,66.65,4567.03,factura,0,basico,1,30,33,0,0,71,Lima,activo,no,no,1
CL-01243,1726,56,56,mensual,111.8,6306.05,transferencia,0,basico,1,30,32,0,0,55,Trujillo,activo,no,no,1
CL-01244,36,55,55,mensual,102.1,5839.47,tarjeta,0,basico,0,30,17,0,0,54,Trujillo,activo,no,no,1
CL-01245,2367,25,25,mensual,83.11,1764.01,transferencia,0,avanzado,1,30,32,0,0,24,Lima,activo,si,no,1
CL-01246,878,25,25,mensual,98.72,2249.7,transferencia,1,avanzado,1,30,38,0,0,24,Cusco,activo,no,no,1
CL-01247,620,1,1,anual,192.19,179.26,tarjeta,1,avanzado,1,365,42,0,0,0,Arequipa,activo,si,no,0
CL-01248,621,51,51,mensual,77.55,3223.97,tarjeta,0,basico,1,30,29,0,0,50,Piura,activo,si,si,1
CL-01249,410,3,44,enterprise,314.98,13710.34,tarjeta,0,basico,0,365,40,1,0,2,Trujillo,activo,si,si,1
CL-01250,356,5,63,enterprise,392.72,20498.9,transferencia,1,basico,1,365,37,1,0,4,Chiclayo,activo,no,no,1
CL-01251,907,27,27,mensual,67.04,1741.41,tarjeta,0,basico,0,30,33,0,0,26,Cusco,activo,no,si,1
CL-01252,1919,28,28,mensual,37.84,961.14,tarjeta,1,basico,0,30,25,0,0,27,Lima,activo,no,si,1
CL-01253,1404,36,36,mensual,28.49,1026.67,yape,1,basico,0,30,20,0,0,35,Lima,activo,si,si,1
CL-01254,1276,4,54,anual,161.68,7887.91,tarjeta,1,premium,0,365,29,0,0,3,Trujillo,activo,no,no,0
CL-01255,1181,1,1,mensual,49.76,46.08,tarjeta,0,premium,0,30,40,0,0,0,Arequipa,activo,no,si,0
CL-01256,2307,4,50,enterprise,259.87,10450.95,transferencia,0,basico,1,365,24,1,0,3,Lima,activo,si,no,1
CL-01257,2039,2,31,anual,268.37,8256.71,yape,1,basico,1,365,32,1,0,1,Piura,inactivo,no,no,1
CL-01258,991,1,6,enterprise,113.75,594.21,transferencia,0,premium,0,365,26,0,0,0,Piura,activo,no,no,0
CL-01259,2318,1,1,mensual,88.36,81.64,tarjeta,1,avanzado,1,30,30,0,0,0,Arequipa,activo,si,no,0
CL-01260,2398,2,29,enterprise,610.29,17765.98,transferencia,0,premium,0,365,32,1,0,1,Lima,activo,si,no,0
CL-01261,2232,67,67,mensual,114.97,6885.06,yape,1,premium,0,30,3,0,1,66,Piura,inactivo,si,si,1
CL-01262,1596,72,72,mensual,87.15,5222.76,tarjeta,1,basico,0,30,6,0,1,71,Lima,activo,no,no,1
CL-01263,1094,41,41,mensual,92.04,3130.7,tarjeta,0,basico,1,30,2,0,1,40,Lima,activo,no,si,1
CL-01264,919,5,72,enterprise,328.08,21729.61,yape,1,basico,1,365,35,1,0,4,Lima,activo,no,no,1
CL-01265,1785,2,31,anual,294.18,7636.38,transferencia,1,avanzado,1,365,41,1,0,1,Lima,activo,si,no,1
CL-01266,1624,4,55,enterprise,259.35,12146.94,tarjeta,1,premium,1,365,16,1,0,3,Trujillo,activo,no,no,1
CL-01267,82,21,21,mensual,79.29,1366.11,yape,0,basico,1,30,4,0,1,20,Piura,activo,si,no,1
CL-01268,2220,1,19,enterprise,121.63,2042.63,tarjeta,1,premium,0,365,1,1,0,0,Cusco,activo,no,no,1
CL-01269,423,15,15,mensual,124.23,1658.14,transferencia,1,avanzado,1,30,21,0,0,14,Lima,activo,no,no,1
CL-01270,141,1,1,mensual,40.15,36.45,yape,1,avanzado,1,30,29,0,0,0,Cusco,activo,si,no,0
CL-01271,1875,5,63,enterprise,223.38,13057.67,tarjeta,1,avanzado,1,365,15,1,0,4,Trujillo,inactivo,si,si,1
CL-01272,1090,16,16,mensual,77.89,1154.48,transferencia,0,avanzado,1,30,28,0,0,15,Arequipa,activo,si,no,1
CL-01273,1950,12,12,mensual,148.5,1532.83,transferencia,1,avanzado,1,30,7,0,1,11,Lima,inactivo,no,si,1
CL-01274,132,1,3,anual,138.25,423.13,factura,0,avanzado,0,365,33,1,0,0,Arequipa,activo,si,no,1
CL-01275,2372,27,27,mensual,111.16,2711.68,transferencia,1,avanzado,1,30,15,0,0,26,Cusco,activo,no,no,1
CL-01276,1561,72,72,mensual,32.59,2345.62,transferencia,0,basico,0,30,45,0,0,71,Trujillo,activo,no,no,1
CL-01277,167,72,72,mensual,124.32,8210.02,transferencia,0,avanzado,0,30,35,0,0,71,Cusco,activo,no,si,1
CL-01278,32,1,1,mensual,44.5,38.32,transferencia,1,avanzado,1,30,21,0,0,0,Chiclayo,activo,no,si,0
CL-01279,1072,1,23,enterprise,254.43,5685.66,factura,0,premium,0,365,43,0,0,0,Chiclayo,activo,no,no,0
CL-01280,1284,1,6,anual,419.28,2020.31,yape,0,basico,1,365,44,0,0,0,Piura,activo,no,no,0
CL-01281,466,56,56,mensual,132.7,7735.17,yape,0,basico,0,30,9,0,1,55,Cusco,activo,no,no,1
CL-01282,492,39,39,mensual,113.2,4069.08,factura,0,basico,1,30,27,0,0,38,Chiclayo,activo,si,no,1
CL-01283,66,16,16,mensual,217.22,2715.25,tarjeta,1,premium,0,30,30,0,0,15,Arequipa,activo,si,si,1
CL-01284,492,2,34,anual,112.95,3365.67,transferencia,0,avanzado,0,365,17,1,0,1,Lima,activo,si,si,0
CL-01285,871,1,20,enterprise,429.01,8269.27,factura,0,basico,0,365,45,0,0,0,Cusco,activo,no,no,0
CL-01286,1854,5,72,enterprise,93.02,5159.93,factura,0,avanzado,1,365,31,1,0,4,Lima,activo,no,no,1
CL-01287,1680,45,45,mensual,87.95,3278.66,tarjeta,0,avanzado,0,30,35,0,0,44,Arequipa,activo,no,no,1
CL-01288,427,48,48,mensual,41.82,2062.19,transferencia,0,avanzado,0,30,9,0,1,47,Piura,activo,no,si,1
CL-01289,775,1,1,mensual,152.64,130.79,tarjeta,0,avanzado,0,30,41,0,0,0,Cusco,activo,no,no,0
CL-01290,144,2,30,anual,151.08,3615.72,yape,0,avanzado,0,365,44,1,0,1,Lima,activo,si,no,1
CL-01291,2338,72,72,mensual,82.52,4631.44,transferencia,1,basico,1,30,41,0,0,71,Lima,activo,si,no,1
CL-01292,968,5,64,anual,306.77,18371.23,transferencia,1,basico,1,365,20,1,0,4,Trujillo,activo,no,si,1
CL-01293,1898,1,1,anual,124.21,113.96,factura,0,avanzado,1,365,43,1,0,0,Cusco,inactivo,si,si,0
CL-01294,1121,24,24,mensual,124.87,2830.02,tarjeta,0,basico,0,30,1,0,1,23,Cusco,activo,si,no,1
CL-01295,658,2,2,mensual,189.18,392.51,factura,1,basico,1,30,10,0,1,1,Cusco,activo,no,no,0
CL-01296,876,72,72,mensual,43.12,2384.47,transferencia,1,basico,1,30,30,0,0,71,Lima,activo,no,si,1
CL-01297,2386,38,38,mensual,75.93,2335.11,tarjeta,1,avanzado,0,30,35,0,0,37,Trujillo,activo,no,no,1
CL-01298,1293,13,13,mensual,109.22,1164.49,factura,0,avanzado,1,30,6,0,0,12,Trujillo,activo,no,no,0
CL-01299,1765,2,33,anual,246.05,7130.08,factura,1,premium,0,365,14,1,1,1,Lima,activo,no,si,1
CL-01300,912,1,1,mensual,169.4,133.2,factura,0,basico,0,30,5,0,1,0,Chiclayo,inactivo,no,no,0
CL-01301,300,5,5,mensual,103.86,453.33,yape,0,basico,1,30,5,0,1,4,Lima,activo,no,no,0
CL-01302,738,2,33,anual,129.63,4255.8,tarjeta,0,premium,1,365,2,1,1,1,Lima,activo,no,si,1
CL-01303,1657,4,53,anual,119.84,5075.48,tarjeta,0,basico,1,365,45,1,0,3,Lima,activo,si,no,1
CL-01304,1264,1,1,mensual,149.97,153.72,tarjeta,1,premium,1,30,40,0,0,0,Lima,activo,no,no,0
CL-01305,1895,1,23,enterprise,245.17,5770.73,tarjeta,0,basico,1,365,28,1,0,0,Trujillo,activo,no,no,1
CL-01306,79,4,57,enterprise,217.06,11183.38,factura,1,avanzado,1,365,2,1,1,3,Chiclayo,activo,si,no,1
CL-01307,828,1,1,anual,186.88,188.38,transferencia,0,avanzado,1,365,33,0,0,0,Lima,activo,si,si,1
CL-01308,53,3,37,anual,195.06,6953.43,tarjeta,0,avanzado,1,365,25,0,0,2,Arequipa,activo,si,no,0
CL-01309,507,33,33,mensual,87.25,2467.58,yape,1,avanzado,1,30,35,0,0,32,Piura,activo,no,no,1
CL-01310,2183,5,72,enterprise,216.79,14337.15,transferencia,0,basico,0,365,23,0,0,4,Trujillo,activo,no,no,1
CL-01311,766,26,26,mensual,109.75,2239.95,transferencia,1,basico,0,30,1,0,0,25,Piura,activo,si,no,1
CL-01312,1661,2,28,enterprise,99.33,2499.58,factura,0,avanzado,1,365,41,1,0,1,Trujillo,activo,no,no,1
CL-01313,56,4,53,anual,152.38,8068.01,transferencia,0,premium,0,365,40,1,0,3,Chiclayo,activo,no,no,1
CL-01314,860,1,1,mensual,43.76,40.5,transferencia,1,avanzado,1,30,42,0,0,0,Trujillo,activo,si,si,0
CL-01315,817,26,26,mensual,182.46,4101.67,tarjeta,0,avanzado,0,30,30,0,0,25,Lima,activo,si,no,1
CL-01316,879,1,21,anual,162.75,3243.68,transferencia,1,premium,0,365,42,0,0,0,Lima,activo,si,no,1
CL-01317,1619,2,28,anual,143.58,4193.34,transferencia,0,avanzado,0,365,4,1,1,1,Arequipa,suspendido,si,no,1
CL-01318,891,53,53,mensual,96.66,3945.95,yape,0,avanzado,0,30,19,0,0,52,Cusco,activo,no,si,1
CL-01319,46,3,45,anual,144.86,5535.09,tarjeta,1,basico,0,365,15,1,0,2,Lima,inactivo,no,no,1
CL-01320,2162,1,13,enterprise,217.39,2251.76,transferencia,0,avanzado,0,365,22,1,0,0,Arequipa,activo,no,no,0
CL-01321,1648,35,35,mensual,97.69,3545.95,tarjeta,0,basico,1,30,2,0,1,34,Lima,activo,si,no,1
CL-01322,2429,68,68,mensual,99.46,6180.09,factura,0,basico,0,30,38,0,0,67,Lima,activo,no,si,1
CL-01323,1917,11,11,mensual,102.5,889.49,transferencia,1,basico,0,30,14,0,1,10,Lima,activo,si,no,1
CL-01324,751,2,35,enterprise,122.74,4010.87,tarjeta,0,basico,0,365,6,1,1,1,Chiclayo,activo,si,no,1
CL-01325,2165,27,27,mensual,45.67,1109.94,yape,1,avanzado,0,30,9,0,1,26,Piura,activo,si,no,1
CL-01326,1746,2,30,enterprise,278.05,6404.57,factura,1,basico,1,365,6,1,1,1,Cusco,activo,no,si,1
CL-01327,726,1,1,mensual,122.66,123.81,yape,0,avanzado,1,30,31,0,0,0,Lima,activo,si,no,0
CL-01328,622,5,67,anual,61.54,3969.63,factura,0,avanzado,0,365,42,1,0,4,Chiclayo,activo,si,no,1
CL-01329,75,13,13,mensual,128.51,1255.6,yape,0,basico,0,30,4,0,1,12,Lima,activo,si,si,1
CL-01330,1842,57,57,mensual,154.98,9168.68,factura,1,basico,0,30,2,0,1,56,Lima,activo,no,no,1
CL-01331,281,1,17,enterprise,477.79,6479.92,transferencia,1,basico,1,365,40,1,0,0,Lima,activo,si,no,0
CL-01332,2377,17,17,mensual,149.32,1904.03,tarjeta,1,avanzado,0,30,18,0,0,16,Lima,activo,si,no,1
CL-01333,647,62,62,mensual,175.64,9563.12,tarjeta,1,avanzado,1,30,6,0,0,61,Lima,activo,no,no,1
CL-01334,92,4,56,enterprise,483.92,21469.18,factura,0,basico,0,365,9,1,1,3,Lima,activo,si,no,1
CL-01335,2199,3,37,enterprise,199.22,6789.15,factura,0,basico,1,365,31,0,0,2,Lima,activo,no,no,0
CL-01336,160,4,51,enterprise,128.99,5548.49,tarjeta,0,basico,0,365,4,1,0,3,Piura,activo,no,no,1
CL-01337,934,25,25,mensual,26.49,533.48,transferencia,1,premium,0,30,19,0,0,24,Piura,activo,no,no,1
CL-01338,1991,2,32,anual,333.59,11161.69,tarjeta,0,premium,0,365,44,0,0,1,Piura,activo,no,no,0
CL-01339,961,1,16,enterprise,446.01,6064.44,factura,1,avanzado,1,365,20,0,0,0,Cusco,activo,no,no,0
CL-01340,1131,54,54,mensual,75.27,3554.15,tarjeta,0,premium,1,30,8,0,0,53,Trujillo,activo,si,no,1
CL-01341,1804,15,15,mensual,77.36,972.73,yape,0,basico,1,30,35,0,0,14,Arequipa,activo,no,no,0
CL-01342,1388,5,68,enterprise,249.76,17002.3,transferencia,1,avanzado,0,365,20,1,0,4,Chiclayo,activo,si,no,1
CL-01343,524,24,24,mensual,199.78,3879.1,tarjeta,0,avanzado,1,30,18,0,0,23,Lima,activo,si,no,1
CL-01344,974,2,32,anual,58.22,1468.63,factura,1,avanzado,0,365,12,1,1,1,Cusco,activo,no,si,1
CL-01345,914,4,51,enterprise,90.18,4665.58,transferencia,1,avanzado,1,365,34,1,0,3,Lima,activo,no,no,1
CL-01346,136,2,32,anual,366.32,9436.5,transferencia,1,avanzado,1,365,23,1,0,1,Lima,activo,si,no,0
CL-01347,2079,25,25,mensual,125.95,3171.99,tarjeta,0,premium,0,30,22,0,0,24,Arequipa,activo,si,no,1
CL-01348,1006,31,31,mensual,130.48,3735.26,transferencia,0,basico,1,30,35,0,0,30,Piura,activo,si,no,1
CL-01349,787,54,54,mensual,90.37,4865.4,tarjeta,1,basico,1,30,17,0,0,53,Piura,activo,si,no,1
CL-01350,372,16,16,mensual,163.56,2017.8,transferencia,1,basico,1,30,30,0,0,15,Lima,activo,no,no,1
CL-01351,1164,2,29,enterprise,97.32,2932.59,transferencia,1,basico,0,365,8,1,1,1,Lima,activo,no,no,1
CL-01352,812,2,32,enterprise,188.69,5071.56,tarjeta,1,basico,1,365,26,1,0,1,Piura,activo,no,no,1
CL-01353,467,53,53,mensual,108.01,4394.08,factura,1,basico,0,30,20,0,0,52,Arequipa,activo,si,si,1
CL-01354,432,29,29,mensual,27.42,778.85,tarjeta,0,avanzado,0,30,23,0,0,28,Lima,activo,no,si,1
CL-01355,2335,5,72,enterprise,196.01,11340.08,yape,0,avanzado,1,365,17,0,0,4,Arequipa,activo,si,no,1
CL-01356,2140,28,28,mensual,102.25,2448.82,factura,0,avanzado,0,30,6,0,0,27,Cusco,activo,si,no,1
CL-01357,1590,26,26,mensual,82.76,1997.69,yape,0,basico,0,30,42,0,0,25,Cusco,activo,si,no,1
CL-01358,626,28,28,mensual,104.46,2253.87,yape,0,basico,1,30,19,0,0,27,Piura,activo,no,no,1
CL-01359,230,1,1,anual,118.79,96.29,tarjeta,0,avanzado,0,365,34,1,0,0,Lima,activo,no,no,0
CL-01360,1461,6,6,mensual,25.93,139.51,transferencia,1,basico,1,30,41,0,0,5,Lima,inactivo,no,si,0
CL-01361,223,1,19,anual,195.1,3249.36,yape,0,basico,1,365,20,1,0,0,Lima,activo,si,no,0
CL-01362,2463,60,60,mensual,94.41,5195.98,yape,0,avanzado,0,30,37,0,0,59,Lima,activo,no,no,1
CL-01363,1507,2,31,anual,57.43,1724.41,transferencia,0,basico,1,365,20,1,0,1,Lima,activo,no,no,1
CL-01364,2475,20,20,mensual,99.62,1705.29,factura,1,basico,1,30,3,0,0,19,Lima,activo,si,si,1
CL-01365,1438,62,62,mensual,107.77,5821.95,transferencia,0,premium,0,30,40,0,0,61,Lima,activo,si,no,1
CL-01366,1637,70,70,mensual,85.85,4998.19,yape,0,avanzado,0,30,38,0,0,69,Lima,activo,si,no,1
CL-01367,1179,63,63,mensual,37.57,2016.39,factura,1,premium,0,30,26,0,0,62,Lima,activo,no,no,1
CL-01368,772,11,11,mensual,162.47,1367.74,yape,0,avanzado,1,30,38,0,0,10,Chiclayo,activo,no,no,1
CL-01369,26,20,20,mensual,58.19,1075.39,tarjeta,0,basico,0,30,31,0,0,19,Arequipa,activo,no,si,1
CL-01370,1261,72,72,mensual,126.53,7304.83,yape,1,avanzado,0,30,37,0,0,71,Arequipa,activo,no,no,1
CL-01371,2246,38,38,mensual,81.83,3000.35,yape,1,premium,1,30,3,0,1,37,Lima,inactivo,si,si,1
CL-01372,1268,2,25,enterprise,227.61,4339.71,yape,1,premium,1,365,37,1,0,1,Lima,activo,no,si,1
CL-01373,1801,50,50,mensual,176.01,6758.46,transferencia,0,avanzado,1,30,10,0,1,49,Cusco,activo,no,no,1
CL-01374,2191,4,57,enterprise,424.78,20227.25,tarjeta,1,basico,0,365,45,0,0,3,Lima,activo,no,no,0
CL-01375,929,1,18,enterprise,507.77,8056.98,yape,1,avanzado,1,365,44,1,0,0,Lima,activo,no,no,0
CL-01376,1795,37,37,mensual,104.98,3721.44,yape,1,basico,1,30,3,0,1,36,Lima,inactivo,si,no,1
CL-01377,1376,4,55,anual,209.23,11020.36,factura,0,basico,1,365,30,0,0,3,Chiclayo,suspendido,no,no,1
CL-01378,2207,1,3,enterprise,70.37,219.98,tarjeta,1,basico,1,365,18,0,0,0,Lima,activo,no,no,0
CL-01379,1701,2,32,anual,182.53,4996.9,tarjeta,1,basico,0,365,12,1,1,1,Lima,suspendido,no,si,1
CL-01380,40,5,5,mensual,86.36,331.54,yape,1,avanzado,0,30,44,0,0,4,Cusco,suspendido,si,no,0
CL-01381,96,8,8,mensual,144.09,1162.38,factura,1,premium,0,30,19,0,0,7,Piura,activo,si,no,0
CL-01382,2433,18,18,mensual,69.94,1220.13,tarjeta,0,avanzado,0,30,25,0,0,17,Cusco,activo,si,no,1
CL-01383,994,44,44,mensual,111.03,3763.83,tarjeta,0,avanzado,0,30,15,0,0,43,Lima,activo,no,no,1
CL-01384,1707,1,24,enterprise,377.55,7022.44,factura,0,premium,0,365,31,1,0,0,Cusco,activo,no,no,0
CL-01385,2239,1,16,enterprise,539.44,7707.44,tarjeta,0,basico,0,365,12,0,1,0,Lima,activo,no,no,0
CL-01386,2326,33,33,mensual,112.2,3156.44,transferencia,0,avanzado,1,30,17,0,0,32,Arequipa,activo,si,si,1
CL-01387,1840,1,4,anual,216.17,803.21,factura,1,avanzado,1,365,32,0,0,0,Lima,activo,si,si,0
CL-01388,1978,42,42,mensual,39.87,1366.0,yape,0,basico,1,30,10,0,1,41,Lima,activo,no,no,1
CL-01389,1925,4,60,enterprise,99.29,6182.6,tarjeta,1,avanzado,0,365,36,1,0,3,Arequipa,activo,si,no,1
CL-01390,1760,30,30,mensual,27.69,750.65,factura,0,avanzado,0,30,45,0,0,29,Lima,inactivo,no,si,1
CL-01391,2404,2,27,enterprise,387.7,10208.46,yape,1,premium,0,365,32,1,0,1,Cusco,activo,si,no,0
CL-01392,183,3,41,enterprise,412.34,13317.41,factura,0,basico,1,365,17,1,0,2,Lima,activo,si,no,1
CL-01393,691,1,1,mensual,155.02,144.96,transferencia,0,avanzado,1,30,9,0,1,0,Arequipa,activo,si,si,0
CL-01394,361,45,45,mensual,79.73,3622.13,yape,0,avanzado,0,30,26,0,0,44,Arequipa,activo,no,no,1
CL-01395,1959,5,72,enterprise,208.93,11385.97,transferencia,1,premium,0,365,20,1,0,4,Trujillo,activo,no,no,1
CL-01396,524,29,29,mensual,116.9,3091.76,transferencia,0,avanzado,0,30,11,0,1,28,Trujillo,activo,no,no,1
CL-01397,386,29,29,mensual,182.4,4358.78,yape,1,basico,0,30,17,0,0,28,Trujillo,activo,no,si,1
CL-01398,1227,4,50,enterprise,440.64,19685.96,transferencia,0,avanzado,0,365,44,0,0,3,Lima,activo,no,no,1
CL-01399,473,5,72,anual,200.99,14396.01,transferencia,0,premium,1,365,8,0,0,4,Trujillo,activo,no,si,1
CL-01400,1934,56,56,mensual,154.55,8282.83,transferencia,1,basico,0,30,12,0,1,55,Arequipa,activo,no,si,1
CL-01401,1060,1,1,mensual,227.88,222.49,tarjeta,1,avanzado,1,30,16,0,0,0,Lima,inactivo,si,si,0
CL-01402,589,46,46,mensual,93.34,3492.9,factura,0,avanzado,0,30,42,0,0,45,Lima,inactivo,no,no,1
CL-01403,1438,5,72,enterprise,218.82,15751.2,yape,1,avanzado,0,365,17,1,0,4,Arequipa,activo,si,si,1
CL-01404,2451,47,47,mensual,124.85,5481.83,transferencia,0,avanzado,1,30,14,0,1,46,Arequipa,activo,si,si,1
CL-01405,1853,4,4,mensual,63.3,195.16,yape,1,avanzado,0,30,14,0,0,3,Cusco,activo,no,no,0
CL-01406,1662,39,39,mensual,87.47,3441.39,factura,0,basico,1,30,43,0,0,38,Cusco,activo,no,no,1
CL-01407,1731,1,1,enterprise,142.03,108.9,transferencia,1,avanzado,0,365,16,1,0,0,Arequipa,activo,no,si,0
CL-01408,1849,62,62,mensual,165.01,7761.27,yape,1,avanzado,1,30,17,0,0,61,Lima,activo,no,no,1
CL-01409,1563,1,8,enterprise,443.22,3546.2,tarjeta,0,premium,1,365,17,1,0,0,Lima,activo,si,no,0
CL-01410,2253,2,34,anual,325.27,8337.59,factura,1,basico,0,365,40,1,0,1,Chiclayo,activo,no,si,1
CL-01411,666,1,11,enterprise,95.06,811.99,tarjeta,1,avanzado,0,365,32,1,0,0,Trujillo,activo,no,si,0
CL-01412,1284,1,18,enterprise,527.84,7174.16,yape,1,basico,0,365,27,0,0,0,Lima,inactivo,no,no,0
CL-01413,1807,5,68,enterprise,73.78,5087.7,transferencia,1,avanzado,0,365,10,1,1,4,Trujillo,activo,si,no,1
CL-01414,363,2,34,enterprise,118.81,3083.82,transferencia,1,premium,0,365,6,1,1,1,Arequipa,activo,no,si,1
CL-01415,1194,18,18,mensual,83.35,1292.96,transferencia,0,avanzado,1,30,4,0,1,17,Arequipa,activo,no,no,0
CL-01416,1069,1,4,enterprise,435.57,1420.13,transferencia,0,avanzado,0,365,14,1,1,0,Piura,activo,si,no,0
CL-01417,766,1,1,mensual,106.76,91.01,factura,0,basico,1,30,36,0,0,0,Trujillo,activo,no,no,0
CL-01418,1325,1,1,mensual,114.36,95.74,tarjeta,0,premium,1,30,35,0,0,0,Piura,activo,si,si,0
CL-01419,1759,2,35,enterprise,206.28,7337.93,tarjeta,0,basico,1,365,36,1,0,1,Arequipa,activo,no,si,1
CL-01420,2427,4,56,enterprise,86.97,4775.89,factura,0,basico,1,365,31,1,0,3,Cusco,suspendido,si,no,1
CL-01421,1112,1,18,anual,279.65,5111.75,tarjeta,0,basico,1,365,24,1,0,0,Arequipa,activo,si,no,0
CL-01422,180,70,70,mensual,192.13,12992.0,tarjeta,0,avanzado,0,30,17,0,0,69,Arequipa,activo,si,si,1
CL-01423,2459,14,14,mensual,224.49,2668.62,tarjeta,0,premium,0,30,33,0,0,13,Lima,activo,si,no,1
CL-01424,822,26,26,mensual,114.25,2393.49,transferencia,0,premium,1,30,9,0,1,25,Trujillo,activo,no,si,1
CL-01425,985,5,5,mensual,30.93,140.57,factura,1,avanzado,0,30,4,0,1,4,Lima,activo,no,si,0
CL-01426,1864,56,56,mensual,49.53,2377.05,yape,1,avanzado,0,30,38,0,0,55,Trujillo,inactivo,si,no,1
CL-01427,813,72,72,mensual,168.21,11421.08,tarjeta,1,premium,1,30,22,0,0,71,Arequipa,inactivo,no,no,1
CL-01428,1763,1,1,mensual,110.13,83.88,transferencia,1,avanzado,0,30,29,0,0,0,Cusco,activo,no,si,0
CL-01429,25,1,23,enterprise,239.09,5300.52,transferencia,1,basico,0,365,44,0,0,0,Lima,activo,si,no,0
CL-01430,2088,63,63,mensual,66.57,3522.33,yape,1,premium,0,30,31,0,0,62,Lima,activo,no,si,1
CL-01431,1304,1,1,enterprise,482.07,428.4,transferencia,1,premium,0,365,35,1,0,0,Arequipa,activo,no,si,0
CL-01432,2393,3,46,anual,200.98,9648.02,tarjeta,1,avanzado,0,365,22,1,0,2,Arequipa,activo,si,no,1
CL-01433,1511,62,62,mensual,150.74,7613.83,factura,0,avanzado,1,30,15,0,0,61,Lima,activo,no,no,1
CL-01434,1410,34,34,mensual,76.99,2055.64,tarjeta,0,premium,0,30,16,0,0,33,Lima,activo,si,no,1
CL-01435,1234,45,45,mensual,132.98,4864.74,factura,0,avanzado,1,30,41,0,0,44,Lima,activo,no,si,1
CL-01436,2136,5,72,enterprise,100.43,6185.73,tarjeta,0,basico,0,365,18,1,0,4,Lima,activo,si,si,1
CL-01437,449,72,72,mensual,123.94,8128.32,transferencia,0,premium,0,30,43,0,0,71,Lima,activo,no,no,1
CL-01438,2406,30,30,mensual,39.48,1236.59,tarjeta,0,avanzado,0,30,2,0,1,29,Chiclayo,activo,no,si,1
CL-01439,915,1,19,enterprise,99.94,1919.68,factura,1,avanzado,0,365,14,1,1,0,Lima,activo,no,si,1
CL-01440,325,1,9,enterprise,225.76,1959.68,transferencia,0,avanzado,1,365,43,1,0,0,Trujillo,activo,si,no,0
CL-01441,383,56,56,mensual,269.67,14590.47,factura,1,basico,0,30,27,0,0,55,Lima,inactivo,no,si,1
CL-01442,1469,1,1,mensual,27.86,23.27,yape,0,basico,0,30,17,0,0,0,Lima,inactivo,no,no,0
CL-01443,2305,26,26,mensual,55.69,1489.05,tarjeta,0,basico,1,30,8,0,0,25,Trujillo,activo,no,no,1
CL-01444,1135,34,34,mensual,133.04,4124.7,tarjeta,0,avanzado,0,30,22,0,0,33,Piura,activo,no,no,1
CL-01445,467,20,20,mensual,179.34,2864.98,factura,1,avanzado,0,30,44,0,0,19,Lima,activo,no,si,1
CL-01446,1928,3,39,anual,200.85,8108.02,transferencia,0,avanzado,0,365,17,1,0,2,Arequipa,activo,no,no,1
CL-01447,743,5,72,enterprise,462.53,30037.14,factura,1,basico,0,365,22,1,0,4,Trujillo,activo,si,no,1
CL-01448,499,29,29,mensual,84.16,1944.34,yape,1,basico,0,30,16,0,0,28,Trujillo,activo,no,si,1
CL-01449,1629,1,21,anual,123.48,2516.76,yape,1,avanzado,0,365,39,1,0,0,Trujillo,activo,no,si,1
CL-01450,2146,57,57,mensual,136.38,6375.47,transferencia,0,avanzado,0,30,31,0,0,56,Piura,activo,no,si,1
CL-01451,2371,3,38,enterprise,230.79,7071.27,yape,1,basico,0,365,28,1,0,2,Lima,activo,si,no,1
CL-01452,1118,5,67,anual,208.54,11600.79,factura,0,basico,0,365,31,1,0,4,Cusco,activo,si,no,1
CL-01453,2363,2,36,enterprise,70.29,2336.82,yape,1,basico,1,365,19,1,0,1,Chiclayo,activo,no,no,1
CL-01454,914,2,26,enterprise,461.74,10057.71,factura,0,avanzado,0,365,37,1,0,1,Lima,activo,si,si,0
CL-01455,1232,1,1,mensual,126.85,96.69,tarjeta,1,avanzado,0,30,28,0,0,0,Cusco,inactivo,no,no,0
CL-01456,1791,1,1,mensual,98.91,85.68,yape,1,avanzado,1,30,4,0,0,0,Trujillo,activo,no,no,0
CL-01457,2287,1,1,mensual,31.77,26.06,transferencia,0,premium,1,30,17,0,0,0,Lima,inactivo,si,si,0
CL-01458,828,41,41,mensual,58.9,2181.7,tarjeta,0,avanzado,0,30,40,0,0,40,Lima,activo,no,si,1
CL-01459,607,1,1,enterprise,460.38,408.76,transferencia,1,avanzado,1,365,12,0,0,0,Piura,activo,no,no,0
CL-01460,2225,63,63,mensual,111.99,5456.8,transferencia,1,basico,1,30,44,0,0,62,Arequipa,activo,si,si,1
CL-01461,344,2,33,enterprise,365.17,9924.81,factura,0,basico,1,365,37,1,0,1,Lima,activo,no,si,1
CL-01462,2189,26,26,mensual,58.65,1272.45,transferencia,0,basico,1,30,45,0,0,25,Chiclayo,activo,no,no,1
CL-01463,1220,11,11,mensual,114.55,1128.28,tarjeta,1,basico,1,30,36,0,0,10,Lima,activo,si,no,0
CL-01464,81,47,47,mensual,41.51,1944.46,factura,1,basico,1,30,6,0,1,46,Lima,activo,no,no,1
CL-01465,1835,1,12,anual,180.08,1762.44,tarjeta,0,basico,0,365,9,1,1,0,Lima,activo,si,si,1
CL-01466,459,1,8,anual,243.1,1550.89,yape,1,basico,1,365,22,1,0,0,Chiclayo,activo,no,no,1
CL-01467,1152,61,61,mensual,113.31,5186.05,transferencia,0,premium,0,30,17,0,0,60,Lima,activo,si,si,1
CL-01468,1840,41,41,mensual,68.54,2618.91,transferencia,0,avanzado,0,30,43,0,0,40,Piura,activo,no,no,1
CL-01469,1145,2,26,anual,148.33,3269.19,transferencia,0,avanzado,0,365,39,1,0,1,Piura,activo,si,no,1
CL-01470,1350,48,48,mensual,154.02,7031.05,yape,0,basico,1,30,35,0,0,47,Lima,activo,no,no,1
CL-01471,515,2,32,enterprise,300.01,9187.92,factura,0,avanzado,0,365,43,0,0,1,Cusco,activo,no,si,1
CL-01472,205,41,41,mensual,88.47,2769.1,factura,1,premium,1,30,3,0,1,40,Arequipa,activo,no,no,1
CL-01473,524,12,12,mensual,234.94,2468.35,factura,0,basico,1,30,32,0,0,11,Trujillo,inactivo,no,no,1
CL-01474,1025,72,72,mensual,62.0,4644.32,tarjeta,1,premium,0,30,40,0,0,71,Lima,inactivo,no,si,1
CL-01475,728,18,18,mensual,148.45,2224.64,tarjeta,1,premium,0,30,44,0,0,17,Lima,activo,si,no,1
CL-01476,89,70,70,mensual,61.45,3909.48,tarjeta,0,avanzado,0,30,38,0,0,69,Lima,activo,no,no,1
CL-01477,1124,27,27,mensual,147.42,3627.46,factura,0,avanzado,1,30,37,0,0,26,Lima,activo,si,si,1
CL-01478,649,4,52,enterprise,404.11,17402.84,tarjeta,0,basico,0,365,36,1,0,3,Lima,activo,no,no,1
CL-01479,2041,50,50,mensual,76.81,3778.2,yape,1,basico,1,30,6,0,0,49,Trujillo,activo,no,si,1
CL-01480,440,60,60,mensual,59.1,2663.42,factura,0,avanzado,1,30,19,0,0,59,Lima,activo,no,no,1
CL-01481,1447,11,11,mensual,37.46,337.08,transferencia,1,premium,0,30,40,0,0,10,Lima,suspendido,no,no,1
CL-01482,2065,58,58,mensual,68.6,3691.36,tarjeta,1,avanzado,1,30,29,0,0,57,Arequipa,activo,si,si,1
CL-01483,1181,5,72,anual,264.48,19522.21,tarjeta,1,basico,0,365,12,1,1,4,Trujillo,inactivo,no,si,1
CL-01484,2142,26,26,mensual,62.18,1217.13,yape,0,basico,0,30,33,0,0,25,Piura,activo,si,no,1
CL-01485,1853,2,33,anual,157.91,4847.61,transferencia,1,avanzado,1,365,2,1,1,1,Lima,activo,no,si,0
CL-01486,2064,19,19,mensual,34.82,496.85,transferencia,0,premium,0,30,18,0,0,18,Cusco,activo,si,no,1
CL-01487,822,1,23,enterprise,284.26,6125.08,tarjeta,0,basico,0,365,34,1,0,0,Lima,activo,no,no,0
CL-01488,67,72,72,mensual,59.3,3729.4,factura,1,basico,0,30,36,0,0,71,Trujillo,activo,no,no,1
CL-01489,1868,1,7,enterprise,320.5,1975.03,factura,1,avanzado,1,365,23,0,0,0,Chiclayo,activo,no,no,0
CL-01490,1869,9,9,mensual,103.19,966.09,transferencia,1,basico,1,30,13,0,1,8,Lima,activo,no,si,0
CL-01491,2284,71,71,mensual,59.44,4028.95,transferencia,1,basico,0,30,23,0,0,70,Arequipa,activo,si,si,1
CL-01492,1513,3,47,enterprise,201.96,7678.41,transferencia,1,basico,0,365,9,1,1,2,Lima,activo,no,si,1
CL-01493,1357,5,72,anual,114.73,8666.99,tarjeta,1,avanzado,1,365,43,0,0,4,Arequipa,activo,si,no,1
CL-01494,1717,1,21,enterprise,88.29,1533.34,factura,0,basico,0,365,39,1,0,0,Arequipa,activo,no,no,1
CL-01495,1835,35,35,mensual,184.05,6156.84,transferencia,0,basico,0,30,33,0,0,34,Cusco,activo,si,no,1
CL-01496,120,1,16,anual,152.42,2326.75,tarjeta,0,avanzado,1,365,16,1,0,0,Cusco,activo,no,no,0
CL-01497,1731,2,35,enterprise,70.87,2492.65,yape,1,avanzado,1,365,7,0,0,1,Lima,activo,no,no,1
CL-01498,516,1,1,anual,132.37,115.12,factura,0,avanzado,0,365,3,0,1,0,Lima,inactivo,no,no,0
CL-01499,1361,49,49,mensual,199.28,9362.31,tarjeta,0,avanzado,0,30,18,0,0,48,Lima,activo,si,si,1
CL-01500,523,3,40,anual,126.32,4738.43,yape,0,avanzado,0,365,38,1,0,2,Arequipa,activo,no,si,1
CL-01501,1138,2,30,anual,315.94,8349.59,factura,1,avanzado,1,365,17,1,0,1,Chiclayo,activo,no,no,1
CL-01502,405,1,22,enterprise,200.23,4514.25,tarjeta,1,basico,0,365,36,1,0,0,Trujillo,activo,si,si,1
CL-01503,2202,10,10,mensual,144.84,1195.77,yape,1,basico,1,30,8,0,1,9,Lima,activo,no,si,0
CL-01504,1433,50,50,mensual,160.63,6564.0,transferencia,0,avanzado,0,30,37,0,0,49,Chiclayo,activo,si,no,1
CL-01505,72,1,3,enterprise,339.26,955.81,yape,0,basico,0,365,4,1,1,0,Piura,activo,si,no,1
CL-01506,837,44,44,mensual,44.08,1565.35,tarjeta,1,basico,1,30,16,0,0,43,Lima,activo,si,no,1
CL-01507,201,5,72,anual,123.23,8863.67,tarjeta,0,basico,1,365,7,0,1,4,Trujillo,activo,no,si,1
CL-01508,1145,68,68,mensual,160.17,9278.55,transferencia,0,premium,1,30,28,0,0,67,Lima,activo,no,no,1
CL-01509,601,1,1,mensual,73.83,64.7,tarjeta,1,premium,0,30,9,0,0,0,Chiclayo,activo,si,no,0
CL-01510,1798,1,19,anual,264.83,4803.8,transferencia,0,basico,0,365,1,1,1,0,Lima,activo,no,si,1
CL-01511,2396,42,42,mensual,107.83,4599.2,tarjeta,0,basico,0,30,15,0,0,41,Piura,activo,si,no,1
CL-01512,1362,30,30,mensual,146.0,4191.62,yape,0,basico,0,30,1,0,0,29,Arequipa,activo,no,si,1
CL-01513,17,1,1,anual,78.8,61.33,tarjeta,0,basico,0,365,18,0,0,0,Cusco,activo,no,no,0
CL-01514,1138,3,41,anual,117.35,4096.47,yape,0,basico,1,365,12,0,1,2,Lima,activo,no,no,1
CL-01515,2402,2,32,enterprise,181.62,5666.65,tarjeta,0,basico,1,365,42,1,0,1,Arequipa,activo,si,no,1
CL-01516,2272,72,72,mensual,153.14,11272.24,yape,0,avanzado,1,30,24,0,0,71,Arequipa,activo,no,no,1
CL-01517,1331,26,26,mensual,148.21,3622.82,tarjeta,1,premium,1,30,20,0,0,25,Lima,activo,no,si,1
CL-01518,1594,5,61,enterprise,380.22,21543.13,tarjeta,1,basico,1,365,28,0,0,4,Arequipa,activo,si,no,1
CL-01519,866,1,1,mensual,97.43,84.16,tarjeta,0,basico,0,30,7,0,1,0,Chiclayo,activo,no,no,0
CL-01520,1716,7,7,mensual,63.99,400.19,yape,1,avanzado,1,30,7,0,1,6,Arequipa,activo,si,si,0
CL-01521,2191,50,50,mensual,106.71,4693.47,tarjeta,1,basico,0,30,7,0,1,49,Lima,activo,si,si,1
CL-01522,450,58,58,mensual,74.27,3302.05,yape,0,basico,0,30,40,0,0,57,Arequipa,inactivo,si,si,1
CL-01523,2320,1,8,enterprise,398.01,2408.93,tarjeta,0,basico,0,365,34,1,0,0,Piura,activo,si,si,0
CL-01524,1507,2,32,enterprise,245.9,7359.07,factura,0,avanzado,0,365,44,1,0,1,Lima,activo,si,no,1
CL-01525,163,1,1,anual,136.01,122.81,tarjeta,1,basico,1,365,37,0,0,0,Lima,activo,si,no,0
CL-01526,1289,27,27,mensual,141.1,3137.16,tarjeta,1,basico,0,30,6,0,1,26,Lima,activo,no,no,1
CL-01527,362,52,52,mensual,132.21,6997.47,yape,1,avanzado,1,30,8,0,1,51,Lima,activo,si,no,1
CL-01528,2358,21,21,mensual,35.41,603.8,tarjeta,0,basico,1,30,38,0,0,20,Arequipa,activo,no,no,1
CL-01529,2331,26,26,mensual,57.36,1431.93,transferencia,0,premium,1,30,25,0,0,25,Lima,activo,no,si,1
CL-01530,1852,4,4,mensual,175.15,691.15,yape,0,avanzado,0,30,28,0,0,3,Lima,activo,no,no,0
CL-01531,476,16,16,mensual,96.28,1543.67,yape,1,basico,1,30,11,0,1,15,Lima,activo,si,no,1
CL-01532,2096,72,72,mensual,34.48,2487.18,tarjeta,0,basico,0,30,23,0,0,71,Lima,activo,no,no,1
CL-01533,2432,2,34,anual,209.44,7037.32,tarjeta,0,premium,0,365,41,1,0,1,Arequipa,activo,no,si,1
CL-01534,1645,1,7,anual,138.28,858.91,tarjeta,0,basico,0,365,23,0,0,0,Trujillo,activo,no,no,1
CL-01535,1304,24,24,mensual,58.75,1321.41,transferencia,1,basico,0,30,31,0,0,23,Cusco,activo,no,no,1
CL-01536,817,1,1,mensual,55.0,55.4,yape,1,basico,0,30,34,0,0,0,Piura,activo,no,si,0
CL-01537,1418,1,7,enterprise,463.44,2842.1,transferencia,0,premium,0,365,42,0,0,0,Lima,activo,no,si,0
CL-01538,1653,5,65,anual,45.19,2794.17,factura,0,premium,0,365,10,1,1,4,Trujillo,activo,no,si,1
CL-01539,554,2,28,enterprise,173.0,3864.84,yape,1,avanzado,1,365,41,1,0,1,Lima,activo,si,si,1
CL-01540,2422,72,72,mensual,136.4,9029.32,transferencia,1,basico,1,30,28,0,0,71,Trujillo,activo,no,si,1
CL-01541,1496,2,30,enterprise,496.64,11804.84,transferencia,0,basico,1,365,38,1,0,1,Piura,activo,no,no,0
CL-01542,806,31,31,mensual,155.99,4584.66,transferencia,1,basico,0,30,12,0,0,30,Piura,activo,no,no,1
CL-01543,138,48,48,mensual,72.61,3007.97,tarjeta,1,basico,1,30,6,0,1,47,Trujillo,activo,si,no,1
CL-01544,428,1,1,mensual,193.27,158.16,tarjeta,0,premium,1,30,4,0,1,0,Lima,activo,si,si,0
CL-01545,1811,37,37,mensual,44.91,1426.08,tarjeta,1,avanzado,0,30,18,0,0,36,Lima,activo,no,si,1
CL-01546,781,31,31,mensual,142.29,4236.43,factura,0,basico,0,30,25,0,0,30,Lima,activo,no,no,1
CL-01547,452,68,68,mensual,147.58,10260.33,yape,1,avanzado,0,30,13,0,0,67,Lima,activo,no,si,1
CL-01548,1949,4,56,anual,125.63,5300.27,tarjeta,1,basico,0,365,13,1,0,3,Trujillo,activo,no,no,1
CL-01549,1958,4,4,mensual,149.97,480.12,tarjeta,0,avanzado,1,30,37,0,0,3,Lima,activo,no,no,0
CL-01550,215,62,62,mensual,85.98,5126.7,yape,0,basico,0,30,34,0,0,61,Lima,activo,si,si,1
CL-01551,833,25,25,mensual,153.6,3535.18,transferencia,1,avanzado,0,30,29,0,0,24,Cusco,activo,si,si,1
CL-01552,2324,10,10,mensual,32.15,271.91,tarjeta,1,basico,1,30,30,0,0,9,Trujillo,activo,no,no,1
CL-01553,306,37,37,mensual,131.06,4585.08,yape,0,basico,1,30,39,0,0,36,Lima,activo,no,si,1
CL-01554,1787,27,27,mensual,82.12,2239.76,yape,0,premium,1,30,11,0,1,26,Cusco,activo,si,no,1
CL-01555,918,70,70,mensual,196.71,11392.96,tarjeta,0,premium,0,30,43,0,0,69,Lima,activo,no,si,1
CL-01556,1520,3,40,enterprise,260.17,9321.39,yape,0,avanzado,1,365,39,1,0,2,Cusco,activo,no,si,1
CL-01557,1519,3,37,enterprise,362.76,10150.21,factura,1,avanzado,0,365,16,0,0,2,Piura,inactivo,si,si,0
CL-01558,441,54,54,mensual,152.06,8488.77,transferencia,1,basico,1,30,16,0,0,53,Cusco,activo,si,no,1
CL-01559,1740,4,59,anual,173.49,10138.6,yape,0,avanzado,1,365,9,1,0,3,Chiclayo,activo,no,no,1
CL-01560,1360,4,51,enterprise,373.62,17178.26,tarjeta,1,basico,1,365,32,1,0,3,Lima,activo,si,no,0
CL-01561,838,5,67,enterprise,426.14,29910.41,transferencia,0,basico,0,365,14,1,1,4,Lima,activo,no,no,1
CL-01562,40,3,47,anual,255.46,9798.19,yape,1,avanzado,1,365,13,1,1,2,Cusco,inactivo,si,no,1
CL-01563,2494,2,36,enterprise,84.29,2953.09,transferencia,1,avanzado,0,365,31,1,0,1,Cusco,activo,no,no,1
CL-01564,1420,5,62,enterprise,124.17,7551.13,transferencia,0,avanzado,1,365,9,1,1,4,Lima,activo,no,no,1
CL-01565,824,2,30,enterprise,377.2,11307.59,transferencia,1,avanzado,1,365,6,0,1,1,Arequipa,activo,no,si,0
CL-01566,748,33,33,mensual,57.59,1815.95,yape,1,avanzado,0,30,39,0,0,32,Lima,inactivo,no,no,1
CL-01567,853,72,72,mensual,175.31,10188.45,yape,0,avanzado,0,30,2,0,1,71,Lima,activo,no,no,1
CL-01568,1341,72,72,mensual,180.65,10111.49,yape,0,premium,1,30,42,0,0,71,Lima,activo,si,no,1
CL-01569,2349,32,32,mensual,65.59,1687.72,yape,0,basico,0,30,31,0,0,31,Lima,activo,si,si,1
CL-01570,905,21,21,mensual,38.75,819.85,factura,1,avanzado,0,30,16,0,0,20,Trujillo,activo,no,no,1
CL-01571,2077,68,68,mensual,91.92,5441.73,transferencia,0,premium,1,30,26,0,0,67,Arequipa,activo,no,no,1
CL-01572,1105,4,52,anual,285.46,13565.11,transferencia,0,avanzado,1,365,15,1,0,3,Trujillo,activo,si,no,1
CL-01573,1334,3,40,anual,113.22,3431.07,tarjeta,0,avanzado,1,365,19,1,0,2,Lima,inactivo,no,si,1
CL-01574,1395,1,24,enterprise,173.04,3726.98,tarjeta,0,avanzado,1,365,32,1,0,0,Cusco,activo,no,si,0
CL-01575,2243,40,40,mensual,73.89,2579.59,tarjeta,0,premium,1,30,41,0,0,39,Lima,activo,si,si,1
CL-01576,2384,31,31,mensual,142.29,4015.62,tarjeta,0,premium,0,30,11,0,0,30,Lima,activo,si,si,1
CL-01577,1446,1,16,enterprise,230.26,3177.89,transferencia,1,avanzado,0,365,25,1,0,0,Arequipa,activo,no,si,1
CL-01578,2457,2,35,enterprise,235.0,6354.9,factura,0,basico,1,365,39,1,0,1,Arequipa,activo,si,no,0
CL-01579,1089,3,38,enterprise,575.54,16691.32,yape,1,avanzado,1,365,1,0,1,2,Cusco,activo,si,no,1
CL-01580,1532,1,23,enterprise,307.43,7317.94,factura,0,basico,1,365,1,1,1,0,Arequipa,activo,si,no,1
CL-01581,2173,4,54,enterprise,179.54,9027.61,tarjeta,0,basico,1,365,28,1,0,3,Chiclayo,activo,si,si,1
CL-01582,352,64,64,mensual,45.26,2731.59,tarjeta,1,avanzado,1,30,7,0,0,63,Arequipa,activo,si,si,1
CL-01583,1927,56,56,mensual,194.36,11152.19,tarjeta,0,avanzado,0,30,45,0,0,55,Lima,activo,no,no,1
CL-01584,115,25,25,mensual,98.21,2247.19,transferencia,0,premium,1,30,6,0,1,24,Arequipa,activo,no,no,1
CL-01585,156,4,50,anual,46.42,2169.36,tarjeta,0,basico,0,365,34,0,0,3,Cusco,activo,no,no,1
CL-01586,2482,2,34,enterprise,74.64,2301.52,tarjeta,0,basico,1,365,15,1,0,1,Arequipa,activo,no,no,1
CL-01587,216,2,2,mensual,55.76,89.53,tarjeta,0,avanzado,0,30,42,0,0,1,Lima,inactivo,no,si,0
CL-01588,1578,3,48,anual,80.77,3270.03,yape,1,avanzado,0,365,39,0,0,2,Arequipa,activo,no,no,1
CL-01589,1600,35,35,mensual,31.42,1116.53,factura,0,basico,0,30,36,0,0,34,Trujillo,activo,si,no,1
CL-01590,1495,72,72,mensual,53.1,3376.49,tarjeta,1,basico,1,30,29,0,0,71,Trujillo,activo,si,no,1
CL-01591,229,68,68,mensual,77.86,4295.12,tarjeta,0,basico,1,30,10,0,1,67,Lima,activo,no,si,1
CL-01592,105,49,49,mensual,83.58,4088.92,tarjeta,0,premium,1,30,5,0,1,48,Lima,activo,si,no,1
CL-01593,66,3,38,enterprise,502.52,14821.97,transferencia,1,basico,1,365,12,1,0,2,Cusco,activo,no,no,0
CL-01594,2351,36,36,mensual,93.04,3154.7,transferencia,1,avanzado,0,30,4,0,0,35,Lima,activo,si,no,1
CL-01595,1874,1,7,enterprise,308.26,2071.59,tarjeta,0,premium,0,365,36,1,0,0,Lima,activo,no,si,0
CL-01596,397,1,1,anual,253.01,212.81,tarjeta,0,basico,0,365,13,1,1,0,Trujillo,activo,si,no,1
CL-01597,1185,10,10,mensual,88.24,705.98,transferencia,0,premium,0,30,20,0,0,9,Lima,activo,no,si,1
CL-01598,1350,31,31,mensual,123.18,3377.49,tarjeta,1,avanzado,1,30,28,0,0,30,Lima,activo,no,no,1
CL-01599,976,1,1,enterprise,399.06,389.69,transferencia,1,avanzado,1,365,32,0,0,0,Lima,activo,no,no,0
CL-01600,755,19,19,mensual,104.6,2019.21,yape,1,premium,0,30,27,0,0,18,Arequipa,activo,si,si,1
CL-01601,297,2,26,enterprise,596.4,15422.68,factura,0,basico,1,365,34,0,0,1,Chiclayo,activo,no,si,0
CL-01602,959,27,27,mensual,186.26,3937.01,tarjeta,0,premium,1,30,6,0,0,26,Piura,activo,no,si,1
CL-01603,82,1,16,anual,101.13,1321.7,yape,1,basico,0,365,13,1,1,0,Cusco,activo,si,no,1
CL-01604,825,1,23,enterprise,315.53,6786.17,transferencia,1,basico,1,365,35,1,0,0,Arequipa,activo,no,no,0
CL-01605,1750,72,72,mensual,77.79,5393.5,tarjeta,1,basico,0,30,33,0,0,71,Piura,activo,no,si,1
CL-01606,654,48,48,mensual,159.21,5751.59,tarjeta,0,avanzado,0,30,29,0,0,47,Piura,activo,no,no,1
CL-01607,2439,1,18,enterprise,93.08,1328.24,transferencia,0,basico,0,365,43,1,0,0,Lima,activo,si,si,1
CL-01608,651,30,30,mensual,50.16,1171.04,factura,1,basico,0,30,45,0,0,29,Arequipa,activo,no,no,1
CL-01609,2178,31,31,mensual,151.06,3991.36,factura,1,basico,0,30,4,0,1,30,Piura,activo,no,si,1
CL-01610,206,13,13,mensual,134.51,1668.61,transferencia,1,basico,0,30,25,0,0,12,Piura,activo,si,no,0
CL-01611,1418,13,13,mensual,163.96,2201.73,yape,1,basico,0,30,41,0,0,12,Piura,activo,no,si,1
CL-01612,55,4,57,enterprise,483.03,21388.98,tarjeta,0,avanzado,1,365,15,0,0,3,Chiclayo,activo,si,no,1
CL-01613,1149,1,22,enterprise,396.41,7864.85,yape,0,avanzado,0,365,3,1,1,0,Lima,activo,no,no,1
CL-01614,1012,5,5,mensual,102.94,443.54,tarjeta,0,avanzado,0,30,6,0,1,4,Arequipa,activo,si,no,1
CL-01615,246,2,31,enterprise,229.16,6176.87,transferencia,0,avanzado,1,365,33,0,0,1,Lima,activo,si,no,1
CL-01616,206,35,35,mensual,187.21,5048.02,yape,1,basico,1,30,42,0,0,34,Arequipa,activo,no,no,1
CL-01617,1776,1,1,mensual,170.19,142.36,transferencia,0,basico,1,30,32,0,0,0,Lima,activo,si,no,0
CL-01618,864,2,31,anual,206.94,5297.22,tarjeta,0,avanzado,1,365,2,0,1,1,Lima,activo,no,si,1
CL-01619,601,4,53,enterprise,287.78,14725.98,factura,0,avanzado,1,365,19,0,0,3,Arequipa,activo,no,si,1
CL-01620,602,43,43,mensual,162.99,6605.98,tarjeta,1,avanzado,0,30,16,0,0,42,Trujillo,activo,no,no,1
CL-01621,1212,72,72,mensual,122.84,8321.71,tarjeta,1,basico,1,30,42,0,0,71,Lima,activo,no,si,1
CL-01622,1244,63,63,mensual,144.54,8248.03,transferencia,0,avanzado,0,30,24,0,0,62,Piura,inactivo,no,no,1
CL-01623,1956,5,67,enterprise,365.17,20860.67,yape,1,avanzado,1,365,11,0,0,4,Lima,activo,si,si,1
CL-01624,1577,72,72,mensual,109.52,6490.8,transferencia,1,avanzado,0,30,26,0,0,71,Trujillo,activo,no,no,1
CL-01625,1714,50,50,mensual,86.92,3274.21,factura,1,premium,1,30,34,0,0,49,Piura,activo,si,si,1
CL-01626,973,2,36,anual,186.74,5340.32,tarjeta,0,avanzado,1,365,27,1,0,1,Piura,activo,no,no,1
CL-01627,2313,56,56,mensual,91.93,4200.65,transferencia,0,avanzado,0,30,19,0,0,55,Arequipa,activo,no,no,1
CL-01628,1146,18,18,mensual,232.7,4367.32,tarjeta,1,avanzado,0,30,33,0,0,17,Lima,activo,si,si,1
CL-01629,2064,35,35,mensual,128.11,4668.3,tarjeta,0,premium,0,30,14,0,0,34,Lima,activo,no,no,1
CL-01630,2473,16,16,mensual,77.09,1209.14,tarjeta,0,premium,0,30,6,0,1,15,Trujillo,activo,no,si,1
CL-01631,1867,42,42,mensual,164.08,6430.31,tarjeta,0,basico,0,30,39,0,0,41,Lima,activo,no,no,1
CL-01632,1096,1,16,enterprise,275.86,4195.91,yape,0,basico,1,365,33,0,0,0,Lima,activo,no,no,0
CL-01633,2399,1,15,anual,275.86,3848.93,yape,0,premium,0,365,33,1,0,0,Lima,activo,no,si,0
CL-01634,1039,3,42,anual,154.86,6140.21,factura,0,avanzado,0,365,41,0,0,2,Lima,activo,no,si,1
CL-01635,164,2,28,enterprise,358.94,8198.76,transferencia,0,avanzado,0,365,33,0,0,1,Cusco,inactivo,no,no,0
CL-01636,1420,1,1,mensual,112.83,117.68,transferencia,1,avanzado,0,30,2,0,1,0,Arequipa,activo,si,si,0
CL-01637,1398,1,1,mensual,107.03,104.57,tarjeta,1,basico,0,30,38,0,0,0,Piura,activo,no,si,0
CL-01638,76,1,4,enterprise,162.09,531.83,tarjeta,0,premium,1,365,2,1,1,0,Lima,activo,no,si,1
CL-01639,2150,10,10,mensual,173.75,1570.86,transferencia,1,avanzado,0,30,32,0,0,9,Chiclayo,activo,no,si,0
CL-01640,1228,3,42,anual,216.43,8969.75,transferencia,0,premium,1,365,45,1,0,2,Chiclayo,activo,no,no,1
CL-01641,2100,3,37,anual,345.85,13095.22,transferencia,1,avanzado,1,365,19,1,0,2,Arequipa,inactivo,no,si,0
CL-01642,104,58,58,mensual,98.29,4932.08,yape,0,basico,1,30,15,0,0,57,Lima,activo,si,no,1
CL-01643,663,50,50,mensual,87.12,3899.14,tarjeta,1,premium,0,30,42,0,0,49,Lima,activo,si,no,1
CL-01644,692,58,58,mensual,149.22,7295.66,tarjeta,0,avanzado,0,30,21,0,0,57,Piura,activo,si,no,1
CL-01645,2019,47,47,mensual,63.95,2593.8,factura,0,avanzado,0,30,42,0,0,46,Arequipa,activo,no,si,1
CL-01646,1948,37,37,mensual,142.24,4306.68,tarjeta,1,basico,0,30,14,0,1,36,Lima,activo,no,no,1
CL-01647,116,59,59,mensual,196.13,8782.59,factura,1,avanzado,1,30,9,0,0,58,Lima,activo,no,si,1
CL-01648,518,4,54,enterprise,516.86,24418.82,tarjeta,0,avanzado,1,365,26,1,0,3,Chiclayo,activo,no,no,0
CL-01649,458,3,41,enterprise,268.48,9809.75,tarjeta,0,avanzado,1,365,17,1,0,2,Chiclayo,inactivo,no,no,0
CL-01650,1228,5,63,enterprise,251.62,15597.94,transferencia,1,premium,1,365,33,1,0,4,Lima,activo,no,si,1
CL-01651,1855,1,1,mensual,118.93,107.84,tarjeta,1,avanzado,0,30,14,0,0,0,Arequipa,activo,no,no,0
CL-01652,1734,25,25,mensual,114.81,2433.74,factura,1,basico,0,30,35,0,0,24,Cusco,activo,no,no,1
CL-01653,180,24,24,mensual,67.48,1439.71,transferencia,0,premium,0,30,16,0,0,23,Cusco,activo,no,no,1
CL-01654,2444,60,60,mensual,191.42,11357.02,transferencia,1,premium,1,30,16,0,0,59,Trujillo,activo,si,no,1
CL-01655,2280,5,70,enterprise,316.47,19811.01,transferencia,1,premium,1,365,32,0,0,4,Piura,activo,si,no,1
CL-01656,1604,1,1,mensual,61.21,56.1,tarjeta,1,premium,0,30,12,0,0,0,Cusco,activo,si,no,0
CL-01657,2266,67,67,mensual,189.31,10171.11,transferencia,0,avanzado,1,30,13,0,0,66,Trujillo,activo,no,no,1
CL-01658,2208,1,3,enterprise,345.21,779.09,tarjeta,0,avanzado,1,365,25,1,0,0,Arequipa,activo,si,si,0
CL-01659,2248,4,4,mensual,67.34,277.15,transferencia,0,avanzado,1,30,15,0,0,3,Cusco,activo,si,si,1
CL-01660,511,26,26,mensual,70.06,1512.6,transferencia,1,basico,0,30,18,0,0,25,Cusco,activo,no,si,1
CL-01661,1609,24,24,mensual,216.67,4442.29,factura,0,premium,1,30,16,0,0,23,Lima,activo,si,si,1
CL-01662,190,1,1,anual,363.31,285.0,transferencia,1,basico,1,365,28,1,0,0,Arequipa,activo,no,no,0
CL-01663,41,3,48,enterprise,519.12,22523.15,factura,0,avanzado,0,365,16,1,0,2,Arequipa,inactivo,no,si,1
CL-01664,1231,49,49,mensual,183.09,8712.4,tarjeta,1,basico,0,30,28,0,0,48,Chiclayo,activo,si,no,1
CL-01665,2381,4,58,enterprise,399.93,22171.15,yape,0,basico,0,365,11,1,1,3,Arequipa,activo,si,si,1
CL-01666,1426,1,21,enterprise,440.86,9319.91,transferencia,1,avanzado,0,365,41,1,0,0,Lima,activo,no,no,0
CL-01667,2341,2,31,enterprise,327.46,8486.16,tarjeta,1,avanzado,1,365,43,1,0,1,Lima,activo,si,no,0
CL-01668,804,31,31,mensual,130.75,3422.56,tarjeta,1,avanzado,1,30,1,0,1,30,Chiclayo,activo,si,no,1
CL-01669,1645,72,72,mensual,131.34,9831.64,yape,0,avanzado,1,30,5,0,1,71,Arequipa,activo,no,no,1
CL-01670,1798,1,1,enterprise,206.65,183.29,transferencia,0,avanzado,0,365,5,1,0,0,Lima,activo,no,no,0
CL-01671,151,8,8,mensual,129.36,1035.25,tarjeta,1,basico,1,30,9,0,0,7,Lima,activo,si,no,0
CL-01672,1376,2,32,anual,274.87,8210.48,yape,1,avanzado,0,365,36,0,0,1,Lima,activo,si,no,0
CL-01673,2021,1,5,enterprise,272.05,1093.99,tarjeta,1,basico,0,365,12,1,0,0,Lima,activo,si,si,0
CL-01674,1473,26,26,mensual,113.68,3065.72,tarjeta,0,premium,1,30,27,0,0,25,Lima,activo,no,no,1
CL-01675,2169,2,29,enterprise,410.61,10089.78,tarjeta,1,basico,1,365,12,1,1,1,Trujillo,activo,no,no,0
CL-01676,2243,1,16,enterprise,168.66,2543.49,transferencia,1,premium,1,365,3,1,0,0,Cusco,activo,no,no,1
CL-01677,2498,2,33,anual,55.93,1525.19,factura,1,basico,0,365,4,1,1,1,Lima,activo,si,si,1
CL-01678,415,47,47,mensual,215.48,9344.7,factura,0,basico,1,30,43,0,0,46,Trujillo,activo,si,si,1
CL-01679,1612,2,26,enterprise,179.29,4252.88,tarjeta,1,premium,0,365,26,1,0,1,Cusco,activo,no,si,1
CL-01680,815,21,21,mensual,99.03,1722.58,tarjeta,1,avanzado,1,30,30,0,0,20,Lima,activo,no,no,1
CL-01681,445,2,28,anual,143.26,4198.33,factura,1,basico,0,365,9,1,0,1,Lima,inactivo,si,si,1
CL-01682,1900,2,32,enterprise,457.59,11600.16,yape,1,avanzado,0,365,22,1,0,1,Trujillo,inactivo,si,no,1
CL-01683,2419,1,1,anual,262.13,231.44,tarjeta,0,basico,1,365,30,1,0,0,Arequipa,activo,no,si,1
CL-01684,1240,43,43,mensual,96.18,3140.74,factura,1,basico,0,30,36,0,0,42,Lima,activo,no,si,1
CL-01685,834,21,21,mensual,53.38,1070.33,factura,1,basico,1,30,30,0,0,20,Arequipa,activo,no,si,1
CL-01686,2217,63,63,mensual,102.71,5750.09,tarjeta,1,basico,0,30,27,0,0,62,Cusco,activo,no,no,1
CL-01687,46,46,46,mensual,153.73,6491.91,factura,0,basico,1,30,29,0,0,45,Lima,activo,si,si,1
CL-01688,394,61,61,mensual,142.93,8366.08,yape,1,avanzado,1,30,17,0,0,60,Arequipa,activo,no,si,1
CL-01689,1585,1,7,anual,163.02,1117.41,factura,0,premium,0,365,32,1,0,0,Lima,activo,si,si,1
CL-01690,1140,23,23,mensual,148.01,3539.54,transferencia,0,basico,0,30,14,0,1,22,Lima,activo,no,no,1
CL-01691,34,1,1,enterprise,433.83,437.82,transferencia,0,avanzado,1,365,33,1,0,0,Cusco,suspendido,no,si,0
CL-01692,1923,1,15,enterprise,241.93,3074.23,transferencia,1,basico,0,365,21,1,0,0,Trujillo,activo,no,si,1
CL-01693,2106,63,63,mensual,146.58,8940.69,tarjeta,0,premium,0,30,26,0,0,62,Piura,inactivo,si,si,1
CL-01694,1567,5,68,anual,96.03,5046.35,transferencia,1,basico,0,365,22,0,0,4,Lima,activo,si,si,1
CL-01695,1776,1,4,anual,408.92,1293.6,transferencia,1,basico,0,365,26,1,0,0,Arequipa,activo,no,si,0
CL-01696,365,21,21,mensual,120.97,2255.55,tarjeta,1,premium,0,30,33,0,0,20,Lima,activo,si,no,1
CL-01697,312,30,30,mensual,147.2,3920.91,factura,1,avanzado,0,30,13,0,1,29,Piura,activo,si,no,1
CL-01698,1748,3,46,enterprise,351.98,14599.9,tarjeta,0,basico,0,365,22,1,0,2,Trujillo,activo,si,no,1
CL-01699,953,1,1,enterprise,246.5,220.02,factura,0,avanzado,1,365,19,0,0,0,Piura,activo,no,si,0
CL-01700,1363,1,1,anual,174.63,164.57,transferencia,0,basico,0,365,1,0,1,0,Trujillo,activo,no,no,0
CL-01701,2121,3,44,enterprise,287.71,13118.82,transferencia,1,basico,0,365,39,1,0,2,Lima,inactivo,no,si,1
CL-01702,2431,1,1,enterprise,200.52,160.78,factura,1,avanzado,1,365,31,0,0,0,Arequipa,activo,si,no,0
CL-01703,121,21,21,mensual,160.7,2892.92,transferencia,0,premium,1,30,3,0,0,20,Chiclayo,activo,no,no,1
CL-01704,1586,2,36,anual,62.45,1736.24,tarjeta,1,premium,0,365,4,1,1,1,Lima,activo,si,no,1
CL-01705,2231,42,42,mensual,244.24,8308.99,tarjeta,1,avanzado,0,30,42,0,0,41,Lima,suspendido,no,no,1
CL-01706,800,2,28,enterprise,371.37,10878.68,yape,1,basico,0,365,39,1,0,1,Trujillo,activo,si,si,0
CL-01707,1405,23,23,mensual,127.15,2228.04,yape,0,avanzado,1,30,33,0,0,22,Arequipa,activo,no,no,1
CL-01708,1352,53,53,mensual,27.96,1206.4,transferencia,1,premium,1,30,32,0,0,52,Lima,activo,no,no,1
CL-01709,1883,3,39,enterprise,191.66,6562.46,tarjeta,0,avanzado,0,365,38,1,0,2,Lima,activo,no,no,1
CL-01710,334,16,16,mensual,214.65,2877.34,factura,0,basico,0,30,27,0,0,15,Lima,activo,no,no,0
CL-01711,985,2,33,enterprise,732.67,22088.32,transferencia,0,premium,1,365,1,1,1,1,Arequipa,activo,no,no,0
CL-01712,1869,41,41,mensual,214.76,9220.18,transferencia,1,premium,1,30,21,0,0,40,Piura,activo,no,no,1
CL-01713,1139,5,72,enterprise,402.69,27868.14,yape,1,basico,0,365,15,1,0,4,Arequipa,activo,si,no,1
CL-01714,2145,4,51,enterprise,340.55,15140.74,tarjeta,0,avanzado,1,365,8,1,1,3,Lima,activo,no,si,1
CL-01715,675,62,62,mensual,82.78,4900.79,yape,0,premium,1,30,39,0,0,61,Lima,activo,no,no,1
CL-01716,1466,1,17,enterprise,455.83,7839.6,transferencia,0,basico,1,365,30,1,0,0,Piura,activo,no,no,1
CL-01717,2258,19,19,mensual,62.83,977.34,tarjeta,0,premium,1,30,41,0,0,18,Chiclayo,activo,no,si,1
CL-01718,1418,2,26,anual,85.49,2145.12,tarjeta,1,basico,1,365,5,1,1,1,Trujillo,activo,si,no,1
CL-01719,1773,2,28,anual,66.05,1727.68,factura,1,basico,1,365,44,1,0,1,Arequipa,suspendido,si,no,1
CL-01720,274,1,7,enterprise,329.48,2237.51,yape,0,premium,1,365,28,1,0,0,Piura,activo,si,no,0
CL-01721,626,63,63,mensual,115.37,5634.74,tarjeta,1,premium,1,30,26,0,0,62,Arequipa,activo,no,no,1
CL-01722,451,54,54,mensual,136.18,7132.24,tarjeta,1,basico,1,30,9,0,0,53,Lima,activo,no,no,1
CL-01723,2069,1,24,anual,152.87,3619.01,tarjeta,0,premium,1,365,29,1,0,0,Lima,activo,no,no,1
CL-01724,2398,3,48,anual,81.53,3741.91,tarjeta,1,avanzado,0,365,27,1,0,2,Lima,activo,no,no,1
CL-01725,2491,37,37,mensual,65.51,1961.33,transferencia,0,premium,0,30,32,0,0,36,Lima,activo,no,si,1
CL-01726,994,50,50,mensual,100.69,4019.56,yape,0,avanzado,0,30,7,0,0,49,Lima,inactivo,no,si,1
CL-01727,580,1,1,mensual,34.16,33.19,tarjeta,1,premium,0,30,29,0,0,0,Lima,activo,no,no,0
CL-01728,1939,2,28,enterprise,255.73,6761.69,transferencia,1,avanzado,1,365,5,0,0,1,Arequipa,activo,no,no,1
CL-01729,966,30,30,mensual,64.42,2019.74,transferencia,0,avanzado,1,30,4,0,1,29,Cusco,activo,si,si,1
CL-01730,2230,47,47,mensual,174.53,7271.25,tarjeta,1,avanzado,0,30,22,0,0,46,Trujillo,inactivo,si,no,1
CL-01731,656,1,16,enterprise,400.99,5253.26,yape,1,avanzado,1,365,6,1,1,0,Cusco,activo,si,no,0
CL-01732,229,1,1,mensual,53.22,52.2,transferencia,1,basico,0,30,32,0,0,0,Cusco,activo,si,si,0
CL-01733,650,1,5,anual,151.87,740.03,yape,0,basico,1,365,22,1,0,0,Lima,activo,no,no,0
CL-01734,2224,30,30,mensual,183.71,4997.71,yape,0,premium,1,30,11,0,0,29,Chiclayo,inactivo,si,no,1
CL-01735,747,2,33,enterprise,152.52,4901.37,factura,0,avanzado,0,365,13,0,1,1,Lima,inactivo,si,no,0
CL-01736,429,5,72,anual,178.61,10843.2,yape,0,avanzado,1,365,23,1,0,4,Cusco,inactivo,no,no,1
CL-01737,1561,3,46,enterprise,263.32,9868.43,yape,1,basico,0,365,27,1,0,2,Arequipa,activo,si,no,1
CL-01738,1928,34,34,mensual,145.24,3890.42,transferencia,0,avanzado,0,30,36,0,0,33,Arequipa,activo,no,no,1
CL-01739,1290,31,31,mensual,130.5,3386.66,tarjeta,1,avanzado,0,30,26,0,0,30,Piura,activo,no,no,1
CL-01740,673,4,59,enterprise,271.13,15138.77,tarjeta,0,premium,0,365,25,1,0,3,Cusco,activo,no,si,1
CL-01741,2276,17,17,mensual,132.1,1858.38,transferencia,0,basico,1,30,28,0,0,16,Lima,activo,no,no,0
CL-01742,2119,28,28,mensual,116.36,3307.05,yape,0,basico,1,30,27,0,0,27,Trujillo,activo,no,no,1
CL-01743,1534,5,5,mensual,102.59,423.15,transferencia,1,basico,1,30,16,0,0,4,Arequipa,activo,no,si,0
CL-01744,1145,5,67,enterprise,120.78,7730.81,tarjeta,0,basico,0,365,10,1,1,4,Lima,activo,no,no,1
CL-01745,2009,3,42,anual,227.34,8672.41,tarjeta,1,avanzado,0,365,24,1,0,2,Lima,activo,si,no,1
CL-01746,1161,1,14,anual,335.15,3816.86,transferencia,0,avanzado,0,365,6,0,1,0,Piura,activo,si,no,0
CL-01747,1496,2,29,anual,89.86,2389.28,transferencia,1,avanzado,0,365,11,0,1,1,Lima,activo,no,si,1
CL-01748,1453,44,44,mensual,120.15,5479.14,yape,0,avanzado,1,30,7,0,1,43,Chiclayo,inactivo,si,no,1
CL-01749,1332,26,26,mensual,116.22,3122.2,tarjeta,1,premium,0,30,23,0,0,25,Cusco,activo,si,no,1
CL-01750,2129,19,19,mensual,46.77,744.21,transferencia,0,avanzado,0,30,44,0,0,18,Cusco,activo,si,no,1
CL-01751,1041,1,16,anual,50.11,730.36,transferencia,1,avanzado,1,365,40,0,0,0,Arequipa,inactivo,si,si,1
CL-01752,748,40,40,mensual,83.64,2660.61,factura,1,avanzado,1,30,4,0,1,39,Piura,activo,no,si,1
CL-01753,1264,1,23,enterprise,228.27,4676.42,factura,0,avanzado,1,365,37,1,0,0,Lima,activo,no,no,1
CL-01754,2446,1,21,enterprise,91.95,1634.45,transferencia,0,basico,1,365,7,1,1,0,Arequipa,activo,no,no,1
CL-01755,1223,1,1,mensual,151.76,156.14,tarjeta,0,basico,0,30,41,0,0,0,Arequipa,activo,si,si,0
CL-01756,2086,2,34,anual,306.57,9795.94,factura,1,basico,1,365,10,0,1,1,Lima,activo,no,si,1
CL-01757,2201,27,27,mensual,139.94,3043.4,factura,1,avanzado,1,30,6,0,1,26,Arequipa,activo,si,no,1
CL-01758,965,1,24,enterprise,245.56,6174.57,yape,0,basico,1,365,36,1,0,0,Cusco,activo,si,no,1
CL-01759,1313,3,37,enterprise,82.0,2907.34,transferencia,0,avanzado,1,365,38,1,0,2,Lima,activo,si,no,1
CL-01760,68,4,50,enterprise,417.12,16484.64,yape,0,premium,1,365,18,1,0,3,Chiclayo,activo,si,no,1
CL-01761,991,49,49,mensual,113.3,5495.44,yape,1,basico,0,30,25,0,0,48,Arequipa,activo,no,no,1
CL-01762,439,45,45,mensual,112.13,4628.39,yape,0,basico,1,30,36,0,0,44,Trujillo,activo,si,no,1
CL-01763,311,26,26,mensual,188.46,4263.35,yape,0,avanzado,0,30,39,0,0,25,Piura,activo,si,no,1
CL-01764,1391,18,18,mensual,87.01,1266.88,yape,1,avanzado,1,30,19,0,0,17,Chiclayo,activo,no,no,1
CL-01765,1572,6,6,mensual,34.65,173.26,factura,0,basico,1,30,36,0,0,5,Arequipa,activo,no,no,0
CL-01766,2075,17,17,mensual,68.27,928.68,factura,0,avanzado,1,30,36,0,0,16,Chiclayo,inactivo,no,si,1
CL-01767,1426,2,32,enterprise,329.38,10445.37,transferencia,0,basico,1,365,36,1,0,1,Arequipa,activo,no,no,0
CL-01768,2358,13,13,mensual,131.95,1426.99,factura,1,avanzado,0,30,41,0,0,12,Lima,activo,no,si,1
CL-01769,585,34,34,mensual,50.39,1526.5,transferencia,0,avanzado,0,30,38,0,0,33,Arequipa,activo,no,no,1
CL-01770,951,1,8,enterprise,114.7,954.65,tarjeta,1,avanzado,1,365,21,0,0,0,Lima,activo,no,no,1
CL-01771,2231,1,1,anual,151.61,158.94,tarjeta,1,premium,0,365,15,1,0,0,Cusco,inactivo,si,no,0
CL-01772,104,4,52,enterprise,118.0,6058.57,tarjeta,1,basico,1,365,45,0,0,3,Lima,activo,si,no,1
CL-01773,1710,1,20,anual,183.29,3627.94,transferencia,1,avanzado,1,365,21,1,0,0,Lima,activo,no,si,0
CL-01774,1764,1,11,enterprise,277.78,3157.8,factura,1,basico,0,365,42,0,0,0,Lima,activo,no,no,0
CL-01775,741,1,5,anual,158.04,781.54,tarjeta,0,premium,1,365,45,0,0,0,Lima,activo,si,si,0
CL-01776,780,42,42,mensual,62.9,2338.75,factura,1,basico,0,30,1,0,0,41,Cusco,inactivo,si,si,1
CL-01777,1365,5,66,anual,177.37,8991.62,tarjeta,0,avanzado,1,365,7,1,0,4,Lima,activo,si,si,1
CL-01778,1485,22,22,mensual,140.67,2514.51,tarjeta,0,avanzado,0,30,26,0,0,21,Chiclayo,activo,si,no,1
CL-01779,351,27,27,mensual,114.22,2724.24,tarjeta,1,premium,0,30,4,0,1,26,Lima,activo,no,si,1
CL-01780,1003,58,58,mensual,130.95,6301.07,transferencia,1,avanzado,1,30,30,0,0,57,Arequipa,activo,si,no,1
CL-01781,2049,1,1,mensual,129.63,110.02,factura,1,avanzado,0,30,1,0,1,0,Arequipa,activo,si,no,0
CL-01782,1579,5,72,enterprise,169.95,9393.63,tarjeta,0,avanzado,1,365,38,0,0,4,Arequipa,activo,si,no,1
CL-01783,335,72,72,mensual,61.49,4053.79,tarjeta,1,avanzado,0,30,20,0,0,71,Lima,inactivo,si,si,1
CL-01784,623,1,1,mensual,97.77,83.64,factura,1,basico,1,30,31,0,0,0,Piura,activo,no,si,0
CL-01785,90,29,29,mensual,232.67,5584.52,transferencia,1,basico,1,30,21,0,0,28,Lima,activo,si,no,1
CL-01786,392,1,14,enterprise,106.48,1391.01,tarjeta,1,basico,1,365,31,1,0,0,Lima,activo,no,si,1
CL-01787,142,25,25,mensual,104.46,2175.47,transferencia,0,avanzado,0,30,31,0,0,24,Arequipa,activo,si,no,1
CL-01788,427,1,22,anual,201.08,3949.88,yape,0,avanzado,1,365,14,0,1,0,Lima,activo,no,no,1
CL-01789,1950,4,52,enterprise,235.06,10070.88,transferencia,0,premium,1,365,37,1,0,3,Trujillo,activo,si,no,1
CL-01790,2294,29,29,mensual,147.19,4072.82,yape,0,avanzado,1,30,37,0,0,28,Lima,activo,no,no,1
CL-01791,2288,1,9,enterprise,263.91,2390.03,yape,0,basico,1,365,15,1,0,0,Cusco,activo,si,no,0
CL-01792,2168,28,28,mensual,101.76,2206.8,tarjeta,0,avanzado,1,30,3,0,1,27,Lima,activo,no,no,1
CL-01793,70,45,45,mensual,181.78,8147.01,yape,1,avanzado,1,30,21,0,0,44,Trujillo,activo,no,si,1
CL-01794,2130,1,3,anual,308.08,929.33,factura,1,avanzado,1,365,30,1,0,0,Arequipa,activo,no,si,0
CL-01795,1626,1,1,enterprise,474.62,493.36,tarjeta,1,avanzado,1,365,36,1,0,0,Piura,activo,si,no,0
CL-01796,1532,72,72,mensual,118.77,8537.34,tarjeta,0,avanzado,1,30,10,0,1,71,Lima,activo,si,no,1
CL-01797,220,1,16,anual,145.72,2135.01,transferencia,0,premium,1,365,22,1,0,0,Arequipa,activo,si,no,0
CL-01798,1023,28,28,mensual,97.65,2108.28,yape,1,basico,0,30,35,0,0,27,Arequipa,activo,si,no,1
CL-01799,730,1,22,anual,174.73,2968.9,transferencia,1,avanzado,1,365,24,0,0,0,Lima,activo,no,no,0
CL-01800,562,3,45,anual,124.38,4528.11,factura,1,premium,0,365,36,0,0,2,Arequipa,activo,no,si,1
CL-01801,1588,5,72,anual,317.16,20189.57,tarjeta,1,basico,1,365,31,0,0,4,Arequipa,activo,no,no,1
CL-01802,1630,3,46,anual,231.51,11039.57,tarjeta,0,avanzado,0,365,8,1,0,2,Lima,activo,si,no,1
CL-01803,292,1,1,mensual,102.92,82.6,tarjeta,1,basico,1,30,10,0,1,0,Trujillo,activo,si,no,0
CL-01804,800,1,1,anual,74.04,67.5,yape,0,avanzado,0,365,36,1,0,0,Arequipa,activo,si,no,1
CL-01805,1302,1,22,anual,168.0,3878.66,tarjeta,0,basico,1,365,32,1,0,0,Lima,activo,si,no,1
CL-01806,1490,2,25,anual,62.07,1170.23,transferencia,0,basico,0,365,38,1,0,1,Trujillo,activo,si,no,1
CL-01807,632,1,1,mensual,73.75,56.35,factura,1,avanzado,0,30,14,0,1,0,Arequipa,activo,no,no,0
CL-01808,895,52,52,mensual,98.62,4261.43,tarjeta,0,avanzado,1,30,3,0,0,51,Piura,activo,si,no,1
CL-01809,961,5,5,mensual,157.1,642.18,tarjeta,0,basico,1,30,11,0,1,4,Arequipa,activo,no,no,0
CL-01810,36,69,69,mensual,209.01,12973.47,factura,1,avanzado,1,30,20,0,0,68,Lima,activo,no,si,1
CL-01811,1753,72,72,mensual,144.19,9095.76,tarjeta,0,avanzado,1,30,6,0,0,71,Cusco,activo,no,no,1
CL-01812,1551,26,26,mensual,236.86,5697.06,transferencia,1,basico,0,30,9,0,1,25,Lima,activo,si,no,1
CL-01813,2181,3,43,anual,217.57,7429.43,transferencia,1,premium,1,365,7,1,0,2,Piura,inactivo,no,no,1
CL-01814,2471,2,2,mensual,201.85,385.84,yape,0,premium,0,30,6,0,1,1,Arequipa,activo,no,no,0
CL-01815,1757,3,47,enterprise,647.37,24779.5,tarjeta,0,basico,0,365,18,1,0,2,Lima,activo,si,no,1
CL-01816,1184,20,20,mensual,89.95,1593.19,factura,0,premium,1,30,37,0,0,19,Arequipa,inactivo,no,si,1
CL-01817,336,1,5,enterprise,171.13,650.3,yape,1,premium,1,365,18,1,0,0,Lima,activo,no,si,1
CL-01818,380,25,25,mensual,138.95,3436.78,tarjeta,1,avanzado,0,30,14,0,1,24,Lima,activo,no,no,1
CL-01819,253,20,20,mensual,107.36,2014.36,tarjeta,0,premium,0,30,25,0,0,19,Arequipa,activo,no,no,1
CL-01820,1867,1,24,anual,171.53,3345.38,yape,1,avanzado,1,365,29,1,0,0,Trujillo,activo,no,no,1
CL-01821,1101,4,55,enterprise,214.27,10966.1,transferencia,0,premium,1,365,16,1,0,3,Lima,activo,no,no,1
CL-01822,1262,13,13,mensual,102.8,1177.51,transferencia,1,basico,0,30,1,0,1,12,Lima,activo,si,no,1
CL-01823,2103,72,72,mensual,181.55,13043.89,tarjeta,1,avanzado,1,30,14,0,1,71,Lima,activo,no,no,1
CL-01824,1778,1,1,anual,98.05,102.47,yape,1,basico,0,365,4,1,1,0,Arequipa,activo,no,no,0
CL-01825,1359,5,72,anual,269.82,15296.0,tarjeta,0,avanzado,0,365,7,0,1,4,Arequipa,activo,si,no,1
CL-01826,2203,7,7,mensual,139.06,873.19,transferencia,1,basico,0,30,28,0,0,6,Piura,activo,no,no,0
CL-01827,1528,32,32,mensual,33.55,888.3,yape,0,avanzado,1,30,9,0,1,31,Lima,activo,si,no,1
CL-01828,695,20,20,mensual,57.85,1127.96,factura,0,premium,1,30,17,0,0,19,Arequipa,activo,no,no,1
CL-01829,2112,1,23,enterprise,203.32,3555.62,tarjeta,0,avanzado,1,365,18,0,0,0,Lima,activo,no,no,1
CL-01830,644,52,52,mensual,168.44,8000.12,transferencia,0,avanzado,0,30,40,0,0,51,Piura,activo,si,no,1
CL-01831,33,69,69,mensual,84.37,5863.03,tarjeta,0,basico,0,30,7,0,1,68,Trujillo,activo,si,si,1
CL-01832,1171,5,61,enterprise,258.62,13674.26,tarjeta,1,basico,1,365,4,1,1,4,Lima,activo,no,si,1
CL-01833,2069,22,22,mensual,35.3,777.66,tarjeta,0,premium,1,30,25,0,0,21,Arequipa,activo,no,si,1
CL-01834,218,36,36,mensual,234.26,6696.65,yape,1,avanzado,0,30,29,0,0,35,Piura,activo,si,si,1
CL-01835,2080,13,13,mensual,143.78,1916.8,transferencia,0,avanzado,1,30,23,0,0,12,Lima,activo,si,no,1
CL-01836,254,8,8,mensual,168.61,1331.93,factura,1,premium,0,30,32,0,0,7,Lima,activo,si,no,0
CL-01837,1991,4,4,mensual,82.44,286.01,tarjeta,0,avanzado,1,30,39,0,0,3,Arequipa,suspendido,no,no,0
CL-01838,1271,21,21,mensual,80.79,1338.93,yape,1,avanzado,1,30,28,0,0,20,Lima,activo,si,si,1
CL-01839,1342,3,38,enterprise,438.29,15091.56,transferencia,0,basico,0,365,25,0,0,2,Lima,activo,si,no,0
CL-01840,988,1,1,anual,44.88,42.69,yape,0,basico,1,365,31,0,0,0,Lima,activo,si,si,0
CL-01841,2076,31,31,mensual,142.31,3479.34,factura,0,premium,1,30,10,0,1,30,Lima,activo,si,no,1
CL-01842,1000,5,69,anual,86.28,6131.64,factura,1,premium,0,365,12,0,1,4,Cusco,inactivo,no,no,1
CL-01843,1425,59,59,mensual,112.29,6484.73,yape,1,basico,1,30,17,0,0,58,Chiclayo,activo,no,no,1
CL-01844,1609,1,17,enterprise,248.13,4367.91,tarjeta,1,avanzado,1,365,35,1,0,0,Lima,inactivo,no,si,0
CL-01845,318,1,1,mensual,51.85,43.54,yape,0,avanzado,0,30,39,0,0,0,Cusco,activo,no,no,0
CL-01846,2325,3,43,anual,212.1,8026.13,factura,1,avanzado,0,365,25,0,0,2,Lima,activo,no,si,1
CL-01847,519,1,1,mensual,36.41,29.93,tarjeta,0,avanzado,1,30,28,0,0,0,Lima,activo,no,no,0
CL-01848,2340,4,59,anual,142.16,6979.48,tarjeta,0,basico,0,365,36,0,0,3,Arequipa,activo,no,no,1
CL-01849,1624,27,27,mensual,112.74,2415.66,transferencia,0,avanzado,1,30,11,0,0,26,Lima,inactivo,no,si,1
CL-01850,1007,5,72,enterprise,128.03,7259.95,yape,1,avanzado,0,365,6,1,0,4,Lima,inactivo,no,no,1
CL-01851,2282,1,1,mensual,239.84,228.14,tarjeta,1,basico,1,30,34,0,0,0,Lima,activo,no,no,0
CL-01852,1623,4,54,enterprise,178.8,7696.0,tarjeta,1,avanzado,0,365,6,1,1,3,Arequipa,activo,no,no,1
CL-01853,1198,29,29,mensual,110.65,2535.09,tarjeta,0,avanzado,1,30,8,0,1,28,Arequipa,inactivo,no,si,1
CL-01854,997,1,24,anual,159.95,3494.75,transferencia,0,premium,1,365,18,1,0,0,Lima,activo,no,si,1
CL-01855,460,1,1,enterprise,324.86,312.26,tarjeta,0,premium,1,365,36,1,0,0,Lima,activo,si,no,0
CL-01856,1861,3,47,enterprise,413.14,19095.47,factura,1,avanzado,0,365,18,1,0,2,Arequipa,activo,no,no,1
CL-01857,903,48,48,mensual,250.92,11129.67,transferencia,0,avanzado,0,30,6,0,1,47,Piura,activo,no,no,1
CL-01858,1262,72,72,mensual,183.02,10679.9,tarjeta,1,premium,0,30,6,0,1,71,Lima,activo,no,no,1
CL-01859,1,57,57,mensual,136.75,7186.52,yape,0,basico,1,30,12,0,1,56,Arequipa,inactivo,si,no,1
CL-01860,315,17,17,mensual,203.69,3247.14,tarjeta,1,avanzado,0,30,4,0,0,16,Trujillo,activo,no,no,1
CL-01861,295,1,7,anual,233.0,1349.54,yape,1,basico,1,365,15,1,0,0,Lima,activo,no,no,0
CL-01862,1367,1,1,enterprise,585.47,464.48,factura,1,basico,0,365,4,1,1,0,Cusco,activo,si,no,0
CL-01863,1272,5,68,enterprise,444.81,31084.78,transferencia,1,premium,1,365,39,0,0,4,Lima,activo,si,no,1
CL-01864,2481,13,13,mensual,100.35,1015.96,tarjeta,0,basico,1,30,3,0,0,12,Lima,activo,no,no,1
CL-01865,843,5,68,anual,196.81,11150.17,transferencia,0,avanzado,0,365,9,0,0,4,Lima,activo,no,no,1
CL-01866,679,3,45,enterprise,90.91,3352.27,transferencia,0,avanzado,1,365,2,1,1,2,Chiclayo,activo,no,si,1
CL-01867,1302,3,40,enterprise,303.22,12342.21,transferencia,1,avanzado,0,365,14,1,1,2,Lima,inactivo,no,si,0
CL-01868,1920,24,24,mensual,31.78,686.9,yape,0,basico,1,30,37,0,0,23,Cusco,activo,no,si,1
CL-01869,1338,48,48,mensual,26.18,1303.1,tarjeta,1,avanzado,1,30,26,0,0,47,Lima,activo,si,si,1
CL-01870,716,2,31,enterprise,342.66,10606.16,yape,1,premium,0,365,43,0,0,1,Lima,activo,no,si,0
CL-01871,886,23,23,mensual,63.24,1420.28,transferencia,0,basico,0,30,28,0,0,22,Arequipa,activo,no,no,1
CL-01872,1815,49,49,mensual,108.33,4262.64,transferencia,0,basico,1,30,20,0,0,48,Cusco,activo,no,no,1
CL-01873,1990,2,28,enterprise,340.8,8142.59,tarjeta,0,avanzado,1,365,44,1,0,1,Lima,activo,no,no,0
CL-01874,1186,1,12,enterprise,346.33,4139.67,tarjeta,0,avanzado,1,365,9,1,1,0,Trujillo,activo,si,si,1
CL-01875,1453,3,47,enterprise,156.48,7685.95,transferencia,0,avanzado,0,365,6,1,1,2,Piura,activo,no,no,1
CL-01876,1786,2,30,enterprise,370.97,11277.97,yape,0,basico,1,365,15,1,0,1,Chiclayo,suspendido,si,no,0
CL-01877,21,44,44,mensual,134.0,6099.55,factura,0,basico,0,30,42,0,0,43,Chiclayo,activo,no,no,1
CL-01878,2083,21,21,mensual,129.87,2570.6,tarjeta,0,basico,0,30,37,0,0,20,Chiclayo,activo,no,no,1
CL-01879,1070,2,2,mensual,56.47,101.06,factura,0,avanzado,1,30,25,0,0,1,Lima,activo,si,no,0
CL-01880,48,5,72,anual,177.82,11579.28,tarjeta,0,premium,1,365,42,1,0,4,Lima,activo,no,no,1
CL-01881,2165,70,70,mensual,143.54,8917.9,factura,1,avanzado,0,30,30,0,0,69,Lima,activo,no,no,1
CL-01882,1605,4,54,anual,318.15,13683.28,tarjeta,1,avanzado,0,365,11,1,1,3,Lima,activo,no,si,1
CL-01883,1949,22,22,mensual,62.43,1156.08,transferencia,0,avanzado,1,30,1,0,1,21,Chiclayo,activo,si,no,1
CL-01884,169,1,24,anual,132.9,2478.68,yape,1,avanzado,0,365,2,0,1,0,Arequipa,inactivo,no,si,0
CL-01885,1178,66,66,mensual,51.91,2660.57,transferencia,1,avanzado,1,30,39,0,0,65,Lima,activo,si,no,1
CL-01886,2371,23,23,mensual,72.63,1409.14,factura,0,premium,1,30,14,0,1,22,Chiclayo,activo,si,si,1
CL-01887,935,16,16,mensual,48.43,736.01,factura,1,avanzado,1,30,19,0,0,15,Lima,activo,si,no,1
CL-01888,1291,72,72,mensual,116.77,7853.5,tarjeta,1,basico,0,30,18,0,0,71,Arequipa,activo,no,si,1
CL-01889,978,2,31,enterprise,318.34,9057.73,tarjeta,1,avanzado,1,365,4,1,1,1,Arequipa,inactivo,si,no,1
CL-01890,729,72,72,mensual,77.08,5409.24,tarjeta,0,basico,1,30,1,0,1,71,Piura,activo,no,no,1
CL-01891,2147,1,1,mensual,95.8,84.0,tarjeta,0,avanzado,1,30,33,0,0,0,Arequipa,activo,no,si,0
CL-01892,1687,3,45,enterprise,296.77,11787.22,yape,0,premium,1,365,31,0,0,2,Lima,suspendido,no,no,0
CL-01893,1255,5,72,anual,321.82,20979.19,tarjeta,0,avanzado,1,365,11,0,1,4,Lima,activo,si,no,1
CL-01894,1706,33,33,mensual,84.55,2148.35,transferencia,1,basico,0,30,6,0,1,32,Arequipa,activo,no,no,1
CL-01895,1177,25,25,mensual,68.84,1591.08,tarjeta,1,avanzado,0,30,24,0,0,24,Trujillo,activo,no,si,1
CL-01896,1145,3,3,mensual,76.88,224.89,factura,1,basico,0,30,4,0,1,2,Lima,activo,no,no,0
CL-01897,1384,4,58,anual,77.18,3711.38,tarjeta,0,avanzado,1,365,14,1,0,3,Trujillo,activo,no,no,1
CL-01898,2250,13,13,mensual,166.6,2179.76,yape,0,basico,0,30,33,0,0,12,Arequipa,suspendido,si,si,0
CL-01899,1692,30,30,mensual,103.02,2564.78,transferencia,0,avanzado,1,30,8,0,1,29,Lima,activo,si,no,1
CL-01900,2410,2,2,mensual,105.56,190.84,transferencia,1,premium,0,30,35,0,0,1,Lima,activo,si,no,0
CL-01901,2323,5,70,anual,324.15,22970.55,yape,0,basico,1,365,40,1,0,4,Lima,activo,si,no,1
CL-01902,1146,60,60,mensual,220.06,12826.49,tarjeta,1,avanzado,1,30,9,0,1,59,Lima,activo,si,si,1
CL-01903,215,2,31,enterprise,93.2,2666.26,yape,1,avanzado,0,365,30,1,0,1,Cusco,activo,no,no,1
CL-01904,1784,4,4,mensual,160.34,600.84,tarjeta,0,avanzado,0,30,35,0,0,3,Lima,activo,si,si,0
CL-01905,1230,5,70,anual,236.77,12971.83,tarjeta,1,premium,0,365,24,1,0,4,Trujillo,activo,no,no,1
CL-01906,18,23,23,mensual,111.75,2466.92,factura,0,avanzado,1,30,14,0,0,22,Piura,activo,si,no,1
CL-01907,154,5,5,mensual,134.85,629.46,tarjeta,0,basico,1,30,45,0,0,4,Arequipa,activo,si,no,0
CL-01908,766,1,1,mensual,33.56,26.02,tarjeta,0,avanzado,1,30,14,0,1,0,Chiclayo,activo,no,si,0
CL-01909,839,1,16,enterprise,418.51,5271.84,tarjeta,0,avanzado,0,365,12,1,1,0,Lima,activo,si,no,0
CL-01910,2088,1,1,enterprise,415.5,432.66,yape,1,premium,1,365,6,0,0,0,Arequipa,activo,no,si,0
CL-01911,1440,17,17,mensual,72.3,987.5,yape,1,avanzado,0,30,41,0,0,16,Arequipa,activo,si,si,1
CL-01912,310,50,50,mensual,96.04,4891.95,tarjeta,1,avanzado,1,30,11,0,1,49,Lima,inactivo,si,no,1
CL-01913,1320,1,23,enterprise,69.25,1326.36,transferencia,0,avanzado,1,365,6,0,1,0,Arequipa,activo,si,no,1
CL-01914,86,41,41,mensual,96.35,3432.21,yape,1,avanzado,0,30,2,0,1,40,Trujillo,activo,no,no,1
CL-01915,1199,14,14,mensual,72.63,932.06,yape,1,premium,0,30,14,0,0,13,Lima,activo,no,no,1
CL-01916,1712,33,33,mensual,49.14,1520.69,yape,0,avanzado,0,30,31,0,0,32,Trujillo,activo,si,si,1
CL-01917,979,5,72,anual,229.26,14845.05,tarjeta,0,avanzado,1,365,31,1,0,4,Arequipa,activo,no,si,1
CL-01918,937,1,23,anual,312.9,6149.81,tarjeta,1,avanzado,1,365,39,1,0,0,Lima,activo,no,no,1
CL-01919,2323,3,41,anual,218.71,8066.87,transferencia,1,basico,1,365,31,1,0,2,Lima,activo,si,no,1
CL-01920,2219,1,1,enterprise,264.35,253.83,transferencia,1,avanzado,1,365,3,1,1,0,Piura,activo,si,no,0
CL-01921,1278,69,69,mensual,118.31,7093.54,yape,1,basico,0,30,38,0,0,68,Chiclayo,activo,si,si,1
CL-01922,2411,20,20,mensual,125.31,2289.6,factura,0,premium,0,30,12,0,1,19,Lima,activo,no,si,1
CL-01923,1553,58,58,mensual,63.57,3184.71,yape,1,avanzado,1,30,44,0,0,57,Arequipa,suspendido,si,si,1
CL-01924,864,29,29,mensual,75.93,1869.42,transferencia,0,basico,0,30,16,0,0,28,Arequipa,activo,no,no,1
CL-01925,354,47,47,mensual,89.71,3540.26,transferencia,0,avanzado,0,30,1,0,0,46,Trujillo,inactivo,no,si,1
CL-01926,2431,48,48,mensual,122.68,4812.12,tarjeta,0,premium,0,30,18,0,0,47,Lima,activo,si,si,1
CL-01927,155,21,21,mensual,109.75,2254.58,transferencia,1,basico,1,30,21,0,0,20,Lima,activo,si,no,1
CL-01928,1737,4,59,anual,230.74,14228.57,tarjeta,1,basico,1,365,38,0,0,3,Lima,activo,no,no,1
CL-01929,1692,13,13,mensual,37.67,371.54,yape,1,avanzado,0,30,25,0,0,12,Lima,activo,no,si,0
CL-01930,1113,51,51,mensual,177.14,7306.98,yape,1,avanzado,1,30,2,0,1,50,Lima,activo,no,si,1
CL-01931,2007,1,22,anual,192.07,4391.5,factura,0,basico,1,365,3,0,0,0,Lima,activo,no,no,1
CL-01932,1369,3,40,anual,487.67,16630.18,transferencia,0,avanzado,1,365,28,1,0,2,Lima,inactivo,si,no,0
CL-01933,1106,1,21,enterprise,254.21,4626.76,tarjeta,0,avanzado,0,365,4,1,1,0,Lima,activo,no,si,0
CL-01934,2256,2,33,enterprise,366.08,11463.2,tarjeta,0,premium,1,365,24,1,0,1,Lima,activo,no,si,1
CL-01935,325,1,5,anual,348.28,1490.3,factura,0,premium,1,365,41,1,0,0,Chiclayo,activo,no,no,0
CL-01936,247,38,38,mensual,129.97,4434.16,tarjeta,1,basico,0,30,38,0,0,37,Lima,activo,no,no,1
CL-01937,254,33,33,mensual,115.35,3883.5,transferencia,1,avanzado,1,30,29,0,0,32,Piura,activo,no,no,1
CL-01938,878,1,19,anual,90.04,1572.93,tarjeta,1,avanzado,1,365,14,1,0,0,Trujillo,activo,si,no,1
CL-01939,1965,31,31,mensual,241.01,7098.22,yape,0,avanzado,0,30,24,0,0,30,Cusco,activo,si,no,1
CL-01940,957,35,35,mensual,44.39,1266.42,tarjeta,1,basico,0,30,5,0,0,34,Lima,activo,no,no,1
CL-01941,521,17,17,mensual,117.13,1649.59,transferencia,1,avanzado,0,30,34,0,0,16,Chiclayo,activo,no,no,1
CL-01942,1022,29,29,mensual,96.75,2854.76,yape,0,premium,1,30,6,0,1,28,Lima,activo,no,si,1
CL-01943,613,7,7,mensual,106.99,767.86,transferencia,0,basico,1,30,3,0,1,6,Lima,activo,si,si,0
CL-01944,1520,72,72,mensual,35.32,2522.93,transferencia,0,basico,0,30,29,0,0,71,Lima,activo,no,no,1
CL-01945,1162,4,58,enterprise,408.41,18633.27,tarjeta,1,avanzado,0,365,26,1,0,3,Lima,activo,si,si,1
CL-01946,485,3,39,enterprise,225.91,8771.37,tarjeta,1,premium,1,365,25,1,0,2,Lima,activo,no,si,1
CL-01947,1670,61,61,mensual,59.06,2722.78,tarjeta,1,avanzado,1,30,22,0,0,60,Cusco,inactivo,si,no,1
CL-01948,1452,1,1,enterprise,455.25,422.91,factura,0,basico,1,365,27,0,0,0,Arequipa,activo,si,no,1
CL-01949,2390,1,1,mensual,79.14,75.39,tarjeta,0,premium,0,30,20,0,0,0,Chiclayo,activo,si,no,0
CL-01950,2345,1,22,enterprise,405.37,7829.42,transferencia,1,avanzado,1,365,7,1,1,0,Arequipa,activo,no,no,1
CL-01951,1069,1,1,enterprise,352.58,315.12,tarjeta,0,avanzado,0,365,26,1,0,0,Lima,activo,no,no,0
CL-01952,1195,26,26,mensual,166.7,4215.25,transferencia,1,basico,1,30,2,0,1,25,Arequipa,activo,si,si,1
CL-01953,1850,3,37,enterprise,92.13,3471.75,tarjeta,1,basico,0,365,3,1,1,2,Lima,activo,si,no,1
CL-01954,1042,4,54,enterprise,354.64,15450.7,yape,1,avanzado,1,365,26,1,0,3,Chiclayo,activo,si,no,1
CL-01955,1484,1,4,enterprise,254.2,804.84,factura,0,premium,0,365,32,1,0,0,Trujillo,inactivo,si,no,1
CL-01956,294,3,42,enterprise,290.42,11453.55,transferencia,1,avanzado,1,365,4,0,1,2,Lima,activo,no,si,1
CL-01957,967,2,32,anual,198.85,5212.91,yape,1,premium,1,365,17,0,0,1,Trujillo,activo,si,no,0
CL-01958,1839,40,40,mensual,38.62,1248.61,tarjeta,1,avanzado,1,30,42,0,0,39,Cusco,activo,si,no,1
CL-01959,2407,1,19,enterprise,304.89,4698.32,transferencia,1,avanzado,0,365,36,1,0,0,Chiclayo,activo,no,no,1
CL-01960,1738,5,66,anual,53.09,2834.87,tarjeta,1,avanzado,0,365,37,1,0,4,Trujillo,inactivo,no,no,1
CL-01961,247,2,29,anual,180.35,4671.23,transferencia,0,avanzado,0,365,30,0,0,1,Trujillo,activo,si,no,0
CL-01962,1626,72,72,mensual,140.36,10503.25,transferencia,0,basico,0,30,9,0,1,71,Lima,activo,si,no,1
CL-01963,459,1,12,anual,319.94,3833.22,yape,1,premium,0,365,18,1,0,0,Lima,activo,si,no,0
CL-01964,2395,50,50,mensual,72.41,3305.52,yape,0,basico,1,30,27,0,0,49,Lima,activo,si,no,1
CL-01965,1124,2,30,anual,349.95,8129.51,factura,0,premium,1,365,30,1,0,1,Trujillo,activo,si,si,1
CL-01966,979,24,24,mensual,145.5,3323.96,tarjeta,1,premium,1,30,6,0,1,23,Piura,activo,si,si,1
CL-01967,1749,3,47,anual,158.76,6606.18,yape,1,basico,0,365,44,1,0,2,Trujillo,activo,si,no,1
CL-01968,1417,2,25,enterprise,154.39,3796.09,yape,1,basico,0,365,43,1,0,1,Chiclayo,activo,no,si,0
CL-01969,909,1,1,mensual,43.87,39.4,transferencia,0,avanzado,1,30,2,0,0,0,Trujillo,activo,no,no,0
CL-01970,2263,1,1,mensual,106.94,101.64,transferencia,1,avanzado,1,30,27,0,0,0,Trujillo,activo,no,no,0
CL-01971,1583,63,63,mensual,74.38,3795.68,yape,0,avanzado,0,30,7,0,0,62,Lima,activo,no,no,1
CL-01972,1826,5,62,enterprise,355.94,22067.5,tarjeta,0,basico,0,365,15,1,0,4,Trujillo,activo,si,no,1
CL-01973,1235,5,72,anual,133.96,9489.13,transferencia,0,premium,0,365,40,1,0,4,Lima,activo,no,no,1
CL-01974,1610,31,31,mensual,59.97,1602.9,transferencia,0,avanzado,1,30,31,0,0,30,Arequipa,activo,no,no,1
CL-01975,2458,1,1,mensual,115.59,120.11,tarjeta,0,avanzado,0,30,16,0,0,0,Arequipa,activo,no,si,0
CL-01976,1646,22,22,mensual,86.95,1526.72,factura,0,premium,1,30,1,0,0,21,Trujillo,activo,no,si,1
CL-01977,950,32,32,mensual,105.94,2562.91,tarjeta,0,avanzado,1,30,38,0,0,31,Piura,suspendido,si,no,1
CL-01978,686,1,7,enterprise,366.27,2509.9,factura,1,avanzado,1,365,13,1,1,0,Arequipa,activo,si,si,0
CL-01979,2204,5,72,anual,213.87,14323.36,transferencia,0,premium,1,365,28,1,0,4,Arequipa,activo,no,no,1
CL-01980,246,72,72,mensual,147.24,8303.73,tarjeta,0,premium,1,30,11,0,1,71,Arequipa,activo,no,no,1
CL-01981,1873,3,44,enterprise,282.96,9933.45,tarjeta,1,premium,0,365,36,1,0,2,Lima,activo,si,no,1
CL-01982,102,32,32,mensual,28.26,713.75,yape,1,premium,0,30,16,0,0,31,Lima,activo,si,no,1
CL-01983,244,1,1,enterprise,309.17,247.35,tarjeta,1,basico,0,365,34,1,0,0,Lima,suspendido,no,no,0
CL-01984,1659,70,70,mensual,144.42,8981.42,tarjeta,1,premium,1,30,4,0,1,69,Piura,activo,no,no,1
CL-01985,952,2,34,anual,275.22,7161.17,transferencia,0,premium,0,365,28,1,0,1,Lima,activo,no,no,1
CL-01986,1212,2,25,enterprise,347.63,7872.22,factura,1,avanzado,1,365,44,1,0,1,Chiclayo,activo,si,no,0
CL-01987,1856,44,44,mensual,85.44,3502.26,transferencia,1,avanzado,1,30,22,0,0,43,Lima,activo,si,no,1
CL-01988,2216,1,17,anual,293.42,4829.57,transferencia,0,avanzado,0,365,22,0,0,0,Trujillo,suspendido,no,no,0
CL-01989,1654,2,35,enterprise,199.15,7205.91,yape,1,avanzado,0,365,31,0,0,1,Cusco,activo,si,no,0
CL-01990,67,1,1,mensual,118.97,92.17,transferencia,1,basico,1,30,39,0,0,0,Lima,activo,si,no,0
CL-01991,717,59,59,mensual,78.0,3500.04,tarjeta,0,avanzado,1,30,37,0,0,58,Lima,inactivo,no,si,1
CL-01992,1584,2,29,anual,218.56,5018.25,transferencia,0,basico,0,365,3,0,1,1,Arequipa,activo,si,si,0
CL-01993,1224,60,60,mensual,100.7,5142.92,transferencia,0,avanzado,0,30,14,0,1,59,Lima,activo,no,no,1
CL-01994,437,27,27,mensual,170.34,4174.25,tarjeta,1,premium,0,30,39,0,0,26,Lima,activo,si,no,1
CL-01995,2232,29,29,mensual,241.44,5260.32,tarjeta,1,basico,0,30,44,0,0,28,Cusco,activo,si,si,1
CL-01996,1119,1,2,anual,296.6,568.11,transferencia,0,premium,0,365,30,0,0,0,Arequipa,inactivo,no,no,0
CL-01997,2032,51,51,mensual,183.88,9725.47,tarjeta,0,avanzado,0,30,1,0,1,50,Chiclayo,activo,si,no,1
CL-01998,2118,10,10,mensual,27.04,223.06,yape,1,premium,1,30,31,0,0,9,Lima,activo,si,si,1
CL-01999,770,1,20,enterprise,95.32,1434.83,transferencia,1,basico,0,365,43,0,0,0,Lima,activo,si,si,0
CL-02000,988,32,32,mensual,92.89,2901.06,tarjeta,1,basico,0,30,37,0,0,31,Trujillo,inactivo,si,no,1
CL-02001,1744,2,35,enterprise,321.72,11046.43,factura,0,avanzado,0,365,33,1,0,1,Trujillo,inactivo,no,no,1
CL-02002,1279,1,1,mensual,112.15,85.58,yape,0,avanzado,0,30,24,0,0,0,Lima,activo,no,si,0
CL-02003,1914,2,26,enterprise,93.58,2275.41,transferencia,0,avanzado,1,365,41,0,0,1,Lima,activo,si,si,1
CL-02004,1934,4,51,anual,304.03,12758.76,yape,1,avanzado,1,365,29,0,0,3,Lima,activo,si,si,0
CL-02005,513,23,23,mensual,202.41,4375.46,yape,1,avanzado,1,30,24,0,0,22,Lima,activo,no,no,1
CL-02006,47,2,26,enterprise,411.39,10352.94,tarjeta,1,premium,0,365,41,1,0,1,Lima,activo,no,no,0
CL-02007,1348,36,36,mensual,172.76,5080.12,transferencia,0,basico,0,30,1,0,1,35,Lima,activo,no,no,1
CL-02008,17,29,29,mensual,128.44,3084.95,tarjeta,0,basico,1,30,6,0,1,28,Lima,activo,no,no,1
CL-02009,2030,7,7,mensual,65.42,427.47,factura,1,premium,0,30,38,0,0,6,Trujillo,inactivo,si,no,0
CL-02010,1929,2,31,anual,150.86,4324.41,transferencia,0,basico,1,365,3,1,0,1,Lima,activo,no,no,0
CL-02011,1861,56,56,mensual,248.68,14146.81,yape,0,avanzado,1,30,41,0,0,55,Arequipa,activo,no,no,1
CL-02012,1007,6,6,mensual,102.74,556.71,tarjeta,0,avanzado,0,30,45,0,0,5,Piura,inactivo,si,no,0
CL-02013,769,23,23,mensual,84.51,1924.16,transferencia,1,basico,0,30,12,0,1,22,Lima,activo,si,si,1
CL-02014,2116,1,1,mensual,146.62,142.16,tarjeta,0,basico,0,30,40,0,0,0,Lima,activo,si,si,0
CL-02015,2162,55,55,mensual,186.4,9736.43,transferencia,0,basico,0,30,25,0,0,54,Lima,activo,no,no,1
CL-02016,2028,30,30,mensual,78.16,1893.5,transferencia,1,basico,0,30,24,0,0,29,Lima,activo,si,no,1
CL-02017,1092,11,11,mensual,105.08,962.74,transferencia,1,basico,0,30,42,0,0,10,Lima,activo,no,no,0
CL-02018,1883,34,34,mensual,69.67,2179.35,transferencia,0,basico,1,30,36,0,0,33,Piura,activo,si,no,1
CL-02019,43,1,2,anual,169.55,261.03,tarjeta,0,premium,0,365,41,1,0,0,Lima,activo,si,si,1
CL-02020,2425,6,6,mensual,198.18,907.88,yape,0,premium,0,30,40,0,0,5,Lima,activo,no,no,0
CL-02021,100,1,1,anual,110.58,84.59,tarjeta,0,basico,0,365,33,0,0,0,Lima,activo,no,no,0
CL-02022,1305,6,6,mensual,137.38,846.03,yape,0,avanzado,0,30,22,0,0,5,Lima,activo,si,si,0
CL-02023,2480,65,65,mensual,120.47,7491.2,yape,0,avanzado,0,30,9,0,1,64,Lima,activo,no,no,1
CL-02024,399,14,14,mensual,235.81,3304.74,yape,0,basico,1,30,5,0,1,13,Piura,suspendido,no,si,0
CL-02025,2039,43,43,mensual,142.9,6384.5,factura,1,basico,0,30,12,0,0,42,Lima,activo,no,no,1
CL-02026,931,11,11,mensual,92.77,979.95,tarjeta,1,avanzado,1,30,22,0,0,10,Trujillo,activo,no,no,0
CL-02027,840,4,51,enterprise,324.09,14951.7,transferencia,1,basico,1,365,7,0,1,3,Lima,activo,no,no,0
CL-02028,2213,7,7,mensual,117.84,737.2,transferencia,1,premium,0,30,16,0,0,6,Cusco,activo,no,no,0
CL-02029,2280,33,33,mensual,30.98,995.56,transferencia,1,avanzado,0,30,36,0,0,32,Chiclayo,activo,no,no,1
CL-02030,1653,2,33,anual,131.37,4380.16,transferencia,1,avanzado,0,365,2,1,1,1,Lima,activo,no,si,1
CL-02031,514,72,72,mensual,81.16,5837.0,factura,0,premium,1,30,14,0,1,71,Arequipa,activo,no,si,1
CL-02032,1500,47,47,mensual,26.39,1113.67,transferencia,0,basico,1,30,44,0,0,46,Arequipa,activo,no,no,1
CL-02033,1321,17,17,mensual,134.22,2240.79,factura,0,avanzado,1,30,15,0,0,16,Lima,activo,no,no,1
CL-02034,144,49,49,mensual,39.79,1741.04,transferencia,1,basico,1,30,33,0,0,48,Lima,activo,no,no,1
CL-02035,1485,72,72,mensual,76.26,4751.21,yape,0,avanzado,1,30,28,0,0,71,Lima,activo,no,no,1
CL-02036,1758,1,1,enterprise,286.93,240.82,tarjeta,0,basico,1,365,36,1,0,0,Lima,activo,si,si,0
CL-02037,843,1,11,enterprise,308.26,2598.63,tarjeta,0,basico,1,365,33,1,0,0,Lima,activo,no,no,0
CL-02038,1683,26,26,mensual,96.88,2041.17,factura,0,avanzado,0,30,27,0,0,25,Arequipa,activo,si,si,1
CL-02039,49,1,22,anual,140.85,3002.65,yape,0,basico,0,365,44,1,0,0,Lima,activo,si,no,0
CL-02040,1968,1,24,enterprise,211.0,4058.86,transferencia,1,basico,1,365,13,1,1,0,Trujillo,activo,si,no,1
CL-02041,2215,1,1,mensual,118.67,121.09,transferencia,0,premium,1,30,13,0,1,0,Lima,activo,no,no,0
CL-02042,1897,5,66,enterprise,285.14,14558.09,tarjeta,0,basico,0,365,27,1,0,4,Lima,activo,si,no,1
CL-02043,2296,1,1,anual,118.19,90.46,tarjeta,1,basico,0,365,33,1,0,0,Lima,activo,si,no,1
CL-02044,1045,2,27,enterprise,291.4,7036.37,tarjeta,1,basico,0,365,31,1,0,1,Trujillo,activo,si,no,1
CL-02045,2450,4,58,enterprise,318.39,15083.52,factura,1,avanzado,0,365,44,1,0,3,Lima,activo,no,no,1
CL-02046,295,31,31,mensual,84.16,2037.3,tarjeta,1,premium,0,30,27,0,0,30,Cusco,inactivo,no,no,1
CL-02047,1286,8,8,mensual,296.61,1822.28,transferencia,0,premium,1,30,35,0,0,7,Trujillo,activo,si,no,0
CL-02048,635,1,1,mensual,105.52,95.83,yape,0,avanzado,0,30,6,0,1,0,Lima,activo,no,no,0
CL-02049,10,26,26,mensual,96.88,2085.23,transferencia,1,avanzado,0,30,2,0,1,25,Lima,activo,si,no,1
CL-02050,707,13,13,mensual,84.35,1005.24,yape,0,premium,0,30,37,0,0,12,Piura,inactivo,no,no,0
CL-02051,230,3,37,enterprise,178.27,5240.44,transferencia,0,avanzado,1,365,21,0,0,2,Lima,activo,si,no,0
CL-02052,2388,1,1,mensual,137.64,104.24,tarjeta,1,premium,1,30,14,0,0,0,Trujillo,activo,no,no,0
CL-02053,822,52,52,mensual,75.64,2982.13,transferencia,0,basico,0,30,34,0,0,51,Trujillo,activo,si,no,1
CL-02054,859,2,35,enterprise,223.15,6121.69,transferencia,0,avanzado,1,365,18,1,0,1,Arequipa,activo,no,si,1
CL-02055,2325,37,37,mensual,85.77,3137.99,factura,1,basico,1,30,2,0,1,36,Arequipa,activo,no,no,1
CL-02056,307,67,67,mensual,73.88,4378.51,transferencia,0,avanzado,1,30,25,0,0,66,Lima,activo,no,si,1
CL-02057,1032,1,21,enterprise,86.99,1711.99,yape,0,premium,1,365,6,0,1,0,Arequipa,activo,si,si,0
CL-02058,2408,14,14,mensual,84.06,1191.55,factura,1,avanzado,0,30,44,0,0,13,Piura,activo,no,no,1
CL-02059,2485,18,18,mensual,197.34,2890.65,tarjeta,0,avanzado,0,30,15,0,0,17,Cusco,activo,no,no,1
CL-02060,1853,27,27,mensual,147.88,4038.3,tarjeta,1,basico,1,30,15,0,0,26,Lima,activo,si,no,1
CL-02061,795,2,30,enterprise,404.74,11822.75,tarjeta,0,avanzado,0,365,38,1,0,1,Cusco,inactivo,si,no,1
CL-02062,881,11,11,mensual,171.66,1829.17,factura,0,premium,1,30,2,0,1,10,Trujillo,activo,no,no,0
CL-02063,111,1,1,mensual,125.51,126.92,transferencia,1,basico,1,30,31,0,0,0,Lima,activo,si,si,0
CL-02064,17,18,18,mensual,188.94,2679.12,transferencia,0,basico,0,30,44,0,0,17,Arequipa,inactivo,no,no,1
CL-02065,66,41,41,mensual,131.53,4918.98,transferencia,1,avanzado,1,30,2,0,0,40,Arequipa,activo,no,no,1
CL-02066,11,2,35,enterprise,363.37,11383.33,yape,1,avanzado,1,365,44,0,0,1,Cusco,activo,si,no,0
CL-02067,1672,61,61,mensual,136.07,7878.62,transferencia,0,avanzado,1,30,28,0,0,60,Trujillo,activo,no,no,1
CL-02068,1145,5,72,enterprise,499.38,29533.61,tarjeta,1,basico,0,365,9,1,1,4,Piura,activo,no,no,0
CL-02069,821,51,51,mensual,101.8,4092.17,transferencia,0,avanzado,0,30,39,0,0,50,Piura,activo,no,si,1
CL-02070,2160,66,66,mensual,77.29,5315.56,transferencia,1,avanzado,1,30,38,0,0,65,Piura,activo,si,no,1
CL-02071,164,4,51,enterprise,337.82,15328.56,transferencia,1,avanzado,1,365,45,1,0,3,Piura,activo,no,no,1
CL-02072,1628,72,72,mensual,56.91,3358.35,tarjeta,0,basico,0,30,42,0,0,71,Lima,activo,no,no,1
CL-02073,585,72,72,mensual,159.34,9047.16,tarjeta,1,basico,0,30,28,0,0,71,Lima,activo,no,no,1
CL-02074,108,4,55,enterprise,382.98,19548.97,tarjeta,0,avanzado,0,365,1,1,0,3,Lima,activo,no,si,1
CL-02075,1274,49,49,mensual,87.61,3409.97,factura,1,basico,0,30,34,0,0,48,Trujillo,activo,si,no,1
CL-02076,396,27,27,mensual,132.3,2875.23,tarjeta,0,basico,0,30,34,0,0,26,Arequipa,activo,si,si,1
CL-02077,1098,2,31,enterprise,90.17,2894.91,transferencia,0,premium,0,365,35,0,0,1,Chiclayo,activo,si,no,0
CL-02078,1815,24,24,mensual,144.56,2632.44,tarjeta,0,premium,0,30,9,0,0,23,Trujillo,activo,no,si,1
CL-02079,1478,47,47,mensual,91.77,3476.64,tarjeta,0,basico,1,30,34,0,0,46,Arequipa,activo,no,no,1
CL-02080,1109,14,14,mensual,206.29,2747.6,transferencia,0,avanzado,0,30,38,0,0,13,Piura,activo,si,si,1
CL-02081,544,27,27,mensual,104.3,2295.31,factura,0,avanzado,0,30,4,0,1,26,Cusco,activo,no,no,1
CL-02082,1783,1,1,mensual,79.62,64.06,tarjeta,1,avanzado,0,30,1,0,1,0,Lima,inactivo,no,no,0
CL-02083,909,5,72,anual,60.96,4024.6,yape,1,avanzado,0,365,4,1,1,4,Arequipa,activo,si,si,1
CL-02084,2256,26,26,mensual,163.94,4086.77,yape,0,avanzado,0,30,32,0,0,25,Chiclayo,activo,si,si,1
CL-02085,1951,3,43,anual,157.35,5948.64,transferencia,0,avanzado,1,365,14,0,1,2,Trujillo,inactivo,no,no,1
CL-02086,1833,68,68,mensual,58.21,3896.48,factura,1,basico,1,30,37,0,0,67,Lima,activo,si,si,1
CL-02087,1519,39,39,mensual,154.52,5993.52,tarjeta,1,avanzado,0,30,44,0,0,38,Lima,activo,no,si,1
CL-02088,1640,67,67,mensual,180.2,11311.87,tarjeta,0,avanzado,1,30,2,0,0,66,Cusco,suspendido,no,si,1
CL-02089,1261,1,1,anual,220.45,203.55,transferencia,0,basico,1,365,34,0,0,0,Cusco,activo,si,no,0
CL-02090,2111,72,72,mensual,124.19,8896.0,transferencia,1,basico,1,30,35,0,0,71,Cusco,activo,no,no,1
CL-02091,2004,59,59,mensual,105.66,4703.56,transferencia,0,basico,0,30,4,0,0,58,Lima,activo,no,no,1
CL-02092,1104,3,37,enterprise,353.35,11808.27,factura,0,avanzado,1,365,6,1,1,2,Cusco,activo,no,no,1
CL-02093,1318,5,67,anual,252.51,13342.0,tarjeta,1,basico,1,365,37,1,0,4,Chiclayo,activo,no,si,1
CL-02094,1617,3,3,mensual,122.77,300.71,factura,1,avanzado,1,30,4,0,1,2,Arequipa,suspendido,si,no,0
CL-02095,1307,2,25,enterprise,518.08,13401.43,transferencia,1,avanzado,1,365,9,1,1,1,Arequipa,activo,si,no,1
CL-02096,2037,67,67,mensual,93.11,4685.72,yape,0,avanzado,0,30,42,0,0,66,Lima,activo,si,si,1
CL-02097,1725,1,1,mensual,65.14,54.85,transferencia,1,basico,0,30,33,0,0,0,Lima,activo,no,no,0
CL-02098,2157,46,46,mensual,116.3,4260.09,transferencia,1,avanzado,1,30,42,0,0,45,Lima,activo,si,si,1
CL-02099,1494,45,45,mensual,154.25,6393.76,yape,1,premium,0,30,13,0,1,44,Lima,activo,no,si,1
CL-02100,932,72,72,mensual,27.68,1999.49,transferencia,1,avanzado,1,30,34,0,0,71,Lima,activo,no,no,1
CL-02101,346,1,1,anual,56.78,49.24,factura,0,avanzado,0,365,28,0,0,0,Trujillo,activo,no,si,0
CL-02102,840,71,71,mensual,149.34,10615.39,transferencia,0,premium,1,30,41,0,0,70,Lima,activo,si,no,1
CL-02103,2110,1,18,enterprise,420.07,6669.57,tarjeta,1,avanzado,1,365,11,1,1,0,Chiclayo,inactivo,no,no,1
CL-02104,537,1,21,enterprise,101.55,2180.99,yape,1,avanzado,1,365,1,1,1,0,Piura,activo,no,si,1
CL-02105,352,1,2,anual,227.18,456.22,transferencia,1,avanzado,0,365,18,1,0,0,Lima,inactivo,si,no,0
CL-02106,2167,1,5,anual,175.83,706.53,yape,1,basico,0,365,24,1,0,0,Piura,activo,no,no,1
CL-02107,1806,3,42,anual,148.44,6331.23,tarjeta,0,basico,0,365,26,1,0,2,Arequipa,inactivo,si,no,1
CL-02108,1445,1,5,enterprise,377.15,1523.25,yape,1,avanzado,1,365,40,1,0,0,Piura,activo,no,no,0
CL-02109,2105,50,50,mensual,47.12,2113.61,yape,0,avanzado,0,30,31,0,0,49,Trujillo,activo,no,si,1
CL-02110,1427,16,16,mensual,59.69,772.44,factura,1,avanzado,0,30,41,0,0,15,Lima,inactivo,no,no,1
CL-02111,638,2,2,mensual,117.17,202.92,transferencia,1,basico,0,30,33,0,0,1,Trujillo,activo,si,no,0
CL-02112,604,19,19,mensual,130.24,2587.6,tarjeta,1,premium,1,30,17,0,0,18,Trujillo,activo,no,no,1
CL-02113,955,40,40,mensual,44.25,1733.79,transferencia,1,avanzado,0,30,37,0,0,39,Cusco,activo,si,si,1
CL-02114,884,2,25,anual,223.06,5109.31,yape,1,avanzado,0,365,15,1,0,1,Cusco,activo,si,si,1
CL-02115,599,33,33,mensual,77.91,2649.82,transferencia,0,basico,0,30,37,0,0,32,Cusco,activo,no,no,1
CL-02116,197,4,49,enterprise,229.23,9636.29,factura,1,avanzado,0,365,32,1,0,3,Trujillo,activo,si,si,1
CL-02117,30,58,58,mensual,105.24,4895.11,factura,1,basico,0,30,10,0,1,57,Piura,activo,no,si,1
CL-02118,792,24,24,mensual,129.2,3096.72,factura,0,avanzado,1,30,3,0,1,23,Cusco,inactivo,si,no,1
CL-02119,1760,6,6,mensual,127.43,576.23,tarjeta,0,premium,0,30,40,0,0,5,Cusco,activo,no,no,0
CL-02120,2432,34,34,mensual,69.02,2326.45,tarjeta,1,avanzado,1,30,36,0,0,33,Lima,activo,no,si,1
CL-02121,405,43,43,mensual,36.81,1197.5,tarjeta,0,premium,0,30,3,0,1,42,Chiclayo,activo,no,no,1
CL-02122,1525,1,1,mensual,98.49,82.27,factura,1,avanzado,1,30,12,0,1,0,Piura,activo,no,no,0
CL-02123,1977,10,10,mensual,116.74,1000.05,yape,0,basico,0,30,22,0,0,9,Arequipa,activo,si,si,0
CL-02124,1698,14,14,mensual,54.83,649.07,tarjeta,1,premium,1,30,24,0,0,13,Piura,activo,no,no,1
CL-02125,1674,27,27,mensual,41.35,918.87,transferencia,1,premium,0,30,17,0,0,26,Arequipa,inactivo,si,no,1
CL-02126,1535,13,13,mensual,122.02,1241.17,factura,1,avanzado,0,30,9,0,1,12,Arequipa,activo,si,no,1
CL-02127,2134,49,49,mensual,83.26,3063.7,tarjeta,1,basico,0,30,31,0,0,48,Piura,activo,no,no,1
CL-02128,1638,1,1,mensual,45.07,44.28,transferencia,0,avanzado,1,30,34,0,0,0,Lima,inactivo,si,no,0
CL-02129,2486,1,1,mensual,190.91,169.35,yape,1,basico,0,30,29,0,0,0,Trujillo,inactivo,si,si,0
CL-02130,2273,24,24,mensual,91.02,1744.49,tarjeta,0,premium,1,30,44,0,0,23,Cusco,activo,no,no,1
CL-02131,2071,28,28,mensual,177.87,3858.05,transferencia,0,avanzado,0,30,18,0,0,27,Piura,activo,no,si,1
CL-02132,2316,1,1,anual,178.3,148.62,factura,1,basico,1,365,25,1,0,0,Trujillo,inactivo,no,si,0
CL-02133,785,1,17,enterprise,384.26,5593.79,tarjeta,1,basico,0,365,15,1,0,0,Lima,activo,si,si,1
CL-02134,107,1,22,enterprise,281.97,5511.21,transferencia,1,basico,1,365,43,1,0,0,Cusco,activo,no,si,1
CL-02135,609,22,22,mensual,37.27,639.81,factura,1,avanzado,1,30,19,0,0,21,Lima,activo,no,no,1
CL-02136,671,36,36,mensual,46.45,1745.74,transferencia,1,basico,0,30,19,0,0,35,Trujillo,activo,no,no,1
CL-02137,1778,16,16,mensual,87.66,1165.0,tarjeta,1,avanzado,0,30,34,0,0,15,Trujillo,activo,no,si,1
CL-02138,435,5,68,enterprise,410.56,24634.6,yape,1,basico,0,365,13,1,0,4,Piura,activo,no,si,1
CL-02139,2222,3,44,enterprise,80.46,3408.21,transferencia,0,avanzado,0,365,17,1,0,2,Lima,activo,no,si,1
CL-02140,2271,1,12,enterprise,345.11,3491.37,tarjeta,1,avanzado,1,365,38,0,0,0,Cusco,activo,no,si,0
CL-02141,1004,2,34,enterprise,120.07,3162.82,tarjeta,0,basico,0,365,1,1,0,1,Arequipa,activo,no,no,1
CL-02142,1987,35,35,mensual,131.89,3983.56,factura,0,basico,1,30,2,0,1,34,Trujillo,activo,si,si,1
CL-02143,1093,5,62,enterprise,263.76,14977.2,yape,1,basico,0,365,39,1,0,4,Trujillo,activo,si,no,1
CL-02144,2322,1,17,enterprise,312.78,5330.69,tarjeta,1,premium,1,365,13,1,1,0,Lima,activo,si,no,0
CL-02145,932,51,51,mensual,137.81,6047.0,tarjeta,0,avanzado,1,30,36,0,0,50,Cusco,activo,no,si,1
CL-02146,96,2,33,enterprise,322.7,10828.6,factura,1,basico,0,365,32,1,0,1,Lima,activo,si,si,0
CL-02147,80,69,69,mensual,192.36,12129.02,yape,0,avanzado,1,30,9,0,1,68,Chiclayo,activo,si,no,1
CL-02148,1514,5,64,enterprise,283.08,17487.48,transferencia,1,basico,0,365,9,0,1,4,Lima,activo,si,si,1
CL-02149,1491,3,37,enterprise,621.88,17465.4,yape,1,avanzado,0,365,45,1,0,2,Chiclayo,activo,no,no,1
CL-02150,122,25,25,mensual,57.34,1460.33,tarjeta,1,basico,1,30,41,0,0,24,Lima,activo,no,no,1
CL-02151,1934,3,44,anual,124.77,4468.95,tarjeta,0,premium,0,365,12,0,1,2,Lima,activo,si,no,1
CL-02152,431,27,27,mensual,190.88,4369.15,factura,0,avanzado,1,30,22,0,0,26,Arequipa,suspendido,si,no,1
CL-02153,2270,5,72,enterprise,317.67,20747.33,transferencia,0,avanzado,0,365,39,1,0,4,Arequipa,activo,no,no,1
CL-02154,2048,2,34,enterprise,387.79,13685.21,tarjeta,1,basico,1,365,12,1,1,1,Trujillo,activo,no,si,1
CL-02155,1727,1,22,anual,257.3,4832.47,transferencia,0,basico,0,365,30,1,0,0,Trujillo,activo,no,si,0
CL-02156,1566,1,21,enterprise,70.96,1216.19,transferencia,0,basico,0,365,17,1,0,0,Lima,activo,no,no,1
CL-02157,1529,2,2,mensual,212.76,441.78,factura,1,premium,0,30,40,0,0,1,Cusco,activo,no,si,0
CL-02158,1335,46,46,mensual,93.63,4274.85,tarjeta,0,premium,1,30,13,0,1,45,Arequipa,activo,si,no,1
CL-02159,276,12,12,mensual,169.77,1933.39,yape,0,basico,1,30,20,0,0,11,Trujillo,activo,no,no,1
CL-02160,69,59,59,mensual,39.14,2015.73,yape,0,premium,1,30,32,0,0,58,Trujillo,activo,si,si,1
CL-02161,2008,1,1,mensual,143.77,125.96,yape,1,avanzado,1,30,31,0,0,0,Trujillo,activo,si,no,0
CL-02162,707,35,35,mensual,95.08,3444.94,yape,1,avanzado,0,30,5,0,0,34,Lima,activo,si,no,1
CL-02163,2430,60,60,mensual,177.46,8205.97,yape,0,premium,1,30,4,0,0,59,Cusco,activo,si,no,1
CL-02164,891,1,1,mensual,104.37,102.0,transferencia,1,premium,0,30,39,0,0,0,Arequipa,activo,no,no,0
CL-02165,1278,5,72,enterprise,323.16,21646.82,tarjeta,0,avanzado,0,365,35,1,0,4,Lima,activo,si,no,1
CL-02166,1066,21,21,mensual,63.37,1384.71,factura,0,avanzado,0,30,7,0,0,20,Lima,activo,no,si,1
CL-02167,1243,2,35,enterprise,331.66,10650.68,tarjeta,0,avanzado,1,365,30,1,0,1,Lima,activo,no,si,1
CL-02168,314,46,46,mensual,88.43,3393.19,tarjeta,0,basico,0,30,13,0,1,45,Piura,activo,no,si,1
CL-02169,246,50,50,mensual,161.32,7936.75,tarjeta,1,avanzado,0,30,19,0,0,49,Trujillo,activo,no,si,1
CL-02170,612,39,39,mensual,135.9,5542.25,tarjeta,0,premium,1,30,29,0,0,38,Lima,activo,no,no,1
CL-02171,804,56,56,mensual,127.15,7278.73,tarjeta,0,basico,0,30,29,0,0,55,Cusco,activo,si,no,1
CL-02172,1678,45,45,mensual,48.77,1840.04,transferencia,0,avanzado,0,30,16,0,0,44,Trujillo,activo,no,si,1
CL-02173,2246,72,72,mensual,129.79,7979.64,transferencia,0,basico,0,30,38,0,0,71,Arequipa,activo,no,no,1
CL-02174,1571,45,45,mensual,235.48,10347.01,yape,1,avanzado,1,30,23,0,0,44,Piura,activo,no,si,1
CL-02175,1915,72,72,mensual,162.16,10851.9,factura,0,basico,1,30,37,0,0,71,Cusco,activo,si,si,1
CL-02176,884,4,54,anual,58.79,2392.05,transferencia,0,premium,1,365,26,1,0,3,Arequipa,inactivo,no,no,1
CL-02177,1503,1,1,mensual,142.89,113.25,factura,0,avanzado,1,30,17,0,0,0,Cusco,activo,si,si,0
CL-02178,882,5,72,enterprise,347.61,19412.85,tarjeta,0,basico,1,365,12,0,1,4,Lima,activo,si,si,1
CL-02179,208,18,18,mensual,83.96,1214.49,transferencia,1,basico,1,30,1,0,1,17,Arequipa,activo,no,si,1
CL-02180,2051,5,69,enterprise,257.95,14977.0,tarjeta,1,basico,1,365,25,1,0,4,Lima,activo,no,si,1
CL-02181,2316,2,33,enterprise,278.78,9569.2,transferencia,1,basico,0,365,26,1,0,1,Lima,activo,si,si,1
CL-02182,700,4,58,enterprise,350.28,19360.17,factura,0,avanzado,0,365,43,1,0,3,Arequipa,activo,si,no,1
CL-02183,1169,1,15,enterprise,140.6,1616.4,tarjeta,1,basico,0,365,12,0,1,0,Lima,activo,no,no,0
CL-02184,164,47,47,mensual,155.16,6798.16,yape,0,avanzado,1,30,1,0,1,46,Lima,activo,si,no,1
CL-02185,423,26,26,mensual,105.0,2405.13,yape,0,basico,0,30,41,0,0,25,Chiclayo,activo,no,no,1
CL-02186,801,71,71,mensual,59.5,4124.01,tarjeta,1,basico,0,30,27,0,0,70,Lima,activo,no,si,1
CL-02187,1396,3,43,enterprise,487.47,21279.37,transferencia,0,premium,1,365,3,1,0,2,Piura,activo,si,si,1
CL-02188,383,4,55,anual,47.91,2027.84,tarjeta,1,premium,0,365,15,0,0,3,Cusco,activo,no,no,1
CL-02189,1986,1,1,mensual,83.72,87.4,transferencia,1,basico,0,30,44,0,0,0,Lima,activo,si,si,0
CL-02190,702,2,30,enterprise,216.81,4991.21,yape,0,avanzado,0,365,39,1,0,1,Lima,activo,si,no,1
CL-02191,2115,42,42,mensual,271.57,11060.48,tarjeta,1,basico,1,30,25,0,0,41,Trujillo,activo,no,si,1
CL-02192,791,3,37,anual,99.58,3761.61,factura,1,avanzado,1,365,5,1,1,2,Lima,inactivo,no,no,1
CL-02193,1328,4,55,anual,61.04,3275.0,yape,1,premium,1,365,30,1,0,3,Cusco,activo,no,si,1
CL-02194,498,23,23,mensual,89.65,1639.74,tarjeta,0,avanzado,0,30,3,0,1,22,Lima,activo,no,si,1
CL-02195,2454,2,33,anual,258.69,6935.25,transferencia,1,avanzado,1,365,18,0,0,1,Lima,activo,no,no,0
CL-02196,740,5,61,enterprise,325.59,15141.1,transferencia,0,premium,1,365,19,1,0,4,Trujillo,activo,si,si,1
CL-02197,138,1,1,mensual,230.31,181.79,transferencia,0,basico,1,30,35,0,0,0,Lima,activo,si,si,0
CL-02198,1575,46,46,mensual,179.64,6348.84,transferencia,0,avanzado,1,30,31,0,0,45,Lima,activo,no,si,1
CL-02199,953,24,24,mensual,114.84,2111.47,transferencia,1,basico,0,30,22,0,0,23,Lima,activo,no,no,1
CL-02200,1422,1,9,anual,89.48,739.79,factura,0,basico,1,365,1,1,1,0,Lima,activo,no,si,1
CL-02201,2046,40,40,mensual,190.77,5898.69,tarjeta,1,avanzado,1,30,1,0,1,39,Cusco,activo,si,no,1
CL-02202,159,5,62,enterprise,268.84,14626.55,transferencia,0,basico,0,365,37,1,0,4,Trujillo,activo,no,si,1
CL-02203,2084,4,57,enterprise,217.9,11959.49,tarjeta,0,basico,0,365,30,1,0,3,Piura,activo,si,si,1
CL-02204,732,29,29,mensual,112.71,2466.28,transferencia,0,basico,0,30,16,0,0,28,Cusco,activo,si,no,1
CL-02205,628,53,53,mensual,39.23,1957.9,tarjeta,1,premium,1,30,34,0,0,52,Chiclayo,activo,si,no,1
CL-02206,1132,4,53,anual,120.16,6222.99,tarjeta,0,basico,0,365,42,1,0,3,Lima,suspendido,no,no,1
CL-02207,1111,2,30,anual,191.58,5235.89,tarjeta,1,avanzado,1,365,1,1,0,1,Arequipa,inactivo,no,no,0
CL-02208,68,15,15,mensual,172.48,2309.54,factura,0,basico,0,30,41,0,0,14,Piura,activo,no,no,1
CL-02209,2085,16,16,mensual,98.87,1533.28,tarjeta,1,premium,1,30,12,0,1,15,Cusco,activo,si,si,1
CL-02210,2410,52,52,mensual,51.35,2427.0,transferencia,1,basico,1,30,35,0,0,51,Cusco,activo,si,si,1
CL-02211,1003,2,31,enterprise,83.11,2325.94,transferencia,1,avanzado,0,365,27,0,0,1,Lima,activo,si,no,0
CL-02212,590,6,6,mensual,145.47,864.57,tarjeta,1,avanzado,0,30,34,0,0,5,Arequipa,activo,si,no,1
CL-02213,502,1,1,enterprise,248.74,249.06,factura,0,avanzado,1,365,6,0,1,0,Lima,activo,no,no,0
CL-02214,1606,52,52,mensual,104.1,4658.2,tarjeta,0,premium,1,30,28,0,0,51,Lima,activo,no,si,1
CL-02215,966,1,18,enterprise,251.12,3953.53,factura,0,basico,1,365,44,1,0,0,Lima,inactivo,no,si,0
CL-02216,286,40,40,mensual,145.28,5754.41,tarjeta,1,basico,0,30,36,0,0,39,Lima,activo,no,no,1
CL-02217,2367,62,62,mensual,195.75,11086.21,transferencia,0,basico,1,30,36,0,0,61,Lima,activo,si,no,1
CL-02218,953,1,1,enterprise,148.96,142.41,yape,1,avanzado,1,365,9,1,0,0,Lima,activo,si,no,0
CL-02219,2298,2,31,enterprise,245.21,5872.57,tarjeta,1,premium,0,365,13,1,1,1,Cusco,inactivo,no,no,1
CL-02220,53,28,28,mensual,189.54,4132.18,yape,1,basico,0,30,37,0,0,27,Cusco,activo,no,no,1
CL-02221,1553,41,41,mensual,65.01,2424.3,transferencia,0,premium,1,30,19,0,0,40,Arequipa,activo,si,no,1
CL-02222,337,62,62,mensual,139.53,8614.25,transferencia,0,basico,0,30,26,0,0,61,Piura,activo,no,no,1
CL-02223,282,1,1,mensual,104.1,87.96,tarjeta,0,basico,0,30,8,0,0,0,Piura,activo,si,no,0
CL-02224,315,46,46,mensual,48.11,2297.58,tarjeta,0,avanzado,1,30,36,0,0,45,Lima,activo,si,no,1
CL-02225,995,4,57,enterprise,264.82,14764.13,yape,1,avanzado,1,365,21,1,0,3,Piura,activo,no,si,1
CL-02226,1568,27,27,mensual,116.74,3103.17,tarjeta,1,basico,1,30,23,0,0,26,Lima,activo,si,no,1
CL-02227,1959,2,28,anual,231.65,6487.56,tarjeta,0,premium,1,365,43,0,0,1,Lima,activo,si,no,0
CL-02228,58,42,42,mensual,57.95,2011.24,tarjeta,1,basico,0,30,29,0,0,41,Lima,activo,si,si,1
CL-02229,1533,40,40,mensual,123.31,4188.09,tarjeta,1,premium,1,30,20,0,0,39,Trujillo,activo,no,si,1
CL-02230,820,3,46,anual,290.97,10514.01,tarjeta,0,basico,0,365,16,1,0,2,Arequipa,activo,no,no,1
CL-02231,39,46,46,mensual,239.95,9537.75,tarjeta,0,basico,1,30,28,0,0,45,Lima,activo,no,no,1
CL-02232,465,1,8,anual,347.99,2117.87,tarjeta,1,premium,0,365,20,1,0,0,Trujillo,activo,no,no,0
CL-02233,2363,56,56,mensual,42.74,2334.67,transferencia,1,basico,0,30,11,0,1,55,Piura,activo,no,no,1
CL-02234,1676,5,61,enterprise,277.79,16788.74,transferencia,1,avanzado,0,365,17,1,0,4,Cusco,activo,si,no,1
CL-02235,1856,2,36,anual,164.94,4833.92,factura,1,premium,0,365,13,1,1,1,Lima,activo,no,no,1
CL-02236,100,1,1,enterprise,299.64,268.77,transferencia,0,basico,0,365,34,1,0,0,Piura,activo,no,no,0
CL-02237,2492,29,29,mensual,58.99,1627.91,transferencia,1,avanzado,1,30,23,0,0,28,Lima,activo,no,si,1
CL-02238,1558,37,37,mensual,33.49,1205.38,tarjeta,0,avanzado,1,30,10,0,1,36,Piura,activo,si,no,1
CL-02239,1556,4,4,mensual,87.12,362.71,yape,1,basico,0,30,7,0,1,3,Lima,activo,no,si,0
CL-02240,1472,23,23,mensual,159.98,2981.15,transferencia,0,basico,1,30,42,0,0,22,Chiclayo,activo,no,no,1
CL-02241,1531,1,1,mensual,146.84,121.0,yape,0,basico,1,30,41,0,0,0,Lima,activo,no,no,0
CL-02242,281,47,47,mensual,152.88,7229.65,tarjeta,1,avanzado,0,30,38,0,0,46,Lima,activo,si,no,1
CL-02243,2181,36,36,mensual,141.11,3958.12,transferencia,0,basico,0,30,34,0,0,35,Piura,activo,si,si,1
CL-02244,1744,1,1,mensual,155.65,153.43,yape,0,avanzado,1,30,39,0,0,0,Trujillo,inactivo,si,no,0
CL-02245,388,41,41,mensual,117.66,3811.02,transferencia,0,avanzado,0,30,30,0,0,40,Arequipa,activo,si,si,1
CL-02246,530,30,30,mensual,102.13,2724.85,transferencia,0,avanzado,1,30,42,0,0,29,Trujillo,activo,si,no,1
CL-02247,1501,45,45,mensual,108.24,4518.51,tarjeta,0,premium,1,30,42,0,0,44,Arequipa,activo,no,si,1
CL-02248,233,1,22,anual,323.43,6975.74,tarjeta,0,avanzado,1,365,20,1,0,0,Lima,inactivo,si,no,0
CL-02249,2150,12,12,mensual,139.89,1316.69,tarjeta,1,premium,1,30,12,0,1,11,Arequipa,activo,si,si,1
CL-02250,168,13,13,mensual,98.14,1272.27,transferencia,0,avanzado,1,30,41,0,0,12,Trujillo,activo,no,si,1
CL-02251,1951,19,19,mensual,108.21,2066.61,tarjeta,0,premium,1,30,38,0,0,18,Lima,activo,no,no,1
CL-02252,2426,2,32,enterprise,260.37,8232.27,yape,0,premium,0,365,20,0,0,1,Lima,suspendido,no,no,1
CL-02253,927,36,36,mensual,112.12,4162.23,yape,1,avanzado,0,30,41,0,0,35,Lima,activo,si,no,1
CL-02254,702,2,27,anual,164.4,4490.59,factura,0,avanzado,1,365,5,1,1,1,Arequipa,inactivo,no,no,1
CL-02255,2405,1,21,enterprise,252.72,5203.07,factura,0,basico,1,365,37,1,0,0,Lima,activo,no,si,1
CL-02256,2131,23,23,mensual,101.02,2146.41,transferencia,1,avanzado,1,30,3,0,0,22,Lima,activo,no,no,1
CL-02257,390,5,72,enterprise,218.86,15641.11,yape,1,avanzado,1,365,5,1,1,4,Lima,activo,no,si,1
CL-02258,1314,1,13,enterprise,335.5,4547.3,transferencia,0,avanzado,1,365,3,1,1,0,Cusco,activo,si,no,1
CL-02259,1018,18,18,mensual,131.12,2221.37,yape,0,basico,1,30,4,0,0,17,Lima,activo,no,no,1
CL-02260,2139,72,72,mensual,118.44,7016.42,transferencia,0,premium,0,30,9,0,1,71,Lima,activo,si,si,1
CL-02261,1877,3,42,anual,58.28,2017.82,yape,1,basico,0,365,17,1,0,2,Arequipa,activo,si,si,1
CL-02262,2001,1,1,enterprise,439.4,434.48,tarjeta,1,avanzado,1,365,17,1,0,0,Lima,inactivo,si,no,0
CL-02263,1052,53,53,mensual,107.32,5954.36,yape,1,premium,1,30,19,0,0,52,Chiclayo,activo,no,si,1
CL-02264,653,10,10,mensual,65.27,530.71,transferencia,0,basico,0,30,45,0,0,9,Cusco,activo,no,no,0
CL-02265,1153,4,54,anual,284.43,15989.34,tarjeta,0,avanzado,0,365,23,0,0,3,Lima,activo,no,no,1
CL-02266,1214,27,27,mensual,42.82,960.16,yape,1,avanzado,1,30,11,0,1,26,Lima,activo,si,si,1
CL-02267,2117,1,21,anual,241.09,4424.16,transferencia,0,premium,0,365,7,1,1,0,Lima,activo,no,no,0
CL-02268,561,71,71,mensual,116.94,8489.1,transferencia,0,premium,0,30,42,0,0,70,Cusco,activo,no,no,1
CL-02269,1726,3,46,anual,51.28,2449.8,yape,1,avanzado,0,365,13,1,1,2,Arequipa,activo,no,si,1
CL-02270,903,4,56,enterprise,375.99,19372.82,yape,0,premium,1,365,37,1,0,3,Lima,activo,si,si,1
CL-02271,2345,3,43,anual,141.71,6306.97,yape,0,basico,0,365,36,0,0,2,Trujillo,activo,no,no,0
CL-02272,2425,1,21,anual,115.59,2434.01,transferencia,0,basico,0,365,39,1,0,0,Trujillo,activo,no,si,1
CL-02273,194,3,47,anual,148.26,7037.34,transferencia,1,avanzado,0,365,7,1,1,2,Lima,activo,no,no,1
CL-02274,982,5,62,enterprise,217.32,13614.97,factura,1,avanzado,1,365,36,0,0,4,Lima,activo,no,no,1
CL-02275,1938,2,35,enterprise,210.8,6388.42,tarjeta,1,basico,1,365,36,1,0,1,Arequipa,activo,no,si,1
CL-02276,307,72,72,mensual,38.21,2088.65,yape,1,avanzado,1,30,44,0,0,71,Arequipa,activo,si,si,1
CL-02277,603,4,53,anual,307.31,13020.1,tarjeta,0,basico,0,365,32,1,0,3,Arequipa,activo,si,no,1
CL-02278,1323,37,37,mensual,123.66,3533.78,transferencia,1,basico,1,30,6,0,1,36,Chiclayo,inactivo,no,no,1
CL-02279,1291,3,38,enterprise,223.29,6980.79,tarjeta,1,premium,1,365,21,0,0,2,Lima,inactivo,no,no,1
CL-02280,1785,2,35,anual,70.2,1883.51,yape,0,avanzado,0,365,22,1,0,1,Arequipa,activo,no,no,1
CL-02281,2281,1,1,mensual,148.87,124.02,tarjeta,1,avanzado,1,30,22,0,0,0,Trujillo,inactivo,no,no,0
CL-02282,828,30,30,mensual,49.88,1386.7,yape,0,avanzado,0,30,16,0,0,29,Trujillo,suspendido,si,no,1
CL-02283,917,37,37,mensual,137.88,4042.06,transferencia,1,avanzado,0,30,37,0,0,36,Piura,activo,no,no,1
CL-02284,1155,1,22,anual,150.1,2789.44,tarjeta,1,basico,1,365,13,0,1,0,Lima,activo,si,si,0
CL-02285,2167,40,40,mensual,77.97,2548.81,factura,0,avanzado,1,30,21,0,0,39,Piura,activo,si,si,1
CL-02286,2038,32,32,mensual,47.87,1192.58,tarjeta,0,premium,1,30,21,0,0,31,Lima,activo,si,no,1
CL-02287,271,4,51,enterprise,189.08,9188.21,tarjeta,1,basico,0,365,29,1,0,3,Lima,activo,no,si,1
CL-02288,773,3,48,enterprise,255.18,12467.99,transferencia,1,basico,1,365,22,1,0,2,Piura,activo,no,si,1
CL-02289,2237,36,36,mensual,111.44,3870.61,tarjeta,0,avanzado,1,30,44,0,0,35,Lima,activo,si,si,1
CL-02290,2171,1,1,mensual,75.23,71.86,yape,0,avanzado,0,30,45,0,0,0,Cusco,activo,si,no,0
CL-02291,1792,5,72,enterprise,225.09,16934.24,tarjeta,1,basico,1,365,21,1,0,4,Cusco,activo,no,no,1
CL-02292,1925,2,28,anual,231.45,6282.18,yape,0,avanzado,0,365,12,1,1,1,Trujillo,activo,si,no,1
CL-02293,700,2,30,anual,58.76,1347.01,transferencia,0,premium,0,365,35,1,0,1,Lima,activo,no,si,1
CL-02294,1897,23,23,mensual,106.12,1990.38,yape,0,basico,0,30,42,0,0,22,Lima,activo,si,no,1
CL-02295,1525,20,20,mensual,60.69,1142.48,tarjeta,0,basico,1,30,40,0,0,19,Cusco,activo,no,no,1
CL-02296,2193,70,70,mensual,62.86,4143.73,tarjeta,1,avanzado,1,30,8,0,0,69,Lima,activo,no,no,1
CL-02297,269,5,66,anual,228.82,15098.79,yape,0,avanzado,1,365,3,1,1,4,Arequipa,activo,no,no,1
CL-02298,1537,43,43,mensual,75.18,2578.6,tarjeta,1,basico,0,30,30,0,0,42,Lima,activo,si,si,1
CL-02299,1551,29,29,mensual,56.98,1725.73,transferencia,1,avanzado,1,30,14,0,0,28,Lima,activo,no,no,1
CL-02300,1101,3,47,anual,348.99,14842.44,yape,0,avanzado,1,365,14,1,1,2,Lima,activo,si,no,1
CL-02301,831,2,34,enterprise,435.07,15178.81,factura,0,avanzado,1,365,2,1,1,1,Lima,activo,si,si,1
CL-02302,2159,2,27,anual,58.14,1426.62,tarjeta,0,avanzado,1,365,44,0,0,1,Piura,activo,si,no,0
CL-02303,2450,40,40,mensual,30.75,991.47,yape,0,basico,0,30,1,0,1,39,Arequipa,activo,no,no,1
CL-02304,1484,21,21,mensual,139.64,2508.13,yape,0,basico,1,30,29,0,0,20,Cusco,activo,no,no,1
CL-02305,1837,38,38,mensual,96.66,2998.52,factura,1,premium,1,30,42,0,0,37,Trujillo,activo,si,no,1
CL-02306,770,37,37,mensual,163.74,5024.02,yape,1,avanzado,0,30,3,0,1,36,Chiclayo,activo,no,no,1
CL-02307,377,47,47,mensual,120.62,5766.12,tarjeta,0,avanzado,1,30,28,0,0,46,Lima,activo,si,no,1
CL-02308,560,17,17,mensual,155.31,2279.13,factura,0,avanzado,0,30,42,0,0,16,Cusco,activo,no,no,0
CL-02309,492,4,49,anual,116.57,4596.97,tarjeta,0,basico,1,365,19,1,0,3,Lima,activo,no,no,1
CL-02310,901,1,10,enterprise,387.78,3332.44,tarjeta,1,premium,0,365,14,0,1,0,Piura,activo,no,no,1
CL-02311,2221,1,18,enterprise,110.1,1853.33,transferencia,1,avanzado,1,365,32,0,0,0,Piura,activo,no,no,1
CL-02312,1884,19,19,mensual,153.45,2362.37,transferencia,0,basico,0,30,42,0,0,18,Cusco,activo,si,no,1
CL-02313,1145,6,6,mensual,158.65,728.48,tarjeta,1,basico,1,30,26,0,0,5,Lima,activo,si,no,0
CL-02314,534,57,57,mensual,84.03,4845.44,tarjeta,0,basico,0,30,1,0,1,56,Lima,activo,si,no,1
CL-02315,2399,8,8,mensual,168.45,1107.41,yape,1,basico,0,30,31,0,0,7,Piura,activo,si,no,0
CL-02316,1674,15,15,mensual,249.94,3864.98,transferencia,1,avanzado,0,30,10,0,1,14,Arequipa,activo,si,no,1
CL-02317,2365,63,63,mensual,98.8,4756.33,transferencia,0,basico,0,30,45,0,0,62,Lima,activo,no,no,1
CL-02318,1063,1,18,enterprise,389.18,6621.71,yape,1,avanzado,1,365,13,1,0,0,Lima,activo,si,no,0
CL-02319,1417,27,27,mensual,93.15,2388.22,factura,0,avanzado,1,30,29,0,0,26,Lima,activo,no,no,1
CL-02320,403,1,7,enterprise,281.31,1569.05,tarjeta,0,basico,0,365,31,0,0,0,Trujillo,activo,no,no,0
CL-02321,514,52,52,mensual,37.61,1857.09,tarjeta,1,basico,1,30,21,0,0,51,Arequipa,activo,no,no,1
CL-02322,1607,53,53,mensual,114.99,5279.59,factura,0,basico,1,30,36,0,0,52,Chiclayo,activo,no,no,1
CL-02323,1539,50,50,mensual,101.89,4404.35,transferencia,0,avanzado,1,30,41,0,0,49,Trujillo,activo,no,no,1
CL-02324,2442,45,45,mensual,222.41,10141.0,tarjeta,0,avanzado,0,30,29,0,0,44,Chiclayo,activo,si,no,1
CL-02325,2467,34,34,mensual,37.16,1308.58,tarjeta,0,basico,1,30,34,0,0,33,Lima,activo,no,no,1
CL-02326,79,1,19,enterprise,258.73,3937.78,factura,0,basico,0,365,3,1,0,0,Trujillo,activo,no,si,1
CL-02327,2185,12,12,mensual,188.79,2164.05,transferencia,1,premium,0,30,11,0,1,11,Cusco,activo,si,no,1
CL-02328,1590,64,64,mensual,119.47,6089.44,factura,1,avanzado,1,30,20,0,0,63,Trujillo,activo,no,no,1
CL-02329,591,4,51,anual,194.72,7552.31,transferencia,0,avanzado,1,365,6,1,0,3,Trujillo,activo,si,si,1
CL-02330,384,15,15,mensual,75.15,896.01,transferencia,1,avanzado,0,30,23,0,0,14,Lima,activo,si,no,0
CL-02331,2246,2,33,anual,120.18,3729.56,factura,0,basico,1,365,4,0,1,1,Lima,activo,no,no,0
CL-02332,76,25,25,mensual,28.38,686.75,transferencia,0,avanzado,0,30,17,0,0,24,Trujillo,activo,no,si,1
CL-02333,1319,1,4,enterprise,217.07,783.28,yape,0,avanzado,1,365,3,1,1,0,Arequipa,activo,no,no,0
CL-02334,489,36,36,mensual,60.29,2247.49,transferencia,0,basico,0,30,19,0,0,35,Piura,activo,si,no,1
CL-02335,2417,22,22,mensual,113.96,2455.1,factura,0,basico,1,30,19,0,0,21,Cusco,activo,si,no,1
CL-02336,360,1,8,anual,91.38,583.72,transferencia,1,avanzado,0,365,22,1,0,0,Arequipa,activo,no,no,0
CL-02337,1693,1,1,enterprise,245.11,199.12,tarjeta,0,basico,0,365,45,1,0,0,Trujillo,activo,si,si,0
CL-02338,682,1,1,mensual,106.65,99.06,yape,0,premium,0,30,25,0,0,0,Trujillo,activo,no,no,0
CL-02339,738,1,23,anual,184.15,3600.09,factura,1,avanzado,0,365,7,1,1,0,Trujillo,activo,si,no,1
CL-02340,1554,30,30,mensual,90.52,2037.43,factura,1,premium,0,30,29,0,0,29,Trujillo,activo,no,no,1
CL-02341,711,10,10,mensual,49.81,377.21,transferencia,1,basico,0,30,45,0,0,9,Arequipa,activo,si,no,1
CL-02342,2225,48,48,mensual,132.84,5562.89,transferencia,1,avanzado,1,30,10,0,0,47,Lima,activo,si,no,1
CL-02343,1228,2,30,anual,275.65,7501.14,tarjeta,0,basico,0,365,4,0,1,1,Chiclayo,activo,si,no,0
CL-02344,189,46,46,mensual,102.14,4444.7,tarjeta,0,premium,1,30,41,0,0,45,Lima,activo,si,no,1
CL-02345,1276,2,27,anual,140.97,3726.04,factura,0,avanzado,0,365,8,1,1,1,Lima,activo,si,no,1
CL-02346,599,13,13,mensual,129.96,1758.12,yape,0,avanzado,0,30,38,0,0,12,Chiclayo,activo,no,no,0
CL-02347,2286,2,35,enterprise,73.57,2579.22,transferencia,1,basico,1,365,20,1,0,1,Arequipa,activo,no,no,1
CL-02348,54,1,1,enterprise,265.5,227.48,transferencia,1,avanzado,0,365,36,1,0,0,Cusco,activo,no,si,0
CL-02349,306,45,45,mensual,113.66,4656.46,tarjeta,0,avanzado,1,30,33,0,0,44,Lima,activo,no,no,1
CL-02350,1242,9,9,mensual,55.5,406.98,transferencia,1,basico,0,30,37,0,0,8,Lima,activo,no,no,1
CL-02351,700,54,54,mensual,74.99,4213.97,factura,0,avanzado,0,30,35,0,0,53,Trujillo,activo,si,no,1
CL-02352,906,1,24,enterprise,204.47,4468.73,transferencia,1,avanzado,1,365,24,1,0,0,Arequipa,activo,no,si,1
CL-02353,549,58,58,mensual,150.42,7196.73,transferencia,1,avanzado,1,30,11,0,1,57,Piura,activo,si,si,1
CL-02354,2277,4,4,mensual,150.53,582.38,transferencia,0,basico,1,30,43,0,0,3,Trujillo,activo,no,no,0
CL-02355,2,15,15,mensual,54.9,738.16,tarjeta,0,avanzado,0,30,9,0,1,14,Arequipa,activo,no,no,1
CL-02356,316,3,41,enterprise,242.7,10438.46,tarjeta,0,basico,1,365,17,1,0,2,Piura,activo,no,si,1
CL-02357,2383,61,61,mensual,90.22,4250.91,tarjeta,0,avanzado,1,30,13,0,0,60,Arequipa,suspendido,si,si,1
CL-02358,1232,72,72,mensual,184.8,11318.3,transferencia,0,premium,0,30,19,0,0,71,Lima,activo,si,si,1
CL-02359,2344,2,33,enterprise,278.12,9476.75,factura,1,basico,0,365,12,1,0,1,Lima,activo,no,no,1
CL-02360,2085,72,72,mensual,132.44,8471.12,transferencia,0,premium,1,30,37,0,0,71,Lima,activo,no,si,1
CL-02361,760,2,25,enterprise,288.64,6086.97,factura,1,premium,0,365,20,1,0,1,Trujillo,activo,no,no,0
CL-02362,1810,59,59,mensual,66.86,3674.37,tarjeta,1,basico,0,30,40,0,0,58,Chiclayo,activo,si,no,1
CL-02363,368,9,9,mensual,193.49,1653.2,transferencia,0,basico,0,30,2,0,0,8,Cusco,activo,si,no,0
CL-02364,1532,3,42,enterprise,243.68,7960.87,yape,0,avanzado,0,365,21,0,0,2,Trujillo,inactivo,si,no,0
CL-02365,865,1,1,anual,129.73,107.39,tarjeta,0,premium,0,365,27,0,0,0,Lima,activo,no,no,0
CL-02366,1712,1,4,anual,185.02,623.66,tarjeta,1,basico,0,365,39,1,0,0,Trujillo,activo,si,no,0
CL-02367,363,43,43,mensual,196.85,6972.62,tarjeta,0,premium,0,30,33,0,0,42,Arequipa,activo,si,no,1
CL-02368,2092,1,1,mensual,110.94,95.95,tarjeta,1,basico,0,30,29,0,0,0,Cusco,activo,no,no,0
CL-02369,673,42,42,mensual,148.93,5319.38,factura,1,basico,1,30,39,0,0,41,Lima,activo,si,si,1
CL-02370,1161,54,54,mensual,98.87,5175.75,tarjeta,0,premium,1,30,18,0,0,53,Arequipa,activo,si,si,1
CL-02371,2100,20,20,mensual,65.23,1212.86,tarjeta,1,basico,1,30,44,0,0,19,Arequipa,activo,si,no,1
CL-02372,1199,8,8,mensual,123.24,866.39,yape,1,avanzado,0,30,41,0,0,7,Lima,activo,no,si,0
CL-02373,1327,20,20,mensual,59.78,968.44,tarjeta,1,basico,0,30,41,0,0,19,Arequipa,activo,si,no,1
CL-02374,296,8,8,mensual,183.67,1287.44,transferencia,1,basico,1,30,23,0,0,7,Lima,activo,no,no,0
CL-02375,1780,29,29,mensual,146.32,3412.21,tarjeta,1,premium,1,30,5,0,0,28,Lima,activo,si,no,1
CL-02376,2423,34,34,mensual,83.75,2949.0,factura,0,basico,1,30,39,0,0,33,Lima,activo,si,si,1
CL-02377,1839,1,24,enterprise,322.09,6200.61,factura,1,avanzado,1,365,19,1,0,0,Arequipa,inactivo,no,si,0
CL-02378,2288,5,72,anual,132.33,9600.2,factura,1,premium,0,365,37,1,0,4,Lima,activo,si,no,1
CL-02379,2466,14,14,mensual,159.1,2081.89,tarjeta,1,avanzado,0,30,3,0,1,13,Lima,activo,no,no,1
CL-02380,1673,5,66,anual,336.52,22060.3,tarjeta,1,premium,0,365,5,1,1,4,Trujillo,activo,si,si,1
CL-02381,2159,1,6,enterprise,218.65,1333.64,yape,0,premium,0,365,16,0,0,0,Arequipa,activo,no,no,0
CL-02382,1297,34,34,mensual,149.14,5026.11,yape,0,basico,1,30,40,0,0,33,Arequipa,inactivo,si,no,1
CL-02383,882,61,61,mensual,134.96,7629.84,transferencia,0,avanzado,0,30,2,0,1,60,Cusco,inactivo,si,no,1
CL-02384,1438,60,60,mensual,101.06,5033.38,transferencia,1,avanzado,1,30,8,0,1,59,Lima,activo,no,no,1
CL-02385,2135,22,22,mensual,126.77,2643.92,transferencia,0,avanzado,1,30,23,0,0,21,Lima,activo,no,no,1
CL-02386,437,3,46,enterprise,161.17,5571.14,tarjeta,0,avanzado,1,365,37,1,0,2,Lima,activo,si,si,1
CL-02387,1562,3,42,enterprise,402.95,14609.39,transferencia,0,basico,1,365,7,1,0,2,Lima,activo,no,no,1
CL-02388,1729,19,19,mensual,87.29,1670.76,factura,1,avanzado,0,30,35,0,0,18,Lima,activo,si,si,1
CL-02389,1778,3,47,anual,104.66,4545.97,factura,1,avanzado,0,365,23,0,0,2,Piura,activo,no,no,1
CL-02390,1822,72,72,mensual,206.52,12314.68,tarjeta,0,avanzado,1,30,34,0,0,71,Lima,activo,no,no,1
CL-02391,1633,3,43,anual,221.09,9674.71,tarjeta,1,avanzado,0,365,33,1,0,2,Lima,inactivo,si,no,1
CL-02392,1534,3,46,anual,191.28,6639.47,tarjeta,0,basico,1,365,42,1,0,2,Piura,activo,no,no,1
CL-02393,2321,48,48,mensual,226.91,11053.72,tarjeta,0,avanzado,0,30,3,0,1,47,Arequipa,activo,no,no,1
CL-02394,17,1,1,mensual,32.9,32.17,tarjeta,0,avanzado,1,30,28,0,0,0,Chiclayo,activo,no,no,0
CL-02395,1131,3,43,anual,354.94,12117.03,tarjeta,1,premium,0,365,21,0,0,2,Lima,activo,si,si,1
CL-02396,189,1,7,enterprise,196.19,1055.91,factura,1,avanzado,1,365,16,1,0,0,Cusco,activo,no,no,0
CL-02397,2204,17,17,mensual,109.98,1935.79,yape,1,premium,1,30,34,0,0,16,Piura,activo,si,si,1
CL-02398,362,72,72,mensual,85.19,4723.61,factura,1,avanzado,0,30,27,0,0,71,Chiclayo,activo,si,no,1
CL-02399,1926,26,26,mensual,61.62,1669.61,yape,0,premium,1,30,20,0,0,25,Lima,activo,no,si,1
CL-02400,1781,1,14,anual,260.51,3195.58,yape,1,basico,1,365,32,1,0,0,Arequipa,inactivo,no,si,0
CL-02401,808,4,60,anual,290.3,14910.7,yape,1,avanzado,0,365,26,1,0,3,Lima,activo,no,no,1
CL-02402,1066,1,9,enterprise,242.55,2062.92,yape,1,basico,1,365,17,1,0,0,Trujillo,activo,si,si,0
CL-02403,511,1,21,anual,194.55,3672.15,tarjeta,1,avanzado,1,365,16,1,0,0,Lima,inactivo,si,no,1
CL-02404,2028,5,63,enterprise,320.42,17501.95,tarjeta,1,premium,0,365,12,1,0,4,Arequipa,activo,si,no,1
CL-02405,1766,2,33,enterprise,539.34,16766.79,transferencia,0,avanzado,0,365,14,1,1,1,Lima,activo,no,no,0
CL-02406,2409,1,1,mensual,28.5,24.37,yape,0,avanzado,1,30,23,0,0,0,Lima,inactivo,no,si,0
CL-02407,1500,3,45,anual,241.73,8270.5,tarjeta,1,avanzado,1,365,9,1,1,2,Piura,activo,si,no,1
CL-02408,1292,22,22,mensual,80.34,1762.87,transferencia,1,basico,0,30,41,0,0,21,Arequipa,inactivo,si,no,1
CL-02409,2319,70,70,mensual,31.18,1973.93,factura,1,premium,0,30,27,0,0,69,Piura,activo,si,si,1
CL-02410,788,1,17,enterprise,280.89,4565.05,tarjeta,0,basico,1,365,29,1,0,0,Lima,activo,no,no,0
CL-02411,2200,4,58,anual,390.57,20898.63,tarjeta,0,basico,0,365,26,1,0,3,Trujillo,activo,si,no,1
CL-02412,1448,5,72,enterprise,231.79,15591.71,factura,0,basico,0,365,41,0,0,4,Lima,activo,no,no,1
CL-02413,1964,11,11,mensual,138.18,1239.82,tarjeta,0,premium,0,30,37,0,0,10,Lima,activo,no,no,1
CL-02414,814,27,27,mensual,152.12,4232.09,tarjeta,1,avanzado,0,30,22,0,0,26,Cusco,activo,no,si,1
CL-02415,1223,41,41,mensual,128.17,4647.06,yape,1,avanzado,1,30,16,0,0,40,Lima,activo,no,no,1
CL-02416,983,11,11,mensual,107.37,1211.81,factura,1,basico,1,30,43,0,0,10,Lima,activo,no,si,1
CL-02417,1924,39,39,mensual,28.81,1114.69,tarjeta,0,basico,1,30,27,0,0,38,Chiclayo,activo,si,si,1
CL-02418,172,26,26,mensual,72.27,1815.18,tarjeta,1,basico,0,30,36,0,0,25,Lima,activo,no,si,1
CL-02419,2372,26,26,mensual,162.95,3762.34,transferencia,0,basico,0,30,7,0,0,25,Chiclayo,activo,no,si,1
CL-02420,836,2,33,enterprise,316.04,7892.84,transferencia,0,avanzado,1,365,16,1,0,1,Lima,activo,si,no,1
CL-02421,1001,34,34,mensual,146.45,4205.34,yape,0,basico,1,30,12,0,1,33,Lima,activo,si,no,1
CL-02422,2434,36,36,mensual,128.65,4397.32,factura,1,avanzado,0,30,21,0,0,35,Trujillo,activo,no,no,1
CL-02423,253,1,17,enterprise,682.07,9846.59,yape,0,avanzado,1,365,23,1,0,0,Lima,activo,no,si,0
CL-02424,1868,18,18,mensual,88.86,1247.18,tarjeta,0,avanzado,0,30,45,0,0,17,Trujillo,suspendido,si,no,1
CL-02425,245,2,29,enterprise,556.07,14599.34,yape,0,premium,0,365,5,1,1,1,Piura,activo,si,no,0
CL-02426,2339,2,31,anual,176.37,4353.99,transferencia,0,basico,1,365,43,0,0,1,Lima,activo,si,no,0
CL-02427,705,21,21,mensual,191.43,3384.33,transferencia,1,avanzado,0,30,37,0,0,20,Trujillo,activo,si,si,1
CL-02428,785,3,40,anual,74.23,2673.98,transferencia,0,basico,0,365,19,1,0,2,Lima,inactivo,no,si,0
CL-02429,1902,1,1,anual,194.2,152.42,transferencia,1,premium,1,365,13,1,1,0,Trujillo,activo,si,si,0
CL-02430,554,1,14,anual,156.05,1712.28,transferencia,0,premium,0,365,38,1,0,0,Arequipa,activo,si,no,1
CL-02431,232,2,25,enterprise,265.16,5389.55,yape,0,basico,1,365,7,0,1,1,Arequipa,inactivo,no,si,0
CL-02432,179,1,11,anual,312.59,3189.34,tarjeta,0,basico,0,365,41,0,0,0,Lima,activo,si,no,0
CL-02433,2285,5,72,anual,209.5,15535.91,transferencia,1,basico,1,365,43,1,0,4,Trujillo,activo,si,no,1
CL-02434,1396,32,32,mensual,176.74,4647.33,tarjeta,1,basico,0,30,12,0,0,31,Arequipa,activo,si,si,1
CL-02435,2387,2,36,anual,106.24,3694.4,tarjeta,1,basico,1,365,26,1,0,1,Lima,activo,no,si,1
CL-02436,2027,1,20,enterprise,163.34,2635.7,transferencia,0,basico,0,365,24,1,0,0,Arequipa,activo,no,si,1
CL-02437,917,2,31,anual,217.93,6354.9,factura,1,basico,1,365,35,0,0,1,Lima,activo,no,no,1
CL-02438,2440,1,2,anual,177.99,281.69,tarjeta,1,basico,1,365,35,1,0,0,Lima,activo,no,si,0
CL-02439,2002,28,28,mensual,94.44,2653.88,yape,0,basico,0,30,45,0,0,27,Lima,activo,no,no,1
CL-02440,519,1,9,anual,86.29,755.45,tarjeta,0,basico,1,365,4,0,1,0,Lima,activo,si,no,0
CL-02441,399,2,25,enterprise,446.29,10646.45,tarjeta,0,avanzado,0,365,37,1,0,1,Lima,activo,no,si,0
CL-02442,177,1,1,mensual,75.63,57.06,transferencia,1,premium,0,30,37,0,0,0,Lima,activo,no,no,0
CL-02443,149,4,4,mensual,152.42,610.24,tarjeta,0,basico,0,30,34,0,0,3,Cusco,activo,no,no,0
CL-02444,1113,68,68,mensual,142.19,7689.26,yape,0,basico,1,30,10,0,1,67,Lima,activo,no,si,1
CL-02445,1057,52,52,mensual,155.73,7369.52,transferencia,1,premium,0,30,34,0,0,51,Lima,activo,no,no,1
CL-02446,992,5,64,anual,258.06,16235.05,yape,0,basico,1,365,22,1,0,4,Trujillo,activo,no,no,1
CL-02447,154,66,66,mensual,85.29,5288.58,yape,0,basico,1,30,13,0,1,65,Trujillo,activo,no,no,1
CL-02448,1534,48,48,mensual,127.46,6091.82,transferencia,0,avanzado,0,30,17,0,0,47,Lima,inactivo,si,no,1
CL-02449,131,1,21,anual,278.25,5625.04,transferencia,1,basico,0,365,19,1,0,0,Piura,activo,no,no,1
CL-02450,1448,1,6,anual,176.85,1036.51,tarjeta,0,avanzado,1,365,34,1,0,0,Lima,activo,si,no,1
CL-02451,294,4,60,anual,310.95,15664.99,yape,1,avanzado,0,365,10,0,1,3,Arequipa,activo,no,si,0
CL-02452,1448,2,33,anual,223.49,6370.17,yape,0,avanzado,0,365,11,1,1,1,Piura,activo,si,no,1
CL-02453,742,5,72,anual,200.69,13011.01,transferencia,0,premium,0,365,17,1,0,4,Arequipa,activo,no,no,1
CL-02454,2404,1,23,enterprise,333.23,7095.97,tarjeta,1,basico,0,365,21,0,0,0,Chiclayo,activo,si,si,0
CL-02455,366,5,72,anual,245.47,16922.72,yape,1,basico,1,365,43,1,0,4,Trujillo,activo,no,no,1
CL-02456,2023,28,28,mensual,180.47,4632.09,yape,1,avanzado,0,30,12,0,1,27,Lima,activo,no,si,1
CL-02457,1456,5,65,anual,81.8,5121.0,tarjeta,0,avanzado,1,365,41,0,0,4,Lima,activo,no,no,1
CL-02458,1239,72,72,mensual,132.53,7588.17,transferencia,1,avanzado,1,30,3,0,1,71,Piura,activo,no,no,1
CL-02459,2082,7,7,mensual,93.45,568.06,transferencia,1,avanzado,1,30,23,0,0,6,Piura,activo,no,si,0
CL-02460,484,20,20,mensual,109.85,2249.71,yape,0,basico,1,30,38,0,0,19,Trujillo,activo,no,si,0
CL-02461,2145,1,7,enterprise,530.72,3028.08,yape,0,premium,0,365,14,1,1,0,Lima,inactivo,si,no,1
CL-02462,2095,1,2,anual,128.27,203.46,transferencia,0,basico,0,365,11,1,1,0,Arequipa,inactivo,no,no,0
CL-02463,2190,48,48,mensual,40.58,1896.11,yape,1,premium,0,30,28,0,0,47,Lima,activo,no,si,1
CL-02464,137,2,27,anual,204.28,4458.39,factura,0,basico,1,365,11,0,0,1,Lima,activo,si,no,1
CL-02465,1367,33,33,mensual,39.83,1166.24,tarjeta,1,avanzado,1,30,1,0,1,32,Chiclayo,inactivo,no,no,1
CL-02466,917,3,46,anual,55.98,2481.22,tarjeta,1,avanzado,0,365,3,0,1,2,Lima,activo,no,no,1
CL-02467,625,1,1,enterprise,452.23,404.95,transferencia,1,avanzado,1,365,22,0,0,0,Trujillo,activo,no,si,0
CL-02468,823,5,63,anual,211.9,13622.75,yape,0,avanzado,0,365,23,0,0,4,Lima,activo,si,no,1
CL-02469,1415,1,23,anual,221.33,5159.03,tarjeta,1,avanzado,1,365,2,1,1,0,Cusco,activo,si,si,1
CL-02470,87,45,45,mensual,81.22,3292.65,factura,1,avanzado,0,30,13,0,1,44,Lima,activo,no,no,1
CL-02471,1582,47,47,mensual,39.04,1905.07,tarjeta,0,premium,0,30,35,0,0,46,Lima,activo,si,si,1
CL-02472,860,5,66,enterprise,147.06,8129.05,yape,0,basico,1,365,26,0,0,4,Arequipa,activo,no,no,1
CL-02473,1806,2,29,anual,176.62,4200.88,yape,0,avanzado,1,365,28,1,0,1,Cusco,activo,no,si,1
CL-02474,517,1,1,mensual,51.9,49.36,tarjeta,0,avanzado,1,30,33,0,0,0,Piura,activo,si,si,0
CL-02475,1778,33,33,mensual,121.59,3698.83,yape,0,basico,0,30,41,0,0,32,Lima,inactivo,si,no,1
CL-02476,1591,37,37,mensual,82.24,2511.39,yape,1,basico,1,30,3,0,1,36,Trujillo,activo,no,si,1
CL-02477,483,6,6,mensual,137.48,710.5,tarjeta,0,basico,0,30,22,0,0,5,Lima,activo,no,no,0
CL-02478,730,35,35,mensual,109.14,3131.97,tarjeta,1,basico,0,30,10,0,1,34,Arequipa,activo,si,no,1
CL-02479,645,23,23,mensual,165.74,3130.02,factura,1,avanzado,1,30,31,0,0,22,Trujillo,activo,no,no,1
CL-02480,2312,1,1,enterprise,410.4,353.06,factura,1,avanzado,0,365,18,1,0,0,Lima,activo,no,no,0
CL-02481,1625,48,48,mensual,96.12,4739.56,transferencia,0,basico,1,30,7,0,0,47,Lima,activo,si,si,1
CL-02482,1832,18,18,mensual,120.99,2178.84,tarjeta,0,avanzado,0,30,40,0,0,17,Lima,activo,si,no,0
CL-02483,223,22,22,mensual,105.15,2090.59,tarjeta,1,basico,1,30,24,0,0,21,Trujillo,activo,si,si,1
CL-02484,321,21,21,mensual,36.91,692.43,tarjeta,1,premium,0,30,5,0,1,20,Piura,activo,si,no,1
CL-02485,2497,5,62,enterprise,346.88,16333.02,transferencia,1,avanzado,0,365,11,1,0,4,Piura,activo,si,no,1
CL-02486,1947,31,31,mensual,148.69,4096.31,yape,0,basico,0,30,34,0,0,30,Chiclayo,activo,no,no,1
CL-02487,1989,2,34,enterprise,413.2,13165.59,transferencia,1,basico,1,365,22,1,0,1,Cusco,activo,no,no,0
CL-02488,2323,1,21,enterprise,122.28,2525.71,factura,1,premium,1,365,43,1,0,0,Arequipa,activo,si,no,1
CL-02489,2108,43,43,mensual,107.56,3962.74,tarjeta,0,avanzado,0,30,3,0,1,42,Cusco,activo,si,no,1
CL-02490,121,5,65,anual,70.5,4700.8,transferencia,1,basico,0,365,4,1,1,4,Lima,activo,si,no,1
CL-02491,765,3,48,enterprise,435.35,20939.8,tarjeta,0,avanzado,1,365,32,1,0,2,Arequipa,activo,si,no,1
CL-02492,1014,49,49,mensual,34.7,1317.17,yape,0,avanzado,0,30,15,0,0,48,Piura,activo,no,si,1
CL-02493,376,47,47,mensual,72.86,3495.94,yape,1,premium,0,30,40,0,0,46,Arequipa,activo,no,si,1
CL-02494,2235,1,1,enterprise,298.85,244.12,factura,1,premium,0,365,35,1,0,0,Trujillo,activo,no,no,0
CL-02495,2333,1,10,enterprise,234.69,2410.26,tarjeta,1,basico,0,365,2,1,1,0,Trujillo,activo,si,no,0
CL-02496,399,27,27,mensual,64.93,1646.53,factura,0,avanzado,1,30,43,0,0,26,Cusco,activo,si,si,1
CL-02497,1907,1,14,anual,263.74,3225.56,transferencia,0,premium,0,365,43,1,0,0,Lima,activo,no,si,0
CL-02498,2034,6,6,mensual,199.38,1053.85,tarjeta,1,basico,0,30,12,0,1,5,Lima,suspendido,no,no,0
CL-02499,73,1,1,enterprise,346.34,318.23,yape,1,premium,0,365,28,1,0,0,Chiclayo,suspendido,no,si,0
CL-02500,313,1,1,mensual,165.49,166.01,tarjeta,1,avanzado,0,30,29,0,0,0,Chiclayo,activo,si,no,0
CL-02501,2368,26,26,mensual,99.53,2590.57,yape,0,basico,1,30,2,0,1,25,Arequipa,inactivo,si,si,1
CL-02502,626,2,30,anual,192.67,5054.53,transferencia,0,premium,0,365,33,1,0,1,Lima,activo,si,no,1
CL-02503,2003,1,12,enterprise,197.65,2382.97,transferencia,0,avanzado,1,365,44,1,0,0,Piura,activo,si,si,1
CL-02504,1649,2,34,enterprise,259.71,7872.83,transferencia,0,basico,1,365,19,0,0,1,Piura,activo,no,si,1
CL-02505,1349,21,21,mensual,78.32,1439.57,factura,1,avanzado,1,30,45,0,0,20,Lima,activo,no,no,1
CL-02506,67,59,59,mensual,89.36,4338.93,transferencia,0,avanzado,1,30,31,0,0,58,Cusco,activo,no,no,1
CL-02507,1432,2,28,enterprise,323.48,9042.76,tarjeta,1,avanzado,0,365,34,1,0,1,Chiclayo,activo,si,no,1
CL-02508,1959,4,49,enterprise,421.27,19321.52,factura,1,basico,0,365,25,0,0,3,Lima,activo,si,si,1
CL-02509,696,37,37,mensual,161.88,5266.83,tarjeta,0,avanzado,1,30,32,0,0,36,Lima,activo,no,no,1
CL-02510,1684,1,1,anual,342.82,325.24,transferencia,1,premium,0,365,43,1,0,0,Piura,activo,si,si,0
CL-02511,1008,30,30,mensual,62.04,1876.65,yape,0,premium,1,30,27,0,0,29,Trujillo,activo,si,no,1
CL-02512,2369,2,2,mensual,34.73,56.22,tarjeta,0,basico,1,30,25,0,0,1,Cusco,activo,si,si,0
CL-02513,1261,29,29,mensual,155.85,3921.85,tarjeta,0,premium,1,30,8,0,1,28,Trujillo,activo,si,no,1
CL-02514,15,14,14,mensual,89.16,1078.59,factura,0,basico,1,30,24,0,0,13,Lima,activo,si,no,1
CL-02515,398,41,41,mensual,98.27,3113.69,tarjeta,1,avanzado,1,30,39,0,0,40,Chiclayo,activo,si,no,1
CL-02516,487,1,1,enterprise,90.28,76.76,transferencia,1,basico,1,365,31,0,0,0,Trujillo,activo,no,no,0
CL-02517,885,32,32,mensual,62.73,1964.28,tarjeta,0,premium,0,30,33,0,0,31,Arequipa,activo,no,no,1
CL-02518,1045,46,46,mensual,33.54,1274.39,transferencia,0,premium,0,30,7,0,1,45,Arequipa,activo,si,no,1
CL-02519,1263,54,54,mensual,96.49,5175.42,yape,0,premium,1,30,39,0,0,53,Cusco,activo,si,no,1
CL-02520,1792,13,13,mensual,85.66,1154.31,factura,0,basico,0,30,24,0,0,12,Trujillo,activo,no,si,1
CL-02521,1825,32,32,mensual,124.16,3246.8,transferencia,0,avanzado,1,30,21,0,0,31,Lima,activo,no,no,1
CL-02522,1220,2,36,anual,263.43,8278.13,transferencia,0,basico,0,365,3,1,0,1,Lima,activo,no,si,1
CL-02523,1369,70,70,mensual,148.04,8180.4,tarjeta,1,avanzado,1,30,41,0,0,69,Arequipa,activo,si,no,1
CL-02524,274,1,1,anual,46.15,44.2,transferencia,1,premium,1,365,29,1,0,0,Lima,activo,no,no,1
CL-02525,1997,1,9,enterprise,315.99,2544.33,yape,1,avanzado,0,365,15,0,0,0,Piura,inactivo,no,no,0
CL-02526,125,72,72,mensual,139.05,9276.88,yape,0,avanzado,1,30,25,0,0,71,Cusco,inactivo,si,no,1
CL-02527,2428,2,25,enterprise,322.49,7930.09,transferencia,0,basico,1,365,41,0,0,1,Cusco,suspendido,no,si,0
CL-02528,867,1,1,enterprise,345.69,339.76,tarjeta,1,avanzado,1,365,38,1,0,0,Arequipa,activo,no,no,0
CL-02529,1129,1,18,enterprise,271.62,4423.68,transferencia,1,basico,0,365,14,0,1,0,Lima,activo,si,no,0
CL-02530,398,1,1,anual,106.26,107.82,yape,0,basico,0,365,36,1,0,0,Piura,activo,no,no,0
CL-02531,793,3,38,anual,182.33,7133.48,transferencia,0,premium,1,365,1,1,1,2,Lima,activo,si,si,1
CL-02532,441,4,52,anual,245.31,11980.73,transferencia,1,avanzado,0,365,20,0,0,3,Arequipa,activo,no,no,1
CL-02533,843,1,9,anual,96.22,659.46,yape,0,basico,0,365,25,0,0,0,Lima,activo,si,si,0
CL-02534,738,20,20,mensual,54.47,1070.65,tarjeta,1,avanzado,1,30,30,0,0,19,Chiclayo,activo,si,no,1
CL-02535,1813,4,55,enterprise,301.73,16886.81,transferencia,1,basico,0,365,1,0,1,3,Trujillo,activo,no,no,1
CL-02536,1456,1,1,anual,81.29,74.54,tarjeta,1,basico,1,365,14,1,1,0,Chiclayo,activo,si,si,1
CL-02537,1878,1,1,enterprise,91.23,87.59,tarjeta,0,premium,0,365,12,1,0,0,Chiclayo,activo,no,si,1
CL-02538,1961,26,26,mensual,93.19,2076.01,tarjeta,1,basico,1,30,18,0,0,25,Lima,activo,no,no,1
CL-02539,2167,13,13,mensual,167.59,1962.18,transferencia,0,basico,0,30,32,0,0,12,Cusco,inactivo,no,si,1
CL-02540,521,25,25,mensual,131.46,3251.77,factura,1,basico,0,30,4,0,1,24,Arequipa,activo,si,no,1
CL-02541,890,1,1,mensual,104.92,106.26,tarjeta,1,avanzado,1,30,34,0,0,0,Trujillo,activo,si,no,0
CL-02542,1077,37,37,mensual,38.3,1111.81,transferencia,0,basico,0,30,5,0,1,36,Arequipa,activo,no,no,1
CL-02543,1075,28,28,mensual,111.99,2367.96,factura,0,basico,0,30,23,0,0,27,Lima,activo,si,si,1
CL-02544,1808,45,45,mensual,110.8,4298.32,factura,1,premium,1,30,37,0,0,44,Trujillo,activo,no,no,1
CL-02545,98,37,37,mensual,67.66,2171.15,transferencia,0,avanzado,0,30,40,0,0,36,Arequipa,inactivo,no,no,1
CL-02546,2149,37,37,mensual,136.72,4967.58,yape,0,basico,1,30,44,0,0,36,Lima,activo,no,no,1
CL-02547,1415,1,1,enterprise,367.51,276.58,tarjeta,0,premium,1,365,20,1,0,0,Trujillo,activo,no,no,0
CL-02548,523,44,44,mensual,70.74,3047.82,yape,1,avanzado,0,30,23,0,0,43,Lima,activo,no,si,1
CL-02549,841,24,24,mensual,126.54,2766.36,yape,1,premium,0,30,41,0,0,23,Piura,activo,no,no,1
CL-02550,2101,28,28,mensual,144.38,3878.3,transferencia,1,basico,1,30,6,0,0,27,Lima,activo,no,no,1
CL-02551,1480,58,58,mensual,116.35,6092.21,tarjeta,0,basico,0,30,41,0,0,57,Lima,activo,no,no,1
CL-02552,1088,14,14,mensual,72.04,995.67,tarjeta,0,basico,0,30,4,0,1,13,Lima,activo,no,no,1
CL-02553,2248,5,65,anual,183.62,10516.44,tarjeta,1,avanzado,1,365,5,0,0,4,Piura,activo,no,no,1
CL-02554,1618,5,67,enterprise,400.4,22903.44,tarjeta,0,avanzado,1,365,3,1,1,4,Cusco,activo,no,no,1
CL-02555,385,50,50,mensual,55.46,2609.27,factura,1,avanzado,0,30,11,0,1,49,Lima,activo,no,no,1
CL-02556,1161,1,8,anual,202.95,1434.18,tarjeta,0,basico,0,365,40,1,0,0,Lima,activo,no,si,1
CL-02557,2457,1,1,mensual,97.58,82.07,tarjeta,0,avanzado,1,30,10,0,1,0,Trujillo,activo,si,si,0
CL-02558,1863,58,58,mensual,110.87,6585.2,yape,0,avanzado,1,30,20,0,0,57,Chiclayo,activo,no,no,1
CL-02559,1625,35,35,mensual,98.61,3337.39,tarjeta,1,basico,0,30,37,0,0,34,Lima,inactivo,si,no,1
CL-02560,1802,14,14,mensual,74.89,848.27,transferencia,1,avanzado,1,30,40,0,0,13,Piura,activo,si,no,1
CL-02561,1107,5,61,anual,312.75,18544.18,tarjeta,1,premium,1,365,20,0,0,4,Trujillo,activo,si,si,1
CL-02562,1295,1,11,anual,74.89,680.22,factura,0,premium,0,365,17,1,0,0,Trujillo,activo,no,no,1
CL-02563,194,1,21,anual,243.8,4502.26,factura,1,basico,1,365,21,1,0,0,Lima,activo,no,si,0
CL-02564,2384,45,45,mensual,208.07,7633.09,transferencia,1,avanzado,1,30,27,0,0,44,Lima,activo,no,no,1
CL-02565,402,1,5,anual,261.18,1023.81,tarjeta,1,basico,1,365,15,1,0,0,Arequipa,activo,no,no,0
CL-02566,2259,29,29,mensual,51.07,1288.08,yape,0,avanzado,1,30,31,0,0,28,Trujillo,activo,no,si,1
CL-02567,2269,59,59,mensual,48.82,2639.94,yape,1,basico,0,30,37,0,0,58,Arequipa,activo,si,si,1
CL-02568,845,37,37,mensual,79.95,2486.73,tarjeta,1,premium,1,30,3,0,1,36,Lima,activo,no,si,1
CL-02569,2436,5,63,anual,195.65,9521.81,transferencia,0,premium,0,365,37,0,0,4,Lima,activo,no,no,1
CL-02570,300,4,60,enterprise,306.25,15157.38,tarjeta,0,basico,0,365,31,1,0,3,Piura,activo,no,no,1
CL-02571,244,32,32,mensual,44.93,1184.28,tarjeta,1,basico,1,30,3,0,1,31,Lima,activo,si,si,1
CL-02572,368,1,1,anual,100.38,93.07,transferencia,1,avanzado,1,365,36,1,0,0,Lima,activo,si,no,1
CL-02573,2227,1,5,anual,123.7,516.23,transferencia,0,avanzado,0,365,23,1,0,0,Lima,activo,si,no,0
CL-02574,648,4,51,enterprise,309.43,14362.74,transferencia,1,avanzado,0,365,1,1,1,3,Lima,activo,si,no,1
CL-02575,2483,1,1,mensual,258.79,230.61,transferencia,1,basico,0,30,4,0,0,0,Arequipa,activo,no,no,0
CL-02576,1635,1,24,anual,97.49,1941.78,tarjeta,1,basico,1,365,3,1,1,0,Trujillo,activo,no,no,0
CL-02577,695,3,40,anual,110.79,4309.13,tarjeta,0,avanzado,1,365,19,1,0,2,Arequipa,activo,no,no,1
CL-02578,468,5,68,enterprise,124.62,8052.8,tarjeta,0,avanzado,0,365,24,1,0,4,Trujillo,activo,no,si,1
CL-02579,1863,18,18,mensual,146.96,2523.81,transferencia,1,avanzado,0,30,11,0,1,17,Lima,activo,no,no,1
CL-02580,1406,1,16,enterprise,231.33,3257.4,tarjeta,0,basico,1,365,44,1,0,0,Lima,activo,no,no,0
CL-02581,354,31,31,mensual,65.02,1703.16,transferencia,0,basico,1,30,2,0,1,30,Trujillo,inactivo,si,no,1
CL-02582,1873,3,40,enterprise,284.88,10565.88,yape,0,basico,1,365,44,1,0,2,Lima,activo,no,si,1
CL-02583,2198,28,28,mensual,62.19,1807.01,factura,0,avanzado,1,30,7,0,1,27,Lima,activo,no,no,1
CL-02584,518,58,58,mensual,133.74,6827.55,factura,1,avanzado,0,30,5,0,1,57,Lima,activo,no,no,1
CL-02585,1319,12,12,mensual,215.32,2453.58,transferencia,1,basico,0,30,23,0,0,11,Lima,activo,si,no,1
CL-02586,769,35,35,mensual,154.81,4782.8,factura,0,basico,0,30,35,0,0,34,Lima,activo,no,no,1
CL-02587,583,43,43,mensual,127.91,5663.93,factura,1,premium,0,30,30,0,0,42,Piura,activo,no,no,1
CL-02588,113,22,22,mensual,63.37,1156.32,tarjeta,1,avanzado,1,30,36,0,0,21,Lima,activo,no,no,1
CL-02589,2453,52,52,mensual,42.97,1983.11,transferencia,1,premium,1,30,21,0,0,51,Piura,inactivo,si,no,1
CL-02590,287,36,36,mensual,155.8,5037.24,tarjeta,0,premium,1,30,40,0,0,35,Lima,activo,no,no,1
CL-02591,883,4,51,enterprise,320.13,15813.88,factura,1,basico,0,365,35,0,0,3,Lima,activo,si,no,1
CL-02592,936,3,37,enterprise,258.65,9248.43,transferencia,1,premium,1,365,2,1,1,2,Arequipa,activo,si,no,1
CL-02593,1998,3,41,anual,338.55,13489.57,tarjeta,0,basico,1,365,23,0,0,2,Lima,activo,si,no,0
CL-02594,687,16,16,mensual,132.65,2058.48,yape,1,avanzado,0,30,44,0,0,15,Chiclayo,activo,no,no,1
CL-02595,2287,16,16,mensual,160.8,2292.18,factura,0,avanzado,0,30,33,0,0,15,Arequipa,activo,no,si,1
CL-02596,534,5,62,enterprise,314.8,15549.07,transferencia,1,avanzado,1,365,37,0,0,4,Cusco,inactivo,no,no,1
CL-02597,1976,47,47,mensual,100.51,4776.55,transferencia,1,avanzado,0,30,33,0,0,46,Lima,activo,si,no,1
CL-02598,817,7,7,mensual,76.96,456.54,tarjeta,1,basico,1,30,28,0,0,6,Lima,activo,no,si,1
CL-02599,342,2,36,enterprise,300.27,8465.04,yape,0,avanzado,0,365,16,1,0,1,Piura,suspendido,no,no,1
CL-02600,272,1,1,enterprise,480.6,379.02,yape,1,basico,0,365,4,1,0,0,Lima,activo,si,no,0
CL-02601,1577,18,18,mensual,90.18,1458.36,transferencia,0,basico,1,30,14,0,0,17,Lima,activo,no,si,1
CL-02602,1819,4,55,anual,207.14,10000.29,yape,0,avanzado,0,365,11,1,1,3,Cusco,inactivo,si,si,1
CL-02603,1576,29,29,mensual,61.49,1692.37,tarjeta,0,avanzado,0,30,33,0,0,28,Lima,activo,no,no,1
CL-02604,1484,2,35,anual,244.61,7992.53,transferencia,1,basico,0,365,16,1,0,1,Trujillo,activo,no,si,1
CL-02605,1325,1,1,mensual,117.26,91.72,tarjeta,1,basico,0,30,16,0,0,0,Chiclayo,inactivo,no,si,0
CL-02606,656,22,22,mensual,57.16,1055.09,factura,0,premium,0,30,39,0,0,21,Arequipa,activo,si,no,1
CL-02607,1938,3,40,anual,156.68,6385.5,transferencia,0,avanzado,1,365,9,1,1,2,Lima,activo,si,no,1
CL-02608,339,43,43,mensual,183.89,7749.16,tarjeta,1,avanzado,0,30,35,0,0,42,Chiclayo,inactivo,no,si,1
CL-02609,394,4,56,anual,88.15,4991.5,tarjeta,0,basico,0,365,16,0,0,3,Piura,activo,no,si,1
CL-02610,105,27,27,mensual,47.72,974.83,factura,0,avanzado,0,30,43,0,0,26,Trujillo,inactivo,si,no,1
CL-02611,1605,2,28,enterprise,241.93,6934.09,factura,1,avanzado,1,365,43,0,0,1,Cusco,activo,no,si,0
CL-02612,1699,1,1,enterprise,646.43,651.81,yape,0,basico,0,365,20,1,0,0,Cusco,activo,si,si,0
CL-02613,2088,27,27,mensual,91.42,2186.17,transferencia,0,avanzado,1,30,36,0,0,26,Lima,inactivo,no,si,1
CL-02614,534,1,1,enterprise,378.84,360.68,yape,0,basico,1,365,42,0,0,0,Lima,activo,no,no,0
CL-02615,1421,1,1,mensual,132.97,110.58,yape,1,basico,0,30,28,0,0,0,Lima,activo,si,no,0
CL-02616,1078,5,5,mensual,100.19,474.69,tarjeta,1,avanzado,0,30,41,0,0,4,Lima,activo,no,no,0
CL-02617,2442,69,69,mensual,130.8,8931.62,tarjeta,0,avanzado,1,30,31,0,0,68,Lima,activo,si,no,1
CL-02618,1475,2,25,enterprise,218.85,4897.13,transferencia,1,avanzado,0,365,1,1,0,1,Lima,activo,no,si,1
CL-02619,1647,3,37,enterprise,284.04,7971.25,transferencia,0,avanzado,1,365,28,1,0,2,Lima,activo,no,si,1
CL-02620,891,1,19,enterprise,98.23,1632.89,transferencia,0,avanzado,1,365,11,0,0,0,Lima,activo,no,no,0
CL-02621,1827,1,1,enterprise,273.62,264.73,tarjeta,1,avanzado,1,365,27,0,0,0,Arequipa,suspendido,si,no,0
CL-02622,93,4,55,enterprise,329.83,17435.47,transferencia,1,basico,0,365,36,1,0,3,Lima,activo,no,si,1
CL-02623,2181,1,1,mensual,141.26,126.55,yape,1,basico,0,30,9,0,1,0,Chiclayo,activo,no,si,0
CL-02624,1310,1,18,enterprise,423.0,7962.06,factura,1,basico,0,365,30,1,0,0,Trujillo,activo,no,si,0
CL-02625,1455,2,31,anual,267.99,6522.48,transferencia,1,premium,0,365,25,1,0,1,Chiclayo,activo,no,no,1
CL-02626,2347,38,38,mensual,93.27,2826.5,tarjeta,0,basico,1,30,11,0,1,37,Lima,activo,si,si,1
CL-02627,408,1,14,anual,149.43,1731.14,tarjeta,1,basico,0,365,35,0,0,0,Lima,activo,no,no,0
CL-02628,321,1,1,mensual,73.05,72.4,transferencia,1,avanzado,1,30,36,0,0,0,Cusco,activo,no,si,0
CL-02629,1593,12,12,mensual,43.94,516.13,tarjeta,1,avanzado,1,30,1,0,0,11,Trujillo,activo,no,no,1
CL-02630,940,13,13,mensual,86.33,1101.9,factura,1,avanzado,0,30,15,0,0,12,Lima,activo,si,si,1
CL-02631,1444,13,13,mensual,123.5,1627.8,transferencia,0,avanzado,1,30,4,0,1,12,Piura,activo,si,no,0
CL-02632,787,56,56,mensual,203.25,10048.86,transferencia,1,basico,1,30,28,0,0,55,Arequipa,activo,no,no,1
CL-02633,1019,1,2,enterprise,340.08,575.12,transferencia,1,basico,0,365,40,1,0,0,Piura,inactivo,no,no,0
CL-02634,603,3,39,anual,103.45,3752.59,tarjeta,0,premium,1,365,43,1,0,2,Arequipa,activo,si,si,1
CL-02635,1594,36,36,mensual,30.08,945.31,yape,0,premium,0,30,18,0,0,35,Arequipa,activo,no,si,1
CL-02636,1578,55,55,mensual,99.77,4977.86,transferencia,0,premium,1,30,11,0,0,54,Lima,activo,si,no,1
CL-02637,1689,29,29,mensual,159.06,3653.59,transferencia,0,premium,1,30,15,0,0,28,Lima,activo,si,si,1
CL-02638,926,51,51,mensual,118.73,5261.48,yape,1,basico,1,30,3,0,1,50,Lima,activo,si,no,1
CL-02639,1106,2,28,enterprise,297.04,7417.13,tarjeta,0,basico,0,365,16,0,0,1,Lima,suspendido,si,si,0
CL-02640,785,43,43,mensual,123.36,4117.51,transferencia,1,avanzado,0,30,30,0,0,42,Piura,activo,no,no,1
CL-02641,1521,1,1,anual,226.82,237.79,yape,1,avanzado,1,365,1,1,1,0,Lima,activo,no,no,0
CL-02642,427,1,1,enterprise,80.23,61.08,factura,0,basico,1,365,33,0,0,0,Piura,activo,no,no,0
CL-02643,182,3,41,anual,264.05,11105.95,yape,1,avanzado,0,365,38,1,0,2,Chiclayo,activo,si,si,0
CL-02644,909,3,42,enterprise,140.96,4582.68,tarjeta,0,premium,1,365,15,0,0,2,Lima,activo,no,no,1
CL-02645,1629,44,44,mensual,139.3,6176.94,transferencia,0,basico,0,30,35,0,0,43,Lima,activo,no,no,1
CL-02646,2479,1,19,enterprise,269.93,4690.03,transferencia,1,basico,1,365,22,1,0,0,Piura,activo,no,no,1
CL-02647,566,5,68,anual,161.69,8893.8,tarjeta,0,avanzado,0,365,45,0,0,4,Arequipa,activo,si,no,1
CL-02648,2169,1,21,enterprise,265.43,4567.35,yape,1,basico,0,365,23,1,0,0,Piura,activo,no,no,0
CL-02649,560,3,42,anual,169.7,6097.37,transferencia,1,avanzado,0,365,27,1,0,2,Trujillo,activo,si,si,1
CL-02650,240,3,46,enterprise,369.81,16810.64,transferencia,0,avanzado,0,365,37,0,0,2,Lima,activo,no,no,1
CL-02651,429,5,72,enterprise,368.74,21083.95,tarjeta,0,basico,1,365,13,0,1,4,Trujillo,inactivo,si,si,1
CL-02652,1581,24,24,mensual,192.16,3794.02,tarjeta,1,premium,1,30,32,0,0,23,Lima,activo,no,no,1
CL-02653,952,1,16,enterprise,329.23,5045.4,transferencia,1,avanzado,1,365,39,1,0,0,Arequipa,activo,no,no,1
CL-02654,1207,1,1,anual,280.84,262.36,tarjeta,0,avanzado,0,365,13,1,1,0,Lima,activo,si,si,0
CL-02655,693,70,70,mensual,104.56,6413.43,factura,1,avanzado,1,30,37,0,0,69,Arequipa,inactivo,no,no,1
CL-02656,1697,3,42,enterprise,412.65,13313.23,yape,1,premium,1,365,13,0,1,2,Cusco,activo,no,no,0
CL-02657,1357,43,43,mensual,109.08,4303.71,tarjeta,0,basico,1,30,28,0,0,42,Lima,activo,no,si,1
CL-02658,2351,5,72,anual,142.67,8410.56,transferencia,0,avanzado,1,365,15,1,0,4,Lima,activo,no,si,1
CL-02659,1239,40,40,mensual,134.96,5040.11,factura,0,avanzado,0,30,29,0,0,39,Arequipa,activo,si,no,1
CL-02660,227,1,1,mensual,160.04,133.21,transferencia,0,premium,1,30,7,0,1,0,Lima,activo,no,no,0
CL-02661,2013,2,27,enterprise,261.04,7358.9,transferencia,0,avanzado,0,365,37,0,0,1,Lima,inactivo,no,no,0
CL-02662,1385,8,8,mensual,154.61,1146.81,transferencia,0,premium,1,30,7,0,0,7,Lima,activo,no,no,0
CL-02663,642,22,22,mensual,180.3,3654.79,tarjeta,1,basico,0,30,16,0,0,21,Lima,suspendido,no,no,1
CL-02664,173,22,22,mensual,102.69,2261.51,transferencia,0,avanzado,0,30,37,0,0,21,Lima,activo,si,no,1
CL-02665,745,17,17,mensual,40.05,713.5,tarjeta,0,basico,0,30,5,0,1,16,Arequipa,inactivo,si,no,1
CL-02666,930,1,1,enterprise,521.74,513.26,yape,1,avanzado,1,365,38,1,0,0,Piura,activo,no,no,0
CL-02667,439,5,71,enterprise,280.58,18490.21,tarjeta,1,premium,1,365,19,1,0,4,Lima,inactivo,si,si,1
CL-02668,1127,39,39,mensual,72.04,2835.01,transferencia,1,avanzado,0,30,12,0,1,38,Lima,inactivo,no,no,1
CL-02669,1466,2,26,anual,74.92,1566.83,factura,0,basico,1,365,38,0,0,1,Lima,activo,no,si,0
CL-02670,213,50,50,mensual,102.44,5015.81,transferencia,1,avanzado,0,30,39,0,0,49,Lima,activo,no,si,1
CL-02671,9,3,43,anual,115.99,4757.99,tarjeta,0,basico,1,365,39,0,0,2,Arequipa,activo,no,no,1
CL-02672,608,39,39,mensual,67.79,2429.6,transferencia,0,basico,1,30,26,0,0,38,Trujillo,activo,no,no,1
CL-02673,2159,49,49,mensual,94.77,4690.29,tarjeta,1,avanzado,1,30,9,0,1,48,Lima,suspendido,si,no,1
CL-02674,1431,35,35,mensual,172.88,5826.3,yape,0,premium,0,30,33,0,0,34,Arequipa,activo,no,no,1
CL-02675,1216,3,48,anual,382.09,17698.78,yape,0,basico,1,365,32,0,0,2,Lima,activo,no,si,1
CL-02676,564,50,50,mensual,194.09,9926.95,tarjeta,1,avanzado,1,30,40,0,0,49,Cusco,activo,no,no,1
CL-02677,1466,36,36,mensual,170.73,5899.34,transferencia,0,avanzado,0,30,34,0,0,35,Lima,activo,si,si,1
CL-02678,1799,2,26,enterprise,200.46,4308.35,transferencia,0,basico,1,365,14,1,0,1,Piura,activo,si,si,0
CL-02679,625,5,69,anual,212.14,11784.6,factura,0,avanzado,0,365,21,1,0,4,Lima,activo,si,no,1
CL-02680,1666,20,20,mensual,147.92,2674.27,tarjeta,1,basico,0,30,30,0,0,19,Lima,activo,si,no,1
CL-02681,314,3,41,enterprise,204.51,6879.6,transferencia,1,premium,1,365,35,1,0,2,Lima,activo,no,no,1
CL-02682,1244,3,42,enterprise,248.94,10036.12,factura,0,avanzado,1,365,14,1,0,2,Lima,activo,no,si,1
CL-02683,1741,17,17,mensual,156.12,2661.51,tarjeta,0,basico,1,30,12,0,1,16,Trujillo,activo,no,no,1
CL-02684,1398,1,12,anual,302.46,3039.89,yape,0,basico,1,365,41,0,0,0,Arequipa,activo,si,si,0
CL-02685,2431,23,23,mensual,145.16,3418.95,yape,1,basico,1,30,45,0,0,22,Arequipa,activo,no,si,1
CL-02686,808,1,20,anual,81.94,1596.31,tarjeta,0,premium,0,365,14,1,1,0,Lima,activo,no,si,1
CL-02687,121,1,1,mensual,100.3,104.96,factura,1,premium,0,30,3,0,0,0,Lima,activo,no,si,0
CL-02688,1374,1,16,anual,56.58,732.92,yape,0,premium,0,365,29,1,0,0,Lima,activo,si,no,1
CL-02689,2428,38,38,mensual,128.52,4339.05,transferencia,0,avanzado,1,30,1,0,0,37,Chiclayo,activo,no,no,1
CL-02690,804,63,63,mensual,124.08,7364.37,transferencia,0,premium,0,30,9,0,1,62,Lima,activo,si,no,1
CL-02691,2012,3,45,enterprise,239.97,10570.53,transferencia,0,avanzado,0,365,24,1,0,2,Piura,activo,no,si,1
CL-02692,2267,1,1,mensual,131.3,134.4,tarjeta,0,basico,1,30,17,0,0,0,Chiclayo,activo,si,no,0
CL-02693,458,3,48,enterprise,322.2,15734.41,factura,0,avanzado,1,365,3,1,1,2,Lima,activo,si,si,1
CL-02694,209,1,18,enterprise,279.07,4123.28,transferencia,1,avanzado,0,365,16,0,0,0,Chiclayo,activo,no,si,0
CL-02695,790,3,43,enterprise,113.43,4276.3,transferencia,1,basico,1,365,31,0,0,2,Cusco,activo,no,no,1
CL-02696,509,32,32,mensual,113.11,3494.62,factura,1,basico,0,30,34,0,0,31,Lima,activo,no,si,1
CL-02697,2469,2,27,enterprise,408.77,8715.69,transferencia,0,avanzado,1,365,34,1,0,1,Cusco,activo,no,no,0
CL-02698,630,29,29,mensual,187.83,5653.02,tarjeta,0,avanzado,0,30,13,0,1,28,Arequipa,activo,si,no,1
CL-02699,2245,31,31,mensual,103.47,3124.45,tarjeta,1,basico,1,30,30,0,0,30,Lima,activo,si,si,1
CL-02700,1969,5,65,enterprise,375.92,24401.88,factura,0,basico,0,365,15,0,0,4,Lima,activo,si,no,1
CL-02701,2306,2,31,anual,300.77,9531.17,transferencia,1,avanzado,1,365,30,1,0,1,Trujillo,activo,si,no,1
CL-02702,1131,59,59,mensual,127.82,6058.64,transferencia,1,avanzado,1,30,1,0,1,58,Lima,activo,si,no,1
CL-02703,1669,55,55,mensual,198.87,9588.55,transferencia,1,basico,0,30,19,0,0,54,Chiclayo,activo,no,no,1
CL-02704,1388,3,48,enterprise,519.72,23587.0,transferencia,0,premium,1,365,15,1,0,2,Piura,activo,si,no,1
CL-02705,1231,1,1,anual,355.44,354.28,transferencia,0,avanzado,1,365,31,1,0,0,Arequipa,activo,no,no,0
CL-02706,739,59,59,mensual,172.23,9870.96,factura,0,basico,1,30,13,0,1,58,Trujillo,activo,no,no,1
CL-02707,533,1,21,enterprise,682.22,11267.3,tarjeta,0,basico,1,365,14,1,0,0,Piura,activo,si,si,0
CL-02708,672,49,49,mensual,89.55,4140.92,tarjeta,1,basico,0,30,25,0,0,48,Lima,activo,si,no,1
CL-02709,718,8,8,mensual,276.76,1855.88,factura,1,basico,1,30,30,0,0,7,Cusco,activo,si,no,0
CL-02710,1621,1,3,anual,234.52,613.47,tarjeta,1,premium,1,365,19,1,0,0,Lima,activo,si,si,1
CL-02711,182,5,72,enterprise,417.91,31541.91,factura,0,premium,0,365,41,0,0,4,Piura,activo,no,si,1
CL-02712,1715,8,8,mensual,99.53,634.7,yape,0,avanzado,0,30,45,0,0,7,Lima,activo,no,si,0
CL-02713,1735,60,60,mensual,193.24,9058.87,yape,0,basico,1,30,28,0,0,59,Trujillo,activo,no,no,1
CL-02714,1295,35,35,mensual,184.79,5644.6,tarjeta,1,basico,1,30,25,0,0,34,Cusco,activo,si,si,1
CL-02715,2203,1,22,enterprise,134.92,2995.66,tarjeta,0,avanzado,0,365,24,1,0,0,Trujillo,activo,si,si,1
CL-02716,1759,31,31,mensual,104.42,2585.29,tarjeta,0,premium,0,30,4,0,0,30,Lima,activo,no,no,1
CL-02717,1539,1,1,mensual,36.6,28.33,transferencia,1,avanzado,1,30,19,0,0,0,Lima,activo,si,no,0
CL-02718,1933,2,32,enterprise,233.95,6555.5,yape,1,premium,1,365,37,1,0,1,Cusco,activo,si,no,1
CL-02719,1352,5,5,mensual,74.0,347.69,transferencia,0,basico,1,30,32,0,0,4,Lima,activo,no,no,0
CL-02720,255,1,22,anual,129.45,2268.09,tarjeta,1,avanzado,1,365,3,0,0,0,Piura,activo,si,no,0
CL-02721,1713,55,55,mensual,205.31,11194.67,tarjeta,0,basico,0,30,7,0,1,54,Arequipa,activo,si,no,1
CL-02722,587,3,38,enterprise,449.07,17129.08,transferencia,1,avanzado,1,365,38,1,0,2,Lima,inactivo,no,no,0
CL-02723,158,1,1,mensual,40.7,36.91,tarjeta,0,avanzado,1,30,34,0,0,0,Lima,activo,no,si,0
CL-02724,1554,53,53,mensual,131.22,5279.55,yape,0,avanzado,1,30,19,0,0,52,Lima,activo,no,si,1
CL-02725,725,32,32,mensual,186.65,5404.37,tarjeta,1,avanzado,1,30,43,0,0,31,Piura,activo,si,no,1
CL-02726,2184,1,19,anual,185.17,2864.74,transferencia,0,basico,1,365,3,1,1,0,Trujillo,activo,si,no,1
CL-02727,979,4,50,enterprise,337.9,14932.29,yape,1,basico,0,365,35,1,0,3,Trujillo,activo,si,no,1
CL-02728,2028,28,28,mensual,137.45,3763.63,transferencia,0,avanzado,0,30,44,0,0,27,Chiclayo,activo,si,no,1
CL-02729,2085,3,3,mensual,52.88,121.57,factura,0,avanzado,0,30,20,0,0,2,Lima,activo,no,no,0
CL-02730,1457,5,72,enterprise,152.37,8228.48,yape,1,premium,1,365,23,1,0,4,Lima,activo,si,no,1
CL-02731,674,31,31,mensual,103.76,2541.19,tarjeta,1,avanzado,1,30,10,0,0,30,Arequipa,suspendido,si,no,1
CL-02732,1109,30,30,mensual,148.03,3391.12,tarjeta,0,avanzado,1,30,39,0,0,29,Lima,activo,no,si,1
CL-02733,236,1,22,anual,133.7,2435.85,factura,1,avanzado,0,365,33,1,0,0,Lima,activo,si,si,1
CL-02734,81,61,61,mensual,87.28,4638.77,yape,0,avanzado,0,30,19,0,0,60,Arequipa,activo,no,no,1
CL-02735,105,19,19,mensual,124.63,2329.88,factura,0,basico,0,30,11,0,0,18,Arequipa,activo,si,si,1
CL-02736,2304,1,1,mensual,175.36,133.12,tarjeta,0,basico,1,30,21,0,0,0,Lima,activo,si,si,0
CL-02737,328,15,15,mensual,103.77,1331.31,factura,0,basico,0,30,21,0,0,14,Trujillo,activo,si,si,1
CL-02738,1861,64,64,mensual,161.48,10632.7,factura,0,basico,1,30,17,0,0,63,Lima,activo,no,no,1
CL-02739,2366,4,52,anual,107.21,5145.17,tarjeta,1,premium,0,365,38,1,0,3,Arequipa,activo,no,si,1
CL-02740,711,2,26,anual,191.57,4971.0,tarjeta,0,avanzado,0,365,17,1,0,1,Trujillo,activo,si,si,1
CL-02741,516,66,66,mensual,113.1,6681.22,transferencia,0,premium,0,30,6,0,1,65,Lima,activo,no,si,1
CL-02742,1264,4,50,enterprise,374.77,14600.52,transferencia,0,premium,0,365,36,1,0,3,Cusco,activo,no,no,1
CL-02743,1499,25,25,mensual,64.6,1301.82,tarjeta,1,premium,1,30,33,0,0,24,Trujillo,activo,si,no,1
CL-02744,598,2,28,enterprise,438.42,11998.63,tarjeta,1,avanzado,0,365,2,1,1,1,Lima,activo,no,no,0
CL-02745,1121,40,40,mensual,29.69,1198.56,factura,1,basico,1,30,32,0,0,39,Lima,activo,si,si,1
CL-02746,2288,1,11,enterprise,598.93,5865.25,tarjeta,1,basico,0,365,23,1,0,0,Lima,activo,no,no,0
CL-02747,1157,32,32,mensual,98.88,2840.58,factura,0,avanzado,1,30,31,0,0,31,Piura,inactivo,si,si,1
CL-02748,1121,39,39,mensual,155.47,5366.27,tarjeta,0,basico,0,30,12,0,1,38,Lima,activo,si,no,1
CL-02749,718,1,1,mensual,196.81,148.69,yape,1,basico,1,30,9,0,1,0,Arequipa,activo,no,si,0
CL-02750,2134,27,27,mensual,189.01,3973.68,tarjeta,0,premium,1,30,26,0,0,26,Arequipa,activo,no,no,1
CL-02751,2358,24,24,mensual,70.69,1777.26,tarjeta,1,avanzado,1,30,3,0,1,23,Arequipa,activo,no,no,1
CL-02752,1549,4,57,anual,276.78,12031.19,yape,1,basico,1,365,10,1,1,3,Lima,activo,no,no,1
CL-02753,561,1,1,enterprise,635.28,542.97,tarjeta,0,avanzado,1,365,2,1,1,0,Lima,activo,no,si,0
CL-02754,1313,23,23,mensual,83.38,1835.67,tarjeta,1,avanzado,1,30,16,0,0,22,Lima,activo,no,no,1
CL-02755,370,1,20,enterprise,549.68,9646.33,transferencia,1,premium,1,365,41,1,0,0,Lima,activo,no,no,0
CL-02756,2267,4,55,enterprise,415.32,23865.93,transferencia,0,avanzado,1,365,24,1,0,3,Trujillo,activo,no,no,1
CL-02757,2311,2,31,enterprise,270.28,6366.3,transferencia,1,basico,1,365,34,1,0,1,Trujillo,activo,no,no,1
CL-02758,346,5,72,anual,123.01,8966.26,tarjeta,1,avanzado,1,365,34,1,0,4,Lima,activo,no,no,1
CL-02759,1231,3,48,anual,155.22,5889.1,factura,1,avanzado,1,365,6,1,0,2,Lima,activo,no,no,1
CL-02760,161,22,22,mensual,27.03,482.53,tarjeta,1,avanzado,0,30,43,0,0,21,Cusco,inactivo,si,si,1
CL-02761,1273,3,38,anual,177.46,6126.39,yape,0,avanzado,1,365,7,1,1,2,Lima,activo,no,no,1
CL-02762,1658,1,23,enterprise,216.62,5039.24,yape,1,avanzado,0,365,11,1,1,0,Arequipa,activo,si,si,0
CL-02763,1845,53,53,mensual,67.81,3141.9,tarjeta,1,premium,0,30,30,0,0,52,Arequipa,activo,si,no,1
CL-02764,2288,1,1,mensual,154.08,129.13,transferencia,0,premium,1,30,22,0,0,0,Trujillo,activo,no,no,0
CL-02765,2453,12,12,mensual,84.22,879.76,transferencia,0,basico,0,30,10,0,1,11,Cusco,activo,si,no,1
CL-02766,334,3,43,enterprise,244.52,8183.36,yape,1,avanzado,0,365,16,1,0,2,Chiclayo,activo,si,si,1
CL-02767,1787,62,62,mensual,103.29,6413.4,yape,0,basico,1,30,19,0,0,61,Lima,activo,no,si,1
CL-02768,607,1,1,anual,181.72,186.18,transferencia,0,basico,0,365,28,0,0,0,Lima,activo,si,no,0
CL-02769,1910,5,66,enterprise,242.44,15244.71,yape,0,basico,1,365,36,1,0,4,Arequipa,activo,no,no,1
CL-02770,999,2,28,enterprise,154.35,3817.88,tarjeta,0,avanzado,0,365,17,1,0,1,Lima,activo,si,no,1
CL-02771,1508,1,1,mensual,125.68,117.42,yape,0,basico,1,30,18,0,0,0,Lima,activo,si,si,0
CL-02772,2330,1,1,enterprise,324.25,296.87,transferencia,0,avanzado,0,365,5,0,1,0,Piura,inactivo,no,si,0
CL-02773,2321,1,1,enterprise,137.16,104.99,factura,0,basico,1,365,43,0,0,0,Lima,activo,no,no,0
CL-02774,2131,31,31,mensual,87.46,2354.26,factura,0,basico,0,30,28,0,0,30,Arequipa,activo,no,no,1
CL-02775,1158,2,30,anual,249.19,7079.85,tarjeta,1,basico,0,365,12,0,1,1,Lima,activo,no,no,1
CL-02776,2429,47,47,mensual,170.35,8041.2,yape,0,basico,0,30,2,0,0,46,Cusco,activo,no,no,1
CL-02777,2,1,18,anual,149.26,2304.34,transferencia,1,basico,0,365,43,0,0,0,Arequipa,activo,si,si,0
CL-02778,1934,5,5,mensual,159.35,793.39,yape,1,premium,1,30,2,0,1,4,Lima,activo,no,no,0
CL-02779,539,22,22,mensual,54.35,1168.29,tarjeta,1,avanzado,1,30,9,0,1,21,Lima,activo,no,si,1
CL-02780,871,33,33,mensual,66.86,2269.91,yape,0,premium,0,30,40,0,0,32,Lima,activo,si,no,1
CL-02781,2327,38,38,mensual,110.55,4397.63,tarjeta,1,basico,1,30,16,0,0,37,Arequipa,activo,si,no,1
CL-02782,132,12,12,mensual,177.69,1625.91,factura,1,basico,1,30,40,0,0,11,Lima,activo,si,si,1
CL-02783,507,4,54,anual,226.68,10787.03,transferencia,0,premium,1,365,25,1,0,3,Lima,activo,si,si,1
CL-02784,1538,17,17,mensual,89.43,1493.05,tarjeta,1,avanzado,1,30,26,0,0,16,Lima,activo,no,si,1
CL-02785,2475,11,11,mensual,236.81,2596.96,yape,0,basico,1,30,42,0,0,10,Lima,activo,si,si,1
CL-02786,2236,1,19,anual,163.18,2402.38,transferencia,1,basico,1,365,1,1,1,0,Lima,activo,si,no,1
CL-02787,1385,4,58,anual,307.98,16647.76,tarjeta,0,premium,1,365,16,1,0,3,Cusco,activo,si,si,1
CL-02788,1117,29,29,mensual,90.59,2678.43,yape,0,basico,0,30,16,0,0,28,Trujillo,activo,no,si,1
CL-02789,996,1,15,enterprise,143.45,1760.38,tarjeta,1,avanzado,0,365,33,1,0,0,Lima,activo,si,no,1
CL-02790,981,55,55,mensual,125.22,5883.01,tarjeta,1,premium,1,30,16,0,0,54,Trujillo,activo,no,si,1
CL-02791,1967,5,72,enterprise,282.07,17637.47,transferencia,1,avanzado,0,365,40,1,0,4,Lima,activo,no,no,1
CL-02792,1982,37,37,mensual,59.69,1917.8,transferencia,0,avanzado,0,30,33,0,0,36,Lima,activo,si,no,1
CL-02793,744,5,62,anual,404.36,23027.39,tarjeta,1,avanzado,1,365,41,0,0,4,Lima,activo,si,no,1
CL-02794,998,4,57,enterprise,355.73,15577.34,tarjeta,0,avanzado,0,365,37,0,0,3,Arequipa,activo,no,no,1
CL-02795,2053,1,17,enterprise,353.29,5908.38,transferencia,0,avanzado,0,365,34,1,0,0,Lima,activo,si,si,1
CL-02796,1834,2,33,anual,159.58,4143.73,transferencia,0,basico,1,365,16,0,0,1,Lima,activo,no,si,1
CL-02797,1304,1,1,anual,160.07,159.11,transferencia,0,avanzado,0,365,33,1,0,0,Cusco,activo,si,no,0
CL-02798,520,27,27,mensual,141.33,2881.5,factura,1,premium,1,30,19,0,0,26,Lima,activo,si,si,1
CL-02799,597,1,16,anual,49.29,777.68,tarjeta,0,basico,0,365,16,1,0,0,Cusco,activo,si,no,1
CL-02800,1584,1,22,enterprise,129.09,2432.67,factura,0,avanzado,1,365,11,0,1,0,Lima,activo,si,no,0
CL-02801,1747,1,13,enterprise,307.88,3789.34,transferencia,0,avanzado,1,365,41,0,0,0,Lima,activo,si,si,0
CL-02802,1425,25,25,mensual,225.92,4539.59,yape,0,avanzado,0,30,33,0,0,24,Arequipa,activo,si,si,1
CL-02803,1388,45,45,mensual,86.14,3531.71,transferencia,0,avanzado,1,30,3,0,1,44,Lima,activo,si,no,1
CL-02804,1097,2,29,anual,247.47,6026.46,tarjeta,1,avanzado,1,365,16,1,0,1,Piura,activo,si,si,0
CL-02805,1877,1,1,mensual,92.85,69.75,transferencia,1,basico,1,30,27,0,0,0,Lima,activo,si,no,0
CL-02806,822,14,14,mensual,155.11,2101.06,yape,1,basico,0,30,32,0,0,13,Trujillo,activo,si,si,1
CL-02807,1617,1,1,mensual,28.26,22.31,tarjeta,1,basico,1,30,14,0,0,0,Cusco,activo,no,no,0
CL-02808,1539,3,38,anual,242.1,9493.38,tarjeta,1,avanzado,1,365,32,1,0,2,Lima,activo,si,si,1
CL-02809,591,44,44,mensual,102.89,4133.83,yape,0,avanzado,1,30,13,0,1,43,Cusco,activo,no,no,1
CL-02810,2369,38,38,mensual,193.73,5525.0,yape,0,basico,1,30,8,0,1,37,Arequipa,activo,no,si,1
CL-02811,1853,13,13,mensual,82.49,1108.27,transferencia,1,avanzado,0,30,4,0,1,12,Chiclayo,activo,no,no,1
CL-02812,769,3,38,enterprise,289.02,8674.57,yape,1,avanzado,1,365,40,1,0,2,Lima,activo,no,no,0
CL-02813,708,1,20,anual,182.34,3647.47,yape,0,avanzado,1,365,30,1,0,0,Lima,inactivo,si,no,0
CL-02814,141,4,4,mensual,72.4,245.81,transferencia,0,avanzado,0,30,38,0,0,3,Piura,activo,si,no,1
CL-02815,1156,50,50,mensual,45.05,2073.24,yape,0,avanzado,1,30,25,0,0,49,Trujillo,activo,no,no,1
CL-02816,2196,4,52,anual,116.24,6048.82,tarjeta,0,basico,0,365,27,1,0,3,Cusco,activo,no,no,1
CL-02817,669,55,55,mensual,136.07,5725.5,tarjeta,1,avanzado,1,30,14,0,1,54,Lima,activo,no,si,1
CL-02818,46,1,17,anual,119.43,1936.95,transferencia,0,basico,1,365,4,1,1,0,Arequipa,activo,no,no,1
CL-02819,1131,61,61,mensual,99.37,4816.37,transferencia,0,basico,1,30,33,0,0,60,Chiclayo,activo,no,no,1
CL-02820,160,1,20,enterprise,86.96,1678.19,tarjeta,0,avanzado,1,365,8,0,0,0,Arequipa,activo,si,si,0
CL-02821,1983,48,48,mensual,86.33,3307.66,transferencia,1,basico,1,30,40,0,0,47,Cusco,activo,si,si,1
CL-02822,359,1,19,anual,307.12,4414.87,tarjeta,1,basico,0,365,5,1,1,0,Chiclayo,activo,no,si,0
CL-02823,999,26,26,mensual,186.27,3858.1,yape,0,basico,1,30,44,0,0,25,Cusco,activo,no,si,1
CL-02824,1867,1,1,enterprise,275.66,258.49,transferencia,0,avanzado,0,365,21,1,0,0,Trujillo,activo,no,si,1
CL-02825,627,1,24,enterprise,272.84,6847.53,transferencia,0,basico,1,365,13,1,0,0,Lima,activo,si,si,1
CL-02826,172,2,34,anual,96.09,3401.13,factura,1,premium,0,365,12,1,1,1,Lima,activo,si,si,1
CL-02827,1970,22,22,mensual,232.65,4983.73,transferencia,0,basico,1,30,31,0,0,21,Cusco,activo,si,si,1
CL-02828,1239,72,72,mensual,222.4,15970.75,transferencia,1,basico,0,30,38,0,0,71,Chiclayo,activo,si,no,1
CL-02829,185,1,3,enterprise,256.5,778.88,tarjeta,0,avanzado,1,365,22,0,0,0,Lima,activo,si,no,0
CL-02830,346,1,18,anual,405.26,6627.26,tarjeta,1,avanzado,1,365,20,1,0,0,Cusco,activo,si,si,0
CL-02831,2233,10,10,mensual,97.04,794.35,factura,1,avanzado,1,30,40,0,0,9,Lima,inactivo,si,no,1
CL-02832,1390,18,18,mensual,57.32,978.45,factura,1,basico,0,30,21,0,0,17,Lima,activo,no,no,1
CL-02833,646,57,57,mensual,81.62,3686.88,yape,0,avanzado,1,30,15,0,0,56,Lima,activo,si,si,1
CL-02834,1216,5,68,enterprise,296.83,20178.55,factura,0,avanzado,1,365,42,1,0,4,Lima,activo,si,no,1
CL-02835,2464,1,15,anual,309.91,4061.19,tarjeta,0,premium,0,365,37,1,0,0,Lima,activo,si,no,0
CL-02836,777,1,14,anual,129.22,1501.44,yape,0,avanzado,1,365,26,1,0,0,Lima,activo,no,si,1
CL-02837,528,1,3,anual,104.72,315.11,tarjeta,0,basico,1,365,1,1,1,0,Trujillo,activo,no,no,0
CL-02838,1430,64,64,mensual,59.62,2989.04,transferencia,1,avanzado,0,30,18,0,0,63,Lima,activo,no,no,1
CL-02839,2061,59,59,mensual,208.84,12844.58,yape,1,basico,1,30,44,0,0,58,Arequipa,activo,no,no,1
CL-02840,766,29,29,mensual,164.51,4938.36,yape,0,avanzado,1,30,45,0,0,28,Lima,activo,si,si,1
CL-02841,221,1,1,enterprise,200.99,187.45,tarjeta,1,avanzado,0,365,31,1,0,0,Lima,inactivo,no,si,0
CL-02842,2101,1,1,mensual,36.56,35.23,factura,0,basico,1,30,21,0,0,0,Lima,suspendido,si,no,0
CL-02843,2071,36,36,mensual,58.66,1607.36,transferencia,0,basico,1,30,39,0,0,35,Trujillo,activo,no,no,1
CL-02844,2316,45,45,mensual,195.26,7742.18,factura,0,basico,0,30,27,0,0,44,Lima,activo,no,no,1
CL-02845,878,1,1,mensual,146.89,149.15,transferencia,0,basico,1,30,3,0,1,0,Piura,activo,si,no,0
CL-02846,1297,1,24,anual,158.2,2860.72,tarjeta,1,avanzado,0,365,18,1,0,0,Lima,activo,si,no,1
CL-02847,1181,72,72,mensual,181.62,10947.58,factura,0,avanzado,0,30,15,0,0,71,Lima,activo,no,no,1
CL-02848,309,27,27,mensual,195.88,4527.98,yape,0,basico,0,30,31,0,0,26,Lima,activo,no,si,1
CL-02849,1562,5,68,enterprise,265.03,17166.42,tarjeta,1,basico,1,365,10,1,1,4,Lima,activo,no,no,1
CL-02850,806,48,48,mensual,130.1,6004.07,transferencia,0,premium,0,30,35,0,0,47,Lima,activo,si,no,1
CL-02851,2241,5,5,mensual,81.99,315.48,tarjeta,0,basico,0,30,11,0,1,4,Chiclayo,activo,no,no,0
CL-02852,2052,25,25,mensual,95.91,1954.78,factura,1,premium,0,30,29,0,0,24,Lima,activo,no,no,1
CL-02853,555,2,29,enterprise,98.64,2853.84,transferencia,0,basico,1,365,14,1,1,1,Arequipa,activo,si,no,1
CL-02854,520,8,8,mensual,30.39,196.33,tarjeta,1,premium,0,30,12,0,0,7,Lima,activo,no,si,0
CL-02855,313,1,8,anual,58.53,391.43,tarjeta,1,avanzado,0,365,32,1,0,0,Cusco,activo,si,si,1
CL-02856,319,5,69,enterprise,377.82,20821.08,tarjeta,1,basico,1,365,43,1,0,4,Trujillo,activo,no,no,1
CL-02857,1133,1,8,anual,52.31,408.56,transferencia,0,basico,1,365,36,1,0,0,Lima,activo,no,si,1
CL-02858,2406,58,58,mensual,183.91,8086.83,factura,1,basico,1,30,24,0,0,57,Lima,activo,si,si,1
CL-02859,1321,1,21,anual,99.14,1750.02,factura,0,basico,1,365,42,1,0,0,Trujillo,activo,si,no,1
CL-02860,1377,31,31,mensual,219.68,6195.09,transferencia,0,basico,1,30,38,0,0,30,Trujillo,activo,no,no,1
CL-02861,1009,46,46,mensual,111.15,3843.91,factura,1,avanzado,1,30,42,0,0,45,Trujillo,activo,no,no,1
CL-02862,1155,17,17,mensual,36.13,636.44,yape,1,avanzado,1,30,1,0,1,16,Trujillo,activo,no,no,1
CL-02863,1235,46,46,mensual,222.73,10356.1,yape,1,basico,1,30,37,0,0,45,Piura,activo,no,no,1
CL-02864,2308,1,1,mensual,207.89,196.29,tarjeta,1,avanzado,0,30,24,0,0,0,Lima,activo,no,no,0
CL-02865,158,43,43,mensual,62.97,2387.49,yape,1,basico,1,30,32,0,0,42,Lima,activo,si,no,1
CL-02866,1341,1,1,mensual,86.85,69.18,factura,0,basico,1,30,43,0,0,0,Piura,inactivo,no,no,0
CL-02867,1449,26,26,mensual,54.21,1291.19,yape,0,basico,1,30,24,0,0,25,Lima,activo,si,si,1
CL-02868,1237,4,53,anual,204.08,8888.38,transferencia,1,basico,0,365,31,1,0,3,Chiclayo,activo,si,si,1
CL-02869,1071,3,47,enterprise,335.2,14831.27,tarjeta,0,basico,0,365,45,1,0,2,Cusco,activo,no,no,1
CL-02870,751,1,1,mensual,91.87,72.91,transferencia,0,basico,1,30,6,0,1,0,Trujillo,activo,no,no,0
CL-02871,1107,1,3,anual,44.14,127.8,yape,1,basico,0,365,34,1,0,0,Piura,activo,si,si,1
CL-02872,1689,15,15,mensual,92.37,1173.38,tarjeta,0,premium,1,30,32,0,0,14,Cusco,activo,si,no,1
CL-02873,783,36,36,mensual,142.18,4609.68,transferencia,1,avanzado,0,30,9,0,1,35,Lima,activo,si,si,1
CL-02874,1785,1,1,mensual,105.66,84.37,yape,1,premium,0,30,1,0,1,0,Arequipa,inactivo,no,no,0
CL-02875,2043,32,32,mensual,86.39,2285.9,factura,1,basico,0,30,29,0,0,31,Lima,activo,no,no,1
CL-02876,339,40,40,mensual,66.25,2345.42,yape,0,premium,1,30,17,0,0,39,Lima,activo,no,no,1
CL-02877,1626,25,25,mensual,83.9,1861.44,transferencia,1,basico,0,30,15,0,0,24,Lima,activo,no,no,1
CL-02878,1952,45,45,mensual,175.85,8308.38,tarjeta,1,basico,0,30,11,0,1,44,Lima,activo,no,no,1
CL-02879,1917,37,37,mensual,48.98,1541.56,yape,1,basico,1,30,25,0,0,36,Arequipa,activo,no,no,1
CL-02880,1106,19,19,mensual,188.78,2780.91,yape,0,avanzado,1,30,12,0,1,18,Cusco,activo,no,no,1
CL-02881,721,1,1,mensual,121.09,109.86,transferencia,0,basico,1,30,4,0,0,0,Lima,activo,no,si,0
CL-02882,1048,35,35,mensual,133.41,3952.83,factura,0,avanzado,1,30,2,0,1,34,Lima,activo,si,si,1
CL-02883,1940,8,8,mensual,60.08,487.05,tarjeta,0,avanzado,0,30,12,0,1,7,Trujillo,activo,no,no,0
CL-02884,2261,18,18,mensual,83.73,1225.44,transferencia,0,basico,1,30,28,0,0,17,Trujillo,activo,no,no,1
CL-02885,1342,44,44,mensual,108.85,4821.48,yape,0,avanzado,0,30,24,0,0,43,Lima,activo,no,no,1
CL-02886,392,67,67,mensual,106.67,6782.92,factura,1,basico,0,30,34,0,0,66,Lima,activo,no,si,1
CL-02887,215,31,31,mensual,115.11,2877.55,transferencia,1,basico,1,30,27,0,0,30,Arequipa,activo,no,no,1
CL-02888,1225,3,45,enterprise,318.16,12478.5,transferencia,1,basico,0,365,14,1,1,2,Piura,activo,si,no,1
CL-02889,1325,1,1,mensual,285.28,256.1,factura,1,basico,1,30,42,0,0,0,Lima,inactivo,no,no,0
CL-02890,1127,38,38,mensual,130.53,4496.56,transferencia,0,basico,0,30,27,0,0,37,Chiclayo,activo,no,no,1
CL-02891,1879,30,30,mensual,30.2,787.43,tarjeta,1,basico,0,30,28,0,0,29,Chiclayo,activo,no,no,1
CL-02892,1504,5,62,enterprise,375.22,21527.9,transferencia,1,basico,1,365,23,1,0,4,Trujillo,activo,si,no,1
CL-02893,1320,1,19,anual,174.06,3191.46,transferencia,0,premium,1,365,20,1,0,0,Chiclayo,activo,no,si,1
CL-02894,556,2,26,anual,348.99,8183.2,yape,1,premium,1,365,45,1,0,1,Lima,activo,si,si,0
CL-02895,1677,4,58,enterprise,388.88,20992.65,tarjeta,1,premium,0,365,18,1,0,3,Arequipa,inactivo,si,no,1
CL-02896,618,30,30,mensual,100.72,3045.41,transferencia,1,basico,0,30,37,0,0,29,Trujillo,activo,si,no,1
CL-02897,2385,1,5,enterprise,434.52,1953.87,transferencia,0,basico,1,365,4,1,0,0,Lima,activo,si,si,0
CL-02898,128,72,72,mensual,95.9,6040.94,yape,1,avanzado,0,30,43,0,0,71,Cusco,activo,no,no,1
CL-02899,436,1,5,anual,206.73,852.06,tarjeta,0,avanzado,0,365,35,1,0,0,Chiclayo,activo,no,no,1
CL-02900,2024,30,30,mensual,176.96,4190.82,yape,1,basico,1,30,38,0,0,29,Arequipa,activo,no,si,1
CL-02901,2455,40,40,mensual,205.68,6891.74,yape,1,avanzado,0,30,15,0,0,39,Lima,activo,no,no,1
CL-02902,237,3,38,enterprise,420.9,13944.53,tarjeta,1,premium,0,365,30,1,0,2,Lima,activo,si,no,1
CL-02903,390,27,27,mensual,101.46,2682.65,yape,1,basico,1,30,34,0,0,26,Lima,activo,no,si,1
CL-02904,1532,2,27,enterprise,757.26,16668.18,transferencia,1,premium,1,365,4,1,1,1,Lima,activo,no,no,0
CL-02905,2470,26,26,mensual,89.95,2246.66,transferencia,0,basico,0,30,30,0,0,25,Piura,activo,si,si,1
CL-02906,75,1,4,anual,58.6,181.36,yape,0,avanzado,1,365,39,1,0,0,Lima,activo,si,si,1
CL-02907,984,5,72,enterprise,115.74,6645.94,tarjeta,1,basico,1,365,39,0,0,4,Chiclayo,inactivo,si,no,1
CL-02908,1478,26,26,mensual,217.55,4795.97,transferencia,1,avanzado,1,30,35,0,0,25,Cusco,activo,no,si,1
CL-02909,1565,3,47,enterprise,335.38,14043.87,factura,1,basico,0,365,41,0,0,2,Cusco,inactivo,no,si,0
CL-02910,572,1,24,anual,176.46,3406.15,tarjeta,1,avanzado,1,365,13,1,0,0,Trujillo,activo,no,no,1
CL-02911,43,1,23,anual,123.82,2231.61,factura,0,basico,1,365,32,1,0,0,Lima,activo,si,si,1
CL-02912,1663,21,21,mensual,103.74,2003.71,transferencia,1,avanzado,0,30,13,0,0,20,Trujillo,activo,no,no,1
CL-02913,2452,1,1,mensual,81.87,71.52,tarjeta,0,avanzado,0,30,39,0,0,0,Lima,activo,no,no,0
CL-02914,1918,2,28,anual,215.81,5285.94,tarjeta,1,basico,0,365,24,1,0,1,Lima,activo,si,no,1
CL-02915,2269,22,22,mensual,124.83,2313.41,tarjeta,0,avanzado,0,30,38,0,0,21,Piura,activo,si,no,1
CL-02916,2447,61,61,mensual,126.65,6654.68,yape,0,premium,0,30,13,0,1,60,Lima,activo,si,no,1
CL-02917,1685,2,2,mensual,105.88,170.51,tarjeta,1,premium,0,30,14,0,1,1,Trujillo,activo,no,no,0
CL-02918,1863,1,18,enterprise,229.25,3429.84,transferencia,1,premium,1,365,44,1,0,0,Lima,activo,no,no,1
CL-02919,430,10,10,mensual,41.17,375.75,factura,1,basico,1,30,41,0,0,9,Lima,activo,no,no,1
CL-02920,2366,5,67,anual,40.15,2439.03,factura,0,avanzado,0,365,9,0,1,4,Lima,activo,si,si,1
CL-02921,1508,1,11,enterprise,520.42,5849.29,yape,0,avanzado,0,365,18,0,0,0,Lima,activo,si,si,0
CL-02922,2327,46,46,mensual,217.24,9990.66,transferencia,0,premium,0,30,7,0,1,45,Trujillo,activo,no,no,1
CL-02923,2445,56,56,mensual,210.3,8857.69,tarjeta,0,basico,0,30,29,0,0,55,Lima,activo,si,si,1
CL-02924,703,2,28,anual,141.84,3252.39,tarjeta,1,premium,0,365,2,1,1,1,Arequipa,activo,no,no,1
CL-02925,1932,1,1,mensual,138.64,140.9,tarjeta,1,avanzado,0,30,2,0,1,0,Lima,activo,no,si,0
CL-02926,999,1,1,anual,122.34,103.31,factura,0,avanzado,0,365,25,1,0,0,Lima,activo,si,no,0
CL-02927,198,4,53,anual,85.85,4064.61,yape,0,avanzado,0,365,41,0,0,3,Cusco,activo,no,no,1
CL-02928,1031,1,1,anual,105.33,100.33,tarjeta,1,basico,1,365,34,1,0,0,Arequipa,activo,si,si,1
CL-02929,1169,41,41,mensual,183.93,6885.11,transferencia,0,basico,1,30,32,0,0,40,Lima,activo,no,no,1
CL-02930,865,2,35,anual,306.65,8065.24,tarjeta,0,basico,1,365,27,1,0,1,Lima,activo,no,no,1
CL-02931,1047,3,41,anual,116.99,3894.68,transferencia,0,avanzado,0,365,9,0,1,2,Lima,activo,si,no,1
CL-02932,1848,43,43,mensual,95.29,3196.57,tarjeta,0,avanzado,1,30,10,0,1,42,Arequipa,activo,si,si,1
CL-02933,1787,1,9,anual,218.09,1570.82,yape,0,avanzado,1,365,28,1,0,0,Trujillo,activo,si,si,0
CL-02934,959,1,8,enterprise,193.9,1231.98,transferencia,0,avanzado,0,365,42,1,0,0,Lima,activo,no,si,1
CL-02935,1773,4,49,anual,222.65,10220.71,transferencia,1,avanzado,1,365,3,0,1,3,Lima,activo,no,si,1
CL-02936,2302,16,16,mensual,146.73,2047.11,tarjeta,0,basico,0,30,18,0,0,15,Cusco,activo,no,si,1
CL-02937,2244,1,1,mensual,115.69,89.08,transferencia,0,basico,0,30,9,0,1,0,Lima,activo,no,no,0
CL-02938,1396,48,48,mensual,122.36,4549.95,transferencia,1,avanzado,1,30,7,0,1,47,Trujillo,activo,no,si,1
CL-02939,2134,6,6,mensual,83.16,516.48,tarjeta,0,avanzado,0,30,16,0,0,5,Chiclayo,activo,si,si,0
CL-02940,764,43,43,mensual,88.2,3020.54,tarjeta,1,premium,1,30,9,0,1,42,Cusco,activo,no,no,1
CL-02941,377,5,66,enterprise,155.97,8504.43,transferencia,0,premium,1,365,12,1,1,4,Lima,activo,no,no,1
CL-02942,2110,32,32,mensual,39.16,1155.74,transferencia,0,avanzado,0,30,20,0,0,31,Lima,inactivo,no,si,1
CL-02943,1815,4,56,enterprise,290.27,13103.77,transferencia,0,basico,1,365,34,0,0,3,Lima,activo,si,si,1
CL-02944,1709,36,36,mensual,141.09,4110.42,factura,1,avanzado,0,30,25,0,0,35,Lima,activo,no,no,1
CL-02945,1891,71,71,mensual,39.81,2181.43,factura,0,basico,1,30,25,0,0,70,Arequipa,activo,si,no,1
CL-02946,792,6,6,mensual,119.47,748.54,yape,1,avanzado,0,30,28,0,0,5,Arequipa,activo,si,si,0
CL-02947,689,32,32,mensual,152.58,4549.64,tarjeta,0,premium,1,30,11,0,1,31,Trujillo,activo,si,no,1
CL-02948,2238,3,48,enterprise,73.16,3191.85,tarjeta,1,premium,0,365,4,1,1,2,Cusco,activo,si,no,1
CL-02949,1939,2,27,enterprise,310.58,8524.87,yape,1,premium,1,365,2,1,1,1,Lima,activo,si,no,0
CL-02950,1117,4,60,enterprise,619.58,34510.39,factura,1,basico,1,365,40,1,0,3,Lima,activo,si,no,1
CL-02951,1032,21,21,mensual,120.6,2099.34,factura,0,avanzado,0,30,40,0,0,20,Arequipa,activo,no,no,1
CL-02952,265,5,72,enterprise,82.09,5270.24,yape,0,avanzado,1,365,16,1,0,4,Cusco,inactivo,si,si,1
CL-02953,127,72,72,mensual,139.14,8948.89,yape,1,basico,1,30,36,0,0,71,Arequipa,activo,no,si,1
CL-02954,2037,3,39,enterprise,203.67,6905.95,tarjeta,0,avanzado,1,365,12,0,0,2,Lima,activo,si,no,1
CL-02955,868,45,45,mensual,126.68,5564.29,transferencia,1,basico,1,30,14,0,1,44,Piura,activo,no,no,1
CL-02956,1763,61,61,mensual,62.06,2963.81,tarjeta,1,premium,0,30,31,0,0,60,Lima,suspendido,no,no,1
CL-02957,2245,3,3,mensual,106.39,254.62,tarjeta,1,avanzado,0,30,42,0,0,2,Trujillo,activo,no,si,0
CL-02958,97,1,1,mensual,100.49,86.59,yape,1,basico,0,30,28,0,0,0,Lima,activo,si,no,0
CL-02959,693,63,63,mensual,138.53,6731.89,tarjeta,0,premium,0,30,44,0,0,62,Arequipa,activo,si,no,1
CL-02960,343,3,39,enterprise,259.83,10601.72,yape,1,avanzado,0,365,45,1,0,2,Chiclayo,activo,no,si,1
CL-02961,1324,2,26,enterprise,295.85,6913.19,yape,1,avanzado,0,365,2,1,1,1,Arequipa,activo,si,si,1
CL-02962,2233,2,32,enterprise,119.9,2935.27,factura,0,premium,1,365,19,0,0,1,Trujillo,activo,no,no,0
CL-02963,518,1,1,mensual,160.09,149.26,factura,1,avanzado,0,30,22,0,0,0,Trujillo,inactivo,no,no,0
CL-02964,102,2,27,anual,202.03,5369.34,yape,1,avanzado,0,365,9,0,1,1,Trujillo,activo,si,no,0
CL-02965,1672,13,13,mensual,28.92,327.96,yape,1,basico,1,30,10,0,0,12,Lima,inactivo,si,si,1
CL-02966,1375,54,54,mensual,199.8,9647.27,yape,0,premium,0,30,44,0,0,53,Lima,activo,no,no,1
CL-02967,1833,56,56,mensual,124.86,6713.73,tarjeta,1,avanzado,0,30,9,0,1,55,Piura,activo,si,si,1
CL-02968,149,46,46,mensual,134.82,5086.31,yape,0,avanzado,1,30,22,0,0,45,Arequipa,activo,no,no,1
CL-02969,543,3,42,anual,294.58,11497.62,factura,1,premium,0,365,22,0,0,2,Piura,activo,si,si,0
CL-02970,2079,1,1,mensual,127.25,119.52,transferencia,0,basico,0,30,30,0,0,0,Cusco,activo,no,no,0
CL-02971,799,46,46,mensual,158.61,7233.26,tarjeta,1,avanzado,1,30,25,0,0,45,Cusco,activo,no,si,1
CL-02972,396,3,47,anual,131.99,6310.98,tarjeta,0,premium,1,365,2,1,1,2,Trujillo,activo,no,no,1
CL-02973,2362,62,62,mensual,194.07,12420.58,tarjeta,0,basico,1,30,21,0,0,61,Chiclayo,activo,si,no,1
CL-02974,1500,5,72,enterprise,332.26,18848.66,transferencia,0,avanzado,1,365,16,1,0,4,Cusco,activo,si,no,1
CL-02975,2451,1,1,mensual,169.55,168.68,yape,1,premium,1,30,6,0,0,0,Lima,activo,no,si,0
CL-02976,2464,1,22,enterprise,285.18,5976.76,tarjeta,1,avanzado,0,365,45,1,0,0,Lima,activo,no,no,1
CL-02977,397,1,14,anual,255.87,3085.04,transferencia,0,basico,0,365,25,1,0,0,Lima,activo,no,no,0
CL-02978,1661,2,36,anual,219.48,8113.38,yape,1,basico,1,365,44,1,0,1,Lima,activo,no,no,1
CL-02979,1764,2,32,anual,133.03,4291.17,factura,1,basico,0,365,42,1,0,1,Lima,activo,no,no,0
CL-02980,1005,2,26,enterprise,196.83,5027.04,tarjeta,1,basico,1,365,45,1,0,1,Lima,activo,si,si,1
CL-02981,2142,4,57,anual,153.6,6717.39,transferencia,1,avanzado,1,365,11,1,1,3,Lima,activo,si,no,1
CL-02982,916,5,5,mensual,61.31,246.19,tarjeta,1,avanzado,1,30,38,0,0,4,Lima,activo,no,no,0
CL-02983,122,6,6,mensual,55.3,340.26,transferencia,1,avanzado,0,30,2,0,1,5,Cusco,activo,no,si,0
CL-02984,2377,1,7,anual,62.74,458.8,tarjeta,0,avanzado,1,365,23,1,0,0,Lima,activo,si,no,1
CL-02985,1364,23,23,mensual,36.48,699.08,tarjeta,0,avanzado,1,30,40,0,0,22,Trujillo,activo,si,no,1
CL-02986,1469,2,2,mensual,238.08,396.74,tarjeta,0,premium,0,30,26,0,0,1,Chiclayo,activo,no,no,0
CL-02987,1872,31,31,mensual,88.0,2545.47,transferencia,0,premium,1,30,10,0,1,30,Arequipa,activo,si,si,1
CL-02988,2491,28,28,mensual,234.43,5073.05,tarjeta,0,avanzado,0,30,4,0,0,27,Lima,activo,si,si,1
CL-02989,1614,13,13,mensual,147.1,1775.75,factura,1,basico,1,30,21,0,0,12,Trujillo,activo,si,no,1
CL-02990,154,4,53,anual,212.92,11743.0,factura,1,premium,0,365,36,1,0,3,Trujillo,activo,no,no,1
CL-02991,973,2,30,enterprise,92.38,2325.44,factura,1,premium,1,365,42,1,0,1,Lima,activo,si,no,1
CL-02992,2027,4,58,enterprise,246.85,13928.21,tarjeta,1,premium,1,365,34,1,0,3,Lima,activo,no,no,1
CL-02993,1892,27,27,mensual,174.8,4282.9,tarjeta,0,avanzado,0,30,20,0,0,26,Chiclayo,activo,si,no,1
CL-02994,465,31,31,mensual,198.16,5136.7,transferencia,1,basico,1,30,32,0,0,30,Arequipa,activo,no,no,1
CL-02995,446,1,18,anual,229.5,3609.43,tarjeta,0,avanzado,1,365,36,0,0,0,Chiclayo,activo,no,no,1
CL-02996,852,32,32,mensual,46.6,1364.93,yape,0,basico,0,30,18,0,0,31,Arequipa,activo,si,no,1
CL-02997,2107,4,49,anual,122.15,5856.53,yape,1,basico,0,365,12,0,1,3,Lima,suspendido,no,no,1
CL-02998,1622,22,22,mensual,76.78,1540.92,tarjeta,1,avanzado,1,30,12,0,1,21,Cusco,activo,no,si,1
CL-02999,1667,3,45,enterprise,398.52,18427.32,tarjeta,0,premium,0,365,34,1,0,2,Piura,inactivo,no,no,1
CL-03000,2017,12,12,mensual,243.74,2296.28,transferencia,1,avanzado,0,30,37,0,0,11,Lima,inactivo,no,no,0
CL-03001,793,4,51,enterprise,255.86,13535.7,yape,1,avanzado,0,365,9,0,0,3,Lima,activo,si,si,1
CL-03002,1422,1,18,anual,145.2,2391.95,transferencia,1,avanzado,0,365,44,1,0,0,Arequipa,activo,si,no,1
CL-03003,1251,53,53,mensual,172.25,7920.03,tarjeta,0,basico,1,30,1,0,0,52,Chiclayo,activo,si,no,1
CL-03004,262,2,33,anual,78.8,2009.63,transferencia,0,basico,0,365,20,1,0,1,Piura,activo,no,si,1
CL-03005,816,69,69,mensual,103.75,6005.29,transferencia,1,avanzado,0,30,22,0,0,68,Trujillo,activo,no,no,1
CL-03006,11,1,4,enterprise,428.98,1512.38,yape,1,basico,1,365,3,1,1,0,Cusco,activo,no,si,0
CL-03007,798,1,1,anual,121.61,125.39,transferencia,0,basico,0,365,33,1,0,0,Lima,inactivo,no,si,0
CL-03008,2180,17,17,mensual,81.8,1358.52,yape,1,avanzado,0,30,41,0,0,16,Arequipa,activo,si,si,1
CL-03009,179,1,1,mensual,78.94,60.6,tarjeta,0,basico,1,30,11,0,1,0,Cusco,activo,si,si,0
CL-03010,686,1,1,anual,358.1,303.8,tarjeta,0,basico,1,365,32,1,0,0,Lima,activo,si,si,0
CL-03011,1267,47,47,mensual,243.6,10274.85,yape,1,avanzado,1,30,43,0,0,46,Lima,activo,no,no,1
CL-03012,1678,2,32,enterprise,264.56,8508.47,factura,1,premium,0,365,31,1,0,1,Arequipa,activo,no,no,1
CL-03013,233,1,20,enterprise,308.45,6063.68,factura,1,basico,1,365,21,1,0,0,Piura,activo,no,no,1
CL-03014,1939,1,22,anual,128.67,2306.6,yape,0,avanzado,1,365,43,1,0,0,Chiclayo,activo,no,no,0
CL-03015,1245,17,17,mensual,114.6,1490.64,yape,1,avanzado,1,30,19,0,0,16,Lima,activo,si,no,1
CL-03016,1754,5,72,anual,119.23,6779.34,transferencia,0,avanzado,0,365,31,1,0,4,Arequipa,activo,no,no,1
CL-03017,1439,1,14,enterprise,283.71,3578.67,factura,0,avanzado,0,365,35,0,0,0,Trujillo,activo,no,no,0
CL-03018,253,1,1,mensual,131.36,102.06,transferencia,0,avanzado,1,30,28,0,0,0,Lima,activo,no,si,0
CL-03019,842,51,51,mensual,91.98,3869.72,yape,0,premium,1,30,15,0,0,50,Arequipa,activo,si,si,1
CL-03020,1937,27,27,mensual,90.41,2432.29,transferencia,0,basico,0,30,32,0,0,26,Trujillo,activo,si,no,1
CL-03021,1235,72,72,mensual,115.03,7210.33,factura,0,premium,1,30,14,0,1,71,Lima,activo,no,no,1
CL-03022,2232,1,19,anual,122.44,2439.99,yape,0,basico,0,365,22,1,0,0,Piura,activo,si,no,1
CL-03023,1733,53,53,mensual,112.86,5842.78,tarjeta,0,premium,1,30,25,0,0,52,Arequipa,activo,no,si,1
CL-03024,1985,4,58,anual,284.23,13674.19,factura,1,avanzado,0,365,13,1,0,3,Piura,inactivo,no,si,1
CL-03025,1310,19,19,mensual,31.14,445.09,tarjeta,0,avanzado,0,30,35,0,0,18,Arequipa,activo,no,no,1
CL-03026,1275,14,14,mensual,178.31,2267.08,tarjeta,0,avanzado,1,30,12,0,1,13,Lima,activo,si,no,0
CL-03027,1395,50,50,mensual,112.38,5404.11,transferencia,1,avanzado,0,30,8,0,1,49,Lima,activo,si,si,1
CL-03028,499,3,46,enterprise,404.38,16572.15,transferencia,1,basico,0,365,33,1,0,2,Chiclayo,activo,si,no,1
CL-03029,1457,1,1,anual,274.28,280.3,yape,0,avanzado,0,365,40,0,0,0,Arequipa,activo,si,no,0
CL-03030,1562,4,4,mensual,66.98,262.66,transferencia,0,avanzado,1,30,11,0,0,3,Arequipa,activo,si,no,0
CL-03031,21,1,1,enterprise,204.61,185.39,factura,0,avanzado,1,365,24,0,0,0,Cusco,activo,no,si,1
CL-03032,1751,46,46,mensual,49.91,1734.93,tarjeta,1,avanzado,1,30,42,0,0,45,Cusco,activo,no,no,1
CL-03033,954,25,25,mensual,95.46,2032.04,transferencia,1,basico,1,30,17,0,0,24,Chiclayo,suspendido,no,no,1
CL-03034,677,28,28,mensual,184.73,4646.52,yape,1,premium,1,30,19,0,0,27,Trujillo,activo,si,no,1
CL-03035,1622,1,1,enterprise,183.77,151.62,tarjeta,0,avanzado,1,365,32,0,0,0,Lima,activo,no,si,0
CL-03036,1604,1,5,anual,201.48,1008.71,tarjeta,0,avanzado,0,365,29,1,0,0,Lima,activo,no,no,0
CL-03037,430,1,20,anual,44.28,776.97,tarjeta,1,premium,0,365,6,1,1,0,Arequipa,activo,si,no,1
CL-03038,2188,15,15,mensual,93.54,1138.11,tarjeta,0,basico,1,30,2,0,1,14,Lima,activo,no,si,1
CL-03039,1960,35,35,mensual,205.67,7081.33,transferencia,0,basico,1,30,17,0,0,34,Piura,activo,si,no,1
CL-03040,954,3,46,anual,149.77,6424.28,tarjeta,0,premium,1,365,21,1,0,2,Chiclayo,activo,si,no,1
CL-03041,160,72,72,mensual,83.28,4851.63,yape,1,avanzado,0,30,28,0,0,71,Arequipa,inactivo,no,si,1
CL-03042,1330,2,31,enterprise,161.91,4566.6,yape,0,basico,1,365,18,1,0,1,Lima,activo,no,no,1
CL-03043,2472,4,59,enterprise,64.4,3641.37,yape,0,basico,0,365,6,1,0,3,Lima,activo,no,no,1
CL-03044,1793,11,11,mensual,72.94,709.69,transferencia,0,avanzado,1,30,34,0,0,10,Lima,activo,no,no,1
CL-03045,824,1,1,anual,255.88,215.12,transferencia,0,avanzado,1,365,20,1,0,0,Lima,activo,si,si,0
CL-03046,1854,1,23,enterprise,210.91,4641.86,factura,1,avanzado,0,365,3,0,1,0,Trujillo,activo,si,no,0
CL-03047,2003,1,1,mensual,109.14,104.36,tarjeta,0,premium,1,30,27,0,0,0,Chiclayo,activo,no,no,0
CL-03048,1611,2,32,anual,49.43,1194.36,yape,1,basico,0,365,19,1,0,1,Lima,inactivo,si,no,1
CL-03049,533,1,13,enterprise,84.81,904.34,transferencia,0,avanzado,1,365,25,1,0,0,Chiclayo,activo,no,no,1
CL-03050,1320,1,1,mensual,206.14,194.57,yape,1,basico,0,30,39,0,0,0,Piura,activo,si,si,0
CL-03051,605,5,72,enterprise,365.99,21535.41,transferencia,0,avanzado,1,365,9,0,1,4,Piura,activo,no,no,0
CL-03052,1757,19,19,mensual,51.07,1007.98,tarjeta,0,premium,0,30,31,0,0,18,Lima,activo,no,no,1
CL-03053,51,1,1,anual,157.84,126.09,yape,1,basico,0,365,6,0,1,0,Lima,activo,no,no,0
CL-03054,2116,4,54,enterprise,268.21,14113.51,tarjeta,0,avanzado,0,365,35,0,0,3,Arequipa,inactivo,no,no,1
CL-03055,1209,1,14,anual,67.24,987.95,yape,1,basico,0,365,17,0,0,0,Trujillo,activo,si,no,0
CL-03056,2243,59,59,mensual,36.44,1836.01,transferencia,1,basico,0,30,35,0,0,58,Lima,activo,si,no,1
CL-03057,2392,1,14,anual,192.26,2505.75,tarjeta,0,basico,0,365,2,1,1,0,Lima,activo,no,no,0
CL-03058,1073,19,19,mensual,154.73,2298.14,transferencia,0,avanzado,1,30,30,0,0,18,Chiclayo,activo,no,no,1
CL-03059,2239,40,40,mensual,133.57,5003.78,transferencia,0,premium,0,30,12,0,1,39,Lima,activo,si,no,1
CL-03060,1780,46,46,mensual,157.81,7595.05,tarjeta,0,basico,1,30,18,0,0,45,Lima,activo,si,si,1
CL-03061,1183,4,51,anual,52.13,2769.91,yape,0,basico,1,365,11,1,1,3,Lima,activo,si,si,1
CL-03062,1010,30,30,mensual,107.84,2826.06,tarjeta,1,basico,1,30,18,0,0,29,Arequipa,activo,si,no,1
CL-03063,2221,45,45,mensual,94.01,4214.32,tarjeta,1,avanzado,0,30,36,0,0,44,Arequipa,inactivo,no,no,1
CL-03064,2152,4,50,enterprise,250.29,12489.22,tarjeta,1,basico,0,365,3,1,0,3,Lima,activo,no,si,1
CL-03065,2171,37,37,mensual,91.44,2869.63,factura,0,premium,0,30,28,0,0,36,Arequipa,inactivo,si,si,1
CL-03066,2077,28,28,mensual,64.37,1796.64,tarjeta,0,avanzado,0,30,9,0,0,27,Lima,activo,no,si,1
CL-03067,2353,1,1,mensual,35.66,28.48,yape,1,avanzado,1,30,18,0,0,0,Trujillo,activo,no,si,0
CL-03068,1883,47,47,mensual,141.35,6933.53,yape,0,basico,1,30,26,0,0,46,Cusco,suspendido,no,si,1
CL-03069,751,2,33,anual,220.21,7334.16,transferencia,1,avanzado,1,365,5,0,1,1,Lima,activo,no,no,0
CL-03070,1224,22,22,mensual,33.77,671.01,transferencia,0,premium,1,30,41,0,0,21,Cusco,activo,si,no,1
CL-03071,51,63,63,mensual,111.01,6053.66,transferencia,0,avanzado,1,30,31,0,0,62,Lima,activo,no,no,1
CL-03072,1345,1,1,enterprise,248.94,257.35,tarjeta,0,avanzado,0,365,28,1,0,0,Arequipa,activo,si,no,0
CL-03073,566,5,72,enterprise,213.06,11832.57,yape,0,avanzado,1,365,42,1,0,4,Lima,activo,no,no,1
CL-03074,2002,2,31,anual,93.73,2613.66,transferencia,0,premium,0,365,18,0,0,1,Trujillo,activo,no,no,1
CL-03075,2218,3,40,enterprise,407.69,14612.98,tarjeta,1,basico,1,365,7,1,1,2,Trujillo,activo,si,no,1
CL-03076,121,1,22,enterprise,193.32,3676.32,tarjeta,0,premium,1,365,38,1,0,0,Arequipa,inactivo,no,no,0
CL-03077,1387,1,1,mensual,61.11,47.9,tarjeta,1,basico,1,30,29,0,0,0,Lima,activo,no,no,0
CL-03078,1419,2,28,anual,345.45,7983.9,tarjeta,1,avanzado,1,365,21,1,0,1,Lima,activo,si,si,1
CL-03079,1740,3,40,anual,139.26,5820.71,transferencia,0,avanzado,1,365,4,0,0,2,Cusco,activo,si,si,1
CL-03080,600,48,48,mensual,97.86,4661.51,factura,0,avanzado,1,30,12,0,1,47,Lima,activo,no,si,1
CL-03081,26,27,27,mensual,142.62,3856.46,factura,1,basico,1,30,27,0,0,26,Piura,activo,no,si,1
CL-03082,1507,1,1,mensual,65.48,59.12,tarjeta,0,avanzado,0,30,4,0,1,0,Lima,activo,si,si,0
CL-03083,596,1,1,anual,171.94,163.09,transferencia,0,basico,1,365,25,1,0,0,Arequipa,activo,no,no,0
CL-03084,1191,5,72,enterprise,399.17,25909.38,tarjeta,1,avanzado,0,365,38,1,0,4,Trujillo,suspendido,no,si,1
CL-03085,1880,1,5,enterprise,97.09,462.73,transferencia,0,basico,0,365,21,1,0,0,Lima,activo,si,no,1
CL-03086,1595,67,67,mensual,114.82,7762.49,tarjeta,0,avanzado,0,30,28,0,0,66,Arequipa,activo,si,no,1
CL-03087,2248,9,9,mensual,74.8,553.89,transferencia,0,basico,0,30,10,0,1,8,Lima,activo,no,si,1
CL-03088,236,27,27,mensual,148.83,4160.13,transferencia,0,basico,0,30,27,0,0,26,Lima,activo,si,no,1
CL-03089,29,47,47,mensual,158.78,7642.39,transferencia,1,avanzado,0,30,9,0,0,46,Arequipa,activo,no,no,1
CL-03090,2316,1,12,enterprise,271.8,2856.47,tarjeta,0,basico,1,365,33,1,0,0,Lima,activo,no,no,1
CL-03091,2166,5,71,enterprise,83.01,6147.4,transferencia,0,avanzado,1,365,24,1,0,4,Arequipa,activo,no,no,1
CL-03092,1459,2,34,enterprise,299.46,10331.89,tarjeta,1,premium,0,365,28,1,0,1,Trujillo,activo,si,no,1
CL-03093,2156,3,43,enterprise,146.91,4813.8,transferencia,0,premium,1,365,15,1,0,2,Cusco,activo,si,no,1
CL-03094,736,2,25,enterprise,280.21,5342.44,factura,1,avanzado,1,365,16,1,0,1,Lima,activo,si,no,1
CL-03095,2391,48,48,mensual,34.3,1584.14,tarjeta,1,avanzado,0,30,30,0,0,47,Lima,activo,si,no,1
CL-03096,1992,71,71,mensual,36.55,2556.39,transferencia,0,avanzado,0,30,28,0,0,70,Chiclayo,activo,no,no,1
CL-03097,982,29,29,mensual,162.41,3883.8,transferencia,1,avanzado,1,30,32,0,0,28,Piura,activo,no,no,1
CL-03098,1706,72,72,mensual,146.01,9457.46,transferencia,1,basico,0,30,7,0,1,71,Chiclayo,inactivo,si,no,1
CL-03099,621,17,17,mensual,107.59,1667.66,transferencia,0,basico,1,30,9,0,1,16,Trujillo,activo,si,no,1
CL-03100,1120,51,51,mensual,55.9,2519.28,yape,1,premium,1,30,14,0,1,50,Arequipa,activo,si,si,1
CL-03101,1172,3,44,enterprise,136.51,4629.38,yape,0,basico,0,365,18,1,0,2,Arequipa,activo,si,no,1
CL-03102,697,6,6,mensual,122.11,597.61,transferencia,0,basico,0,30,25,0,0,5,Cusco,activo,si,si,0
CL-03103,705,3,37,enterprise,237.97,8755.17,tarjeta,1,basico,1,365,24,0,0,2,Lima,activo,si,si,1
CL-03104,800,2,32,enterprise,498.73,12319.45,tarjeta,1,basico,0,365,4,1,1,1,Lima,activo,si,no,0
CL-03105,1675,1,11,anual,131.1,1350.73,yape,0,basico,0,365,2,1,1,0,Lima,activo,si,no,1
CL-03106,128,3,41,anual,217.84,8397.76,transferencia,1,avanzado,0,365,37,1,0,2,Trujillo,activo,si,no,1
CL-03107,1224,35,35,mensual,32.25,1170.45,tarjeta,1,avanzado,1,30,27,0,0,34,Lima,activo,si,no,1
CL-03108,962,2,30,anual,162.93,5113.89,yape,0,premium,1,365,3,0,1,1,Lima,activo,si,no,1
CL-03109,2106,30,30,mensual,111.6,3460.2,transferencia,0,avanzado,1,30,39,0,0,29,Lima,activo,si,si,1
CL-03110,1281,2,30,enterprise,252.35,6907.3,transferencia,0,premium,0,365,17,0,0,1,Piura,activo,si,no,0
CL-03111,1609,23,23,mensual,75.01,1315.54,tarjeta,1,avanzado,1,30,30,0,0,22,Trujillo,suspendido,no,no,1
CL-03112,2105,35,35,mensual,140.41,4094.59,factura,1,basico,1,30,21,0,0,34,Lima,activo,si,si,1
CL-03113,2185,1,16,anual,380.02,5427.59,yape,0,premium,0,365,9,1,1,0,Lima,activo,si,no,1
CL-03114,1618,5,72,anual,222.65,12211.24,yape,0,avanzado,1,365,31,1,0,4,Trujillo,activo,si,no,1
CL-03115,1558,1,1,mensual,186.0,141.57,tarjeta,1,avanzado,0,30,17,0,0,0,Trujillo,activo,si,si,0
CL-03116,544,1,18,anual,263.26,4014.64,transferencia,0,basico,0,365,7,0,1,0,Lima,activo,no,no,0
CL-03117,290,19,19,mensual,165.74,2727.73,factura,1,avanzado,0,30,11,0,0,18,Lima,activo,no,no,1
CL-03118,2409,5,72,anual,160.29,10666.7,factura,0,basico,1,365,37,1,0,4,Cusco,activo,si,no,1
CL-03119,857,1,1,mensual,106.39,109.57,tarjeta,1,basico,1,30,24,0,0,0,Piura,activo,si,si,0
CL-03120,554,42,42,mensual,83.73,3050.19,tarjeta,0,avanzado,1,30,20,0,0,41,Lima,activo,no,no,1
CL-03121,1141,38,38,mensual,136.26,3958.11,transferencia,1,premium,1,30,36,0,0,37,Lima,activo,si,no,1
CL-03122,1544,40,40,mensual,171.6,6260.06,tarjeta,0,premium,1,30,12,0,0,39,Cusco,activo,no,no,1
CL-03123,455,62,62,mensual,108.25,5754.36,tarjeta,0,premium,1,30,7,0,1,61,Arequipa,activo,no,no,1
CL-03124,821,62,62,mensual,197.92,12520.52,transferencia,1,premium,1,30,5,0,1,61,Lima,activo,no,no,1
CL-03125,1854,21,21,mensual,83.2,1536.57,tarjeta,1,premium,1,30,5,0,1,20,Chiclayo,activo,si,no,1
CL-03126,305,37,37,mensual,129.51,4056.51,yape,1,avanzado,0,30,42,0,0,36,Arequipa,activo,si,si,1
CL-03127,1131,1,1,mensual,174.68,168.94,transferencia,0,avanzado,0,30,41,0,0,0,Trujillo,activo,si,no,0
CL-03128,2058,34,34,mensual,165.27,5045.89,tarjeta,0,basico,1,30,19,0,0,33,Arequipa,activo,no,no,1
CL-03129,697,1,12,anual,182.3,2005.0,yape,0,premium,1,365,22,1,0,0,Lima,activo,no,si,0
CL-03130,1473,2,27,enterprise,358.26,7696.05,transferencia,1,avanzado,1,365,18,0,0,1,Arequipa,activo,si,si,0
CL-03131,2098,1,1,mensual,80.32,69.28,factura,0,basico,0,30,25,0,0,0,Lima,activo,si,si,0
CL-03132,1312,3,42,enterprise,334.5,10732.41,tarjeta,1,avanzado,0,365,9,1,1,2,Lima,activo,no,si,1
CL-03133,873,1,1,mensual,108.05,105.51,transferencia,1,premium,0,30,30,0,0,0,Lima,activo,si,no,0
CL-03134,751,36,36,mensual,40.84,1211.0,transferencia,1,avanzado,0,30,23,0,0,35,Chiclayo,activo,si,no,1
CL-03135,2035,1,2,anual,174.55,274.45,factura,1,basico,1,365,42,1,0,0,Cusco,activo,no,no,0
CL-03136,1947,1,11,enterprise,111.06,1132.3,tarjeta,0,avanzado,1,365,15,1,0,0,Lima,activo,no,si,1
CL-03137,2051,4,60,enterprise,242.56,13445.04,transferencia,0,avanzado,1,365,35,0,0,3,Trujillo,activo,si,no,1
CL-03138,2132,46,46,mensual,142.53,5538.43,tarjeta,0,avanzado,1,30,8,0,1,45,Arequipa,activo,no,no,1
CL-03139,1061,4,60,enterprise,189.34,11800.11,factura,0,basico,0,365,5,0,1,3,Arequipa,activo,no,si,1
CL-03140,2091,70,70,mensual,137.41,9047.89,tarjeta,0,avanzado,0,30,34,0,0,69,Lima,activo,no,no,1
CL-03141,217,13,13,mensual,137.91,1842.88,transferencia,1,avanzado,0,30,40,0,0,12,Chiclayo,activo,no,no,1
CL-03142,181,69,69,mensual,59.27,3436.02,yape,0,basico,1,30,41,0,0,68,Arequipa,activo,no,no,1
CL-03143,1234,1,1,enterprise,354.78,324.82,tarjeta,0,basico,1,365,3,1,0,0,Cusco,activo,si,no,0
CL-03144,497,50,50,mensual,65.67,2869.96,tarjeta,0,avanzado,0,30,16,0,0,49,Piura,activo,si,si,1
CL-03145,2444,1,20,enterprise,593.19,10368.78,transferencia,0,avanzado,1,365,22,0,0,0,Chiclayo,activo,si,si,0
CL-03146,310,1,9,anual,157.18,1081.24,transferencia,0,premium,0,365,13,0,1,0,Lima,activo,no,no,0
CL-03147,667,3,47,anual,85.59,3282.11,transferencia,1,premium,1,365,14,1,1,2,Lima,activo,no,no,1
CL-03148,761,4,55,anual,97.31,5409.84,tarjeta,1,avanzado,0,365,17,1,0,3,Arequipa,activo,si,no,1
CL-03149,750,4,54,enterprise,531.16,28824.81,yape,1,avanzado,1,365,2,1,1,3,Arequipa,activo,no,si,1
CL-03150,282,37,37,mensual,111.34,3219.57,yape,1,basico,1,30,42,0,0,36,Piura,activo,no,no,1
CL-03151,2338,35,35,mensual,41.59,1099.66,yape,0,avanzado,1,30,14,0,1,34,Arequipa,inactivo,si,no,1
CL-03152,443,3,45,anual,239.99,8430.28,transferencia,1,avanzado,1,365,27,1,0,2,Cusco,inactivo,si,no,1
CL-03153,1822,39,39,mensual,90.9,3338.21,transferencia,1,avanzado,1,30,36,0,0,38,Lima,activo,no,si,1
CL-03154,1766,45,45,mensual,125.07,4626.04,yape,1,premium,0,30,8,0,0,44,Lima,activo,si,no,1
CL-03155,548,37,37,mensual,134.02,4853.55,factura,0,basico,0,30,10,0,1,36,Lima,activo,no,no,1
CL-03156,1672,53,53,mensual,114.39,4557.6,tarjeta,0,basico,0,30,29,0,0,52,Lima,activo,no,no,1
CL-03157,198,1,1,mensual,270.67,261.12,yape,0,avanzado,1,30,45,0,0,0,Trujillo,activo,no,no,0
CL-03158,707,29,29,mensual,31.01,913.6,transferencia,0,basico,1,30,19,0,0,28,Lima,activo,no,no,1
CL-03159,2297,1,1,enterprise,213.33,162.87,transferencia,1,basico,1,365,42,1,0,0,Lima,activo,si,no,0
CL-03160,2060,39,39,mensual,84.53,3330.36,tarjeta,0,avanzado,0,30,1,0,1,38,Trujillo,activo,si,si,1
CL-03161,1043,5,72,enterprise,671.1,49544.61,yape,1,basico,0,365,34,1,0,4,Lima,inactivo,si,no,1
CL-03162,1670,1,20,enterprise,583.39,10626.47,transferencia,1,basico,0,365,44,1,0,0,Arequipa,activo,no,si,0
CL-03163,380,35,35,mensual,196.7,5751.03,tarjeta,0,premium,0,30,34,0,0,34,Arequipa,activo,no,si,1
CL-03164,1079,4,50,anual,127.98,5879.68,transferencia,1,avanzado,1,365,6,1,1,3,Lima,activo,si,no,1
CL-03165,87,1,1,anual,120.26,101.4,factura,0,basico,0,365,1,1,1,0,Lima,activo,si,no,1
CL-03166,55,1,19,anual,127.81,2501.15,yape,0,premium,1,365,19,0,0,0,Trujillo,activo,si,si,1
CL-03167,2388,41,41,mensual,74.14,2775.55,tarjeta,1,basico,0,30,26,0,0,40,Arequipa,activo,no,no,1
CL-03168,1640,1,1,mensual,176.92,175.08,tarjeta,0,basico,0,30,30,0,0,0,Cusco,activo,no,no,0
CL-03169,361,8,8,mensual,111.94,835.51,yape,0,premium,1,30,42,0,0,7,Trujillo,activo,no,no,1
CL-03170,1957,4,59,anual,152.28,7515.75,factura,0,avanzado,1,365,27,1,0,3,Arequipa,activo,si,no,1
CL-03171,1249,4,57,enterprise,391.46,20082.77,transferencia,1,basico,0,365,13,0,1,3,Lima,activo,no,si,1
CL-03172,560,3,41,anual,42.55,1768.92,transferencia,0,avanzado,1,365,1,1,1,2,Lima,activo,no,no,1
CL-03173,2367,4,54,anual,146.69,6850.8,tarjeta,1,avanzado,0,365,42,0,0,3,Lima,activo,no,no,1
CL-03174,298,3,37,enterprise,122.02,3848.36,tarjeta,1,premium,1,365,28,1,0,2,Lima,activo,no,no,1
CL-03175,1801,3,46,anual,159.38,7602.23,transferencia,1,avanzado,1,365,31,1,0,2,Arequipa,activo,si,no,1
CL-03176,788,24,24,mensual,91.12,1859.33,transferencia,1,avanzado,0,30,33,0,0,23,Arequipa,activo,si,no,1
CL-03177,2244,2,35,enterprise,174.18,6144.16,transferencia,0,basico,0,365,37,0,0,1,Lima,activo,no,si,1
CL-03178,1755,16,16,mensual,153.81,1977.34,tarjeta,1,basico,0,30,39,0,0,15,Lima,activo,no,no,1
CL-03179,1735,63,63,mensual,153.54,9552.28,tarjeta,1,basico,0,30,40,0,0,62,Chiclayo,suspendido,si,no,1
CL-03180,2406,69,69,mensual,105.57,6807.87,tarjeta,0,avanzado,0,30,9,0,1,68,Lima,activo,si,si,1
CL-03181,430,5,66,enterprise,297.52,15435.31,yape,1,avanzado,1,365,14,1,1,4,Cusco,activo,si,si,1
CL-03182,981,22,22,mensual,73.69,1246.98,tarjeta,1,basico,0,30,2,0,0,21,Arequipa,activo,si,no,1
CL-03183,1054,8,8,mensual,158.95,1067.5,yape,1,basico,0,30,6,0,1,7,Cusco,inactivo,si,no,0
CL-03184,2075,63,63,mensual,107.44,6411.58,tarjeta,0,avanzado,0,30,43,0,0,62,Lima,activo,si,no,1
CL-03185,1607,45,45,mensual,93.96,3627.94,tarjeta,0,basico,1,30,20,0,0,44,Chiclayo,activo,si,si,1
CL-03186,1902,40,40,mensual,85.24,2834.56,tarjeta,1,premium,0,30,31,0,0,39,Lima,activo,si,no,1
CL-03187,1006,1,16,anual,136.28,2015.98,transferencia,0,premium,1,365,26,1,0,0,Trujillo,activo,si,no,0
CL-03188,2217,3,42,enterprise,662.71,28829.34,tarjeta,1,avanzado,0,365,21,0,0,2,Trujillo,activo,si,si,0
CL-03189,225,5,5,mensual,133.96,526.84,transferencia,0,premium,0,30,8,0,1,4,Trujillo,activo,no,no,0
CL-03190,1658,47,47,mensual,47.7,2114.95,transferencia,0,avanzado,1,30,33,0,0,46,Arequipa,inactivo,no,si,1
CL-03191,2304,66,66,mensual,141.58,9565.93,yape,1,avanzado,1,30,34,0,0,65,Trujillo,inactivo,no,no,1
CL-03192,2366,72,72,mensual,111.12,7299.22,yape,1,avanzado,1,30,8,0,1,71,Trujillo,activo,no,no,1
CL-03193,216,4,49,anual,187.24,9534.92,transferencia,0,basico,1,365,15,1,0,3,Cusco,activo,si,no,1
CL-03194,2293,1,1,anual,161.76,150.33,tarjeta,1,basico,1,365,44,1,0,0,Cusco,activo,si,no,1
CL-03195,1890,3,37,anual,263.88,9292.77,yape,0,avanzado,1,365,39,0,0,2,Trujillo,inactivo,no,no,1
CL-03196,85,72,72,mensual,96.87,6886.65,transferencia,0,basico,0,30,30,0,0,71,Piura,activo,no,no,1
CL-03197,2263,1,11,anual,284.93,2538.47,yape,1,premium,0,365,44,1,0,0,Piura,activo,si,no,1
CL-03198,1292,30,30,mensual,59.48,1638.18,factura,1,basico,1,30,40,0,0,29,Lima,activo,no,si,1
CL-03199,1006,67,67,mensual,81.39,5094.74,tarjeta,1,avanzado,1,30,28,0,0,66,Chiclayo,activo,no,si,1
CL-03200,820,3,47,enterprise,492.18,18183.14,transferencia,0,avanzado,1,365,26,1,0,2,Cusco,activo,no,no,1
CL-03201,143,5,72,enterprise,328.61,20978.15,tarjeta,0,basico,1,365,30,1,0,4,Arequipa,activo,no,no,1
CL-03202,2116,1,14,enterprise,563.13,7735.63,transferencia,1,basico,1,365,37,1,0,0,Trujillo,activo,si,si,0
CL-03203,2492,1,8,enterprise,228.97,1396.19,transferencia,0,avanzado,1,365,44,0,0,0,Lima,activo,no,no,0
CL-03204,1023,5,62,anual,163.82,8877.56,factura,1,basico,0,365,15,0,0,4,Lima,activo,si,no,1
CL-03205,2430,1,3,enterprise,485.84,1156.86,transferencia,0,basico,0,365,14,1,0,0,Lima,inactivo,no,no,0
CL-03206,2283,27,27,mensual,40.81,884.5,transferencia,1,basico,0,30,6,0,1,26,Chiclayo,activo,si,no,1
CL-03207,1065,30,30,mensual,39.13,1060.94,tarjeta,0,avanzado,1,30,1,0,1,29,Arequipa,activo,no,no,1
CL-03208,2269,57,57,mensual,81.59,3529.11,tarjeta,1,premium,0,30,16,0,0,56,Lima,activo,no,no,1
CL-03209,1967,47,47,mensual,146.84,6055.96,transferencia,0,premium,1,30,12,0,0,46,Cusco,activo,si,no,1
CL-03210,911,43,43,mensual,37.65,1226.7,tarjeta,0,basico,1,30,41,0,0,42,Trujillo,activo,si,no,1
CL-03211,344,22,22,mensual,150.24,3396.73,transferencia,0,avanzado,1,30,22,0,0,21,Trujillo,activo,si,no,1
CL-03212,1437,5,62,anual,211.04,13279.26,yape,0,premium,1,365,32,1,0,4,Lima,activo,no,no,1
CL-03213,1269,5,72,enterprise,480.83,28162.88,yape,0,avanzado,0,365,10,1,1,4,Trujillo,inactivo,si,no,1
CL-03214,70,4,49,anual,247.39,9330.89,tarjeta,0,premium,1,365,21,1,0,3,Cusco,activo,no,no,1
CL-03215,655,34,34,mensual,134.24,3766.3,transferencia,0,avanzado,1,30,37,0,0,33,Lima,activo,no,si,1
CL-03216,893,1,1,anual,284.19,215.56,yape,0,basico,0,365,11,1,1,0,Arequipa,activo,si,no,1
CL-03217,2219,16,16,mensual,144.78,2248.0,tarjeta,0,avanzado,0,30,18,0,0,15,Lima,activo,no,no,1
CL-03218,1645,27,27,mensual,82.2,2046.66,tarjeta,0,premium,1,30,27,0,0,26,Arequipa,activo,no,si,1
CL-03219,359,19,19,mensual,44.57,773.28,transferencia,1,basico,1,30,10,0,1,18,Trujillo,inactivo,no,no,1
CL-03220,529,31,31,mensual,99.29,3095.2,transferencia,0,basico,0,30,27,0,0,30,Cusco,activo,si,no,1
CL-03221,2467,72,72,mensual,110.2,7877.22,transferencia,0,basico,0,30,28,0,0,71,Arequipa,activo,no,no,1
CL-03222,397,5,63,enterprise,284.14,15621.41,factura,0,basico,1,365,24,1,0,4,Chiclayo,activo,no,si,1
CL-03223,2258,2,28,enterprise,84.9,2218.17,yape,0,basico,0,365,8,1,1,1,Piura,activo,no,si,1
CL-03224,2385,1,2,anual,202.89,358.12,factura,1,avanzado,1,365,34,1,0,0,Cusco,activo,si,no,0
CL-03225,1709,65,65,mensual,118.7,7230.99,factura,1,avanzado,0,30,38,0,0,64,Arequipa,activo,no,no,1
CL-03226,1459,2,31,enterprise,336.88,8307.18,tarjeta,0,basico,0,365,11,1,1,1,Lima,activo,no,si,0
CL-03227,2365,1,1,anual,280.33,235.48,tarjeta,0,premium,0,365,5,0,1,0,Trujillo,activo,no,no,0
CL-03228,1412,49,49,mensual,151.11,6112.81,yape,0,premium,0,30,23,0,0,48,Trujillo,activo,si,si,1
CL-03229,1329,4,57,anual,92.05,4198.74,factura,1,avanzado,0,365,8,0,0,3,Arequipa,activo,no,no,1
CL-03230,2051,1,1,mensual,36.06,31.52,yape,0,premium,1,30,14,0,1,0,Chiclayo,inactivo,no,no,0
CL-03231,510,12,12,mensual,127.41,1479.92,tarjeta,0,avanzado,0,30,30,0,0,11,Lima,activo,no,no,1
CL-03232,1393,29,29,mensual,73.73,1857.68,tarjeta,1,basico,1,30,10,0,1,28,Piura,activo,no,no,1
CL-03233,2094,50,50,mensual,154.0,8044.89,factura,0,basico,0,30,17,0,0,49,Piura,activo,no,no,1
CL-03234,1615,19,19,mensual,187.99,3002.56,tarjeta,0,avanzado,1,30,15,0,0,18,Trujillo,activo,no,no,1
CL-03235,816,11,11,mensual,35.61,405.2,factura,1,premium,1,30,33,0,0,10,Piura,activo,si,no,1
CL-03236,768,50,50,mensual,165.87,6701.7,transferencia,0,basico,0,30,37,0,0,49,Lima,inactivo,no,no,1
CL-03237,1500,1,20,enterprise,430.87,7292.32,factura,0,avanzado,1,365,40,0,0,0,Lima,activo,no,si,0
CL-03238,944,45,45,mensual,200.26,7202.37,tarjeta,0,premium,0,30,6,0,1,44,Lima,activo,si,si,1
CL-03239,879,5,5,mensual,28.75,118.07,factura,1,premium,1,30,35,0,0,4,Lima,activo,no,no,0
CL-03240,684,1,1,mensual,72.3,57.63,transferencia,0,premium,1,30,13,0,1,0,Lima,activo,si,no,0
CL-03241,230,4,50,enterprise,134.87,6321.68,yape,0,basico,0,365,41,1,0,3,Lima,activo,si,si,1
CL-03242,1497,3,38,anual,270.91,8340.51,tarjeta,0,basico,1,365,24,0,0,2,Lima,activo,si,si,0
CL-03243,726,4,55,enterprise,324.32,13833.77,tarjeta,0,basico,0,365,42,1,0,3,Cusco,activo,no,no,1
CL-03244,1489,19,19,mensual,25.72,405.57,tarjeta,0,basico,1,30,19,0,0,18,Lima,inactivo,si,no,1
CL-03245,2315,12,12,mensual,118.8,1359.34,yape,0,premium,0,30,15,0,0,11,Trujillo,activo,si,no,1
CL-03246,414,5,65,anual,207.37,11842.55,tarjeta,1,avanzado,0,365,38,0,0,4,Trujillo,activo,no,si,1
CL-03247,2117,1,1,mensual,135.43,107.92,yape,1,premium,0,30,17,0,0,0,Trujillo,activo,si,no,0
CL-03248,1910,5,63,enterprise,334.59,16210.62,tarjeta,0,avanzado,0,365,36,1,0,4,Chiclayo,activo,no,no,1
CL-03249,592,5,64,enterprise,270.42,16767.02,yape,0,avanzado,1,365,3,1,1,4,Trujillo,activo,si,no,1
CL-03250,485,53,53,mensual,69.99,3565.66,tarjeta,1,basico,1,30,31,0,0,52,Trujillo,activo,no,si,1
CL-03251,990,1,15,enterprise,302.95,4037.37,factura,0,avanzado,1,365,41,1,0,0,Lima,activo,no,no,0
CL-03252,1713,1,12,anual,177.46,1934.3,tarjeta,1,avanzado,0,365,13,0,1,0,Lima,activo,si,no,1
CL-03253,1489,27,27,mensual,169.45,3761.45,factura,0,avanzado,1,30,45,0,0,26,Cusco,activo,no,si,1
CL-03254,158,1,1,mensual,168.88,151.25,transferencia,1,avanzado,1,30,1,0,1,0,Piura,activo,si,si,0
CL-03255,354,8,8,mensual,100.62,779.67,tarjeta,0,premium,1,30,6,0,1,7,Arequipa,inactivo,si,no,0
CL-03256,2296,3,48,enterprise,354.44,16697.69,factura,0,basico,0,365,15,0,0,2,Chiclayo,inactivo,no,si,0
CL-03257,559,48,48,mensual,103.31,4225.7,tarjeta,1,basico,0,30,15,0,0,47,Piura,activo,no,no,1
CL-03258,151,6,6,mensual,42.65,244.04,transferencia,0,avanzado,0,30,28,0,0,5,Chiclayo,activo,no,si,0
CL-03259,658,3,48,anual,205.38,8832.44,transferencia,0,avanzado,1,365,40,1,0,2,Cusco,activo,no,si,1
CL-03260,161,43,43,mensual,118.0,4930.92,yape,0,basico,1,30,5,0,1,42,Chiclayo,activo,no,no,1
CL-03261,1368,69,69,mensual,172.82,11414.62,tarjeta,0,basico,0,30,34,0,0,68,Trujillo,activo,si,no,1
CL-03262,216,3,46,anual,89.34,4007.34,tarjeta,1,premium,1,365,38,1,0,2,Arequipa,activo,no,si,1
CL-03263,15,58,58,mensual,214.37,9940.12,factura,0,premium,0,30,27,0,0,57,Lima,activo,si,si,1
CL-03264,1135,44,44,mensual,188.6,7025.73,tarjeta,0,basico,0,30,45,0,0,43,Chiclayo,activo,si,no,1
CL-03265,1639,56,56,mensual,88.84,4126.77,transferencia,0,avanzado,1,30,5,0,0,55,Lima,activo,no,si,1
CL-03266,1377,1,1,mensual,62.92,55.63,factura,1,basico,0,30,34,0,0,0,Lima,activo,no,no,0
CL-03267,549,29,29,mensual,195.11,5032.81,tarjeta,1,basico,1,30,19,0,0,28,Trujillo,activo,no,no,1
CL-03268,379,2,31,enterprise,172.22,5072.9,tarjeta,1,basico,1,365,19,0,0,1,Lima,activo,si,no,1
CL-03269,1326,2,26,enterprise,678.7,16250.07,tarjeta,1,basico,0,365,28,0,0,1,Arequipa,activo,no,no,0
CL-03270,1877,43,43,mensual,89.08,3539.18,factura,1,premium,1,30,36,0,0,42,Chiclayo,activo,no,si,1
CL-03271,1166,3,47,enterprise,452.02,19968.02,factura,1,basico,0,365,22,1,0,2,Trujillo,activo,si,si,1
CL-03272,309,3,42,anual,176.13,6153.7,factura,0,avanzado,1,365,13,1,1,2,Lima,activo,si,si,1
CL-03273,1021,2,28,anual,328.21,7515.85,transferencia,1,premium,0,365,12,1,0,1,Lima,activo,no,no,1
CL-03274,2344,1,14,anual,106.37,1213.02,transferencia,0,basico,0,365,43,1,0,0,Arequipa,activo,no,si,1
CL-03275,2391,4,59,anual,187.82,10902.24,factura,1,avanzado,0,365,19,1,0,3,Lima,activo,no,no,1
CL-03276,1086,3,40,enterprise,355.23,11071.5,factura,0,basico,0,365,17,1,0,2,Lima,activo,no,si,1
CL-03277,2384,7,7,mensual,145.75,861.94,tarjeta,1,basico,0,30,26,0,0,6,Lima,suspendido,no,no,0
CL-03278,1358,27,27,mensual,147.55,3322.86,tarjeta,0,basico,0,30,32,0,0,26,Lima,activo,si,si,1
CL-03279,1848,1,1,mensual,81.87,75.94,transferencia,1,premium,1,30,2,0,1,0,Piura,activo,no,no,0
CL-03280,1914,33,33,mensual,128.36,4351.34,yape,1,avanzado,0,30,1,0,1,32,Lima,activo,no,si,1
CL-03281,1300,2,27,anual,289.21,7914.7,transferencia,0,basico,0,365,26,0,0,1,Arequipa,activo,si,no,0
CL-03282,2075,18,18,mensual,94.6,1330.94,tarjeta,1,avanzado,0,30,29,0,0,17,Cusco,activo,no,no,1
CL-03283,2418,71,71,mensual,174.41,11294.18,yape,0,premium,1,30,23,0,0,70,Lima,activo,si,no,1
CL-03284,1992,3,3,mensual,85.37,194.94,tarjeta,1,avanzado,1,30,14,0,0,2,Lima,activo,no,si,0
CL-03285,1170,49,49,mensual,148.63,7193.45,tarjeta,1,premium,1,30,36,0,0,48,Lima,activo,no,si,1
CL-03286,841,5,72,anual,225.29,13989.14,transferencia,1,avanzado,1,365,5,1,1,4,Chiclayo,activo,si,si,1
CL-03287,469,4,58,anual,132.42,6255.34,factura,0,basico,1,365,29,1,0,3,Lima,activo,si,no,1
CL-03288,1862,31,31,mensual,93.62,2598.16,transferencia,0,basico,0,30,20,0,0,30,Trujillo,activo,si,no,1
CL-03289,1696,4,4,mensual,141.5,498.38,factura,1,avanzado,1,30,17,0,0,3,Trujillo,activo,si,si,0
CL-03290,218,1,1,mensual,119.19,123.12,factura,0,avanzado,0,30,5,0,1,0,Arequipa,activo,si,no,0
CL-03291,1697,22,22,mensual,178.31,2981.17,tarjeta,0,avanzado,1,30,31,0,0,21,Cusco,activo,no,no,1
CL-03292,1571,1,15,anual,327.85,5089.85,tarjeta,0,avanzado,1,365,9,1,1,0,Lima,inactivo,no,no,1
CL-03293,1493,1,14,anual,189.61,2177.55,tarjeta,0,basico,0,365,25,1,0,0,Lima,activo,si,si,0
CL-03294,891,24,24,mensual,83.36,1587.53,transferencia,0,premium,0,30,41,0,0,23,Trujillo,activo,si,no,1
CL-03295,1928,29,29,mensual,73.24,2065.65,yape,1,avanzado,0,30,34,0,0,28,Lima,activo,no,no,1
CL-03296,43,3,44,enterprise,560.66,22369.22,yape,1,avanzado,1,365,3,1,1,2,Piura,activo,no,no,1
CL-03297,545,1,1,anual,106.55,108.54,transferencia,1,avanzado,0,365,45,1,0,0,Arequipa,activo,si,si,0
CL-03298,1978,15,15,mensual,102.3,1400.68,tarjeta,1,avanzado,0,30,29,0,0,14,Lima,activo,si,no,1
CL-03299,1903,28,28,mensual,154.89,3910.34,tarjeta,1,premium,1,30,38,0,0,27,Lima,activo,no,si,1
CL-03300,2198,27,27,mensual,91.9,2014.44,transferencia,0,basico,1,30,3,0,0,26,Arequipa,activo,si,si,1
CL-03301,2487,5,72,enterprise,188.04,14011.82,tarjeta,1,avanzado,1,365,42,0,0,4,Chiclayo,activo,no,si,1
CL-03302,318,38,38,mensual,79.82,2879.52,tarjeta,0,avanzado,1,30,33,0,0,37,Lima,activo,no,si,1
CL-03303,451,1,1,mensual,80.63,75.02,factura,0,premium,1,30,40,0,0,0,Lima,activo,no,no,0
CL-03304,413,3,42,enterprise,217.33,9009.35,transferencia,0,avanzado,0,365,45,1,0,2,Trujillo,activo,no,no,1
CL-03305,1277,3,45,anual,287.84,10108.12,transferencia,1,basico,0,365,38,1,0,2,Arequipa,activo,si,si,1
CL-03306,322,29,29,mensual,134.08,3926.91,tarjeta,1,avanzado,1,30,20,0,0,28,Cusco,activo,no,si,1
CL-03307,2393,2,2,mensual,101.46,182.66,factura,0,avanzado,0,30,38,0,0,1,Arequipa,inactivo,no,no,0
CL-03308,2499,72,72,mensual,129.24,9218.41,factura,1,basico,1,30,44,0,0,71,Lima,activo,no,no,1
CL-03309,2131,1,6,anual,220.33,1274.11,transferencia,1,avanzado,1,365,41,1,0,0,Lima,activo,no,no,0
CL-03310,140,48,48,mensual,89.91,3821.01,tarjeta,1,avanzado,0,30,29,0,0,47,Cusco,activo,si,no,1
CL-03311,1152,3,37,enterprise,475.53,17258.78,yape,1,basico,0,365,44,1,0,2,Lima,activo,no,no,0
CL-03312,1738,3,47,enterprise,118.62,5386.74,transferencia,1,basico,1,365,27,1,0,2,Arequipa,activo,no,si,1
CL-03313,827,72,72,mensual,198.61,10740.91,yape,0,avanzado,0,30,21,0,0,71,Lima,activo,si,si,1
CL-03314,100,3,46,anual,173.46,7682.13,transferencia,0,basico,0,365,8,0,1,2,Lima,activo,si,no,1
CL-03315,847,18,18,mensual,88.96,1445.37,factura,0,basico,0,30,21,0,0,17,Lima,activo,no,no,1
CL-03316,1623,59,59,mensual,82.67,4886.51,yape,1,avanzado,0,30,43,0,0,58,Cusco,activo,no,no,1
CL-03317,935,1,16,anual,61.85,982.57,transferencia,1,basico,0,365,6,1,1,0,Piura,activo,no,no,0
CL-03318,2424,36,36,mensual,34.71,1001.14,yape,0,basico,0,30,39,0,0,35,Cusco,activo,no,si,1
CL-03319,2007,1,1,mensual,67.5,51.07,tarjeta,0,premium,0,30,29,0,0,0,Lima,activo,si,no,0
CL-03320,432,6,6,mensual,168.92,819.83,transferencia,0,avanzado,0,30,6,0,1,5,Trujillo,activo,no,no,0
CL-03321,2179,33,33,mensual,64.15,2058.39,transferencia,0,basico,1,30,11,0,1,32,Lima,activo,si,no,1
CL-03322,1725,41,41,mensual,36.68,1521.03,transferencia,1,basico,1,30,2,0,0,40,Lima,activo,si,si,1
CL-03323,791,1,1,anual,123.36,118.45,yape,1,basico,1,365,34,1,0,0,Lima,activo,no,no,0
CL-03324,1755,3,44,enterprise,226.73,9937.97,tarjeta,1,avanzado,1,365,17,1,0,2,Trujillo,activo,si,no,1
CL-03325,2377,1,12,anual,167.01,1856.16,tarjeta,1,basico,0,365,9,1,1,0,Lima,activo,si,no,1
CL-03326,818,5,63,enterprise,256.71,14587.09,transferencia,1,basico,0,365,8,1,1,4,Lima,inactivo,si,no,1
CL-03327,710,23,23,mensual,173.32,4150.24,tarjeta,0,premium,1,30,23,0,0,22,Arequipa,activo,no,si,1
CL-03328,2208,1,4,enterprise,474.02,1467.9,tarjeta,0,avanzado,0,365,16,0,0,0,Piura,activo,no,no,0
CL-03329,1445,34,34,mensual,183.75,5475.35,yape,1,premium,0,30,41,0,0,33,Arequipa,activo,no,si,1
CL-03330,1742,9,9,mensual,38.84,291.33,transferencia,1,avanzado,0,30,44,0,0,8,Arequipa,activo,si,no,0
CL-03331,2488,5,63,enterprise,174.16,8630.81,factura,0,premium,0,365,10,1,0,4,Lima,activo,si,si,1
CL-03332,535,32,32,mensual,135.51,4040.03,yape,0,basico,0,30,39,0,0,31,Lima,inactivo,si,si,1
CL-03333,1928,28,28,mensual,103.09,2392.85,transferencia,0,basico,1,30,3,0,1,27,Lima,activo,no,no,1
CL-03334,356,46,46,mensual,143.7,5875.74,tarjeta,1,basico,1,30,20,0,0,45,Lima,activo,no,si,1
CL-03335,551,7,7,mensual,155.95,863.47,tarjeta,0,basico,0,30,27,0,0,6,Arequipa,activo,no,si,0
CL-03336,2107,1,1,mensual,194.96,169.03,transferencia,0,premium,1,30,13,0,1,0,Chiclayo,activo,no,no,0
CL-03337,902,42,42,mensual,157.41,5355.59,transferencia,1,avanzado,1,30,30,0,0,41,Lima,activo,no,no,1
CL-03338,88,1,5,enterprise,479.98,2445.69,transferencia,1,basico,0,365,27,1,0,0,Lima,activo,no,no,0
CL-03339,875,5,5,mensual,75.07,340.34,transferencia,0,basico,1,30,43,0,0,4,Lima,inactivo,si,no,0
CL-03340,2171,52,52,mensual,91.27,4697.93,tarjeta,0,avanzado,0,30,43,0,0,51,Lima,activo,no,no,1
CL-03341,1079,45,45,mensual,78.03,3145.18,transferencia,0,avanzado,1,30,37,0,0,44,Lima,activo,si,no,1
CL-03342,233,1,1,enterprise,88.66,67.62,tarjeta,0,avanzado,0,365,36,1,0,0,Cusco,activo,no,no,1
CL-03343,1731,17,17,mensual,179.75,2928.53,transferencia,0,premium,0,30,16,0,0,16,Cusco,activo,no,no,1
CL-03344,2179,10,10,mensual,152.07,1162.34,transferencia,0,avanzado,1,30,40,0,0,9,Lima,activo,si,si,1
CL-03345,1528,72,72,mensual,86.26,5394.09,yape,1,basico,1,30,17,0,0,71,Cusco,inactivo,si,no,1
CL-03346,637,4,54,anual,339.27,16746.51,yape,0,avanzado,0,365,35,1,0,3,Lima,activo,si,no,1
CL-03347,1068,1,22,enterprise,217.69,4712.31,yape,1,avanzado,1,365,22,0,0,0,Lima,activo,no,no,0
CL-03348,2018,3,46,anual,52.77,2474.95,yape,0,premium,1,365,23,1,0,2,Chiclayo,activo,no,no,1
CL-03349,436,1,1,enterprise,407.1,330.34,tarjeta,0,basico,1,365,37,1,0,0,Piura,suspendido,no,no,0
CL-03350,2498,15,15,mensual,39.92,568.3,factura,0,avanzado,1,30,7,0,1,14,Lima,activo,si,no,1
CL-03351,692,34,34,mensual,99.61,3017.82,transferencia,0,avanzado,1,30,39,0,0,33,Trujillo,activo,si,si,1
CL-03352,703,43,43,mensual,151.71,6394.72,yape,0,avanzado,0,30,37,0,0,42,Trujillo,activo,no,si,1
CL-03353,2241,29,29,mensual,122.89,3677.68,tarjeta,0,basico,0,30,22,0,0,28,Chiclayo,activo,no,si,1
CL-03354,2115,38,38,mensual,138.57,4791.17,tarjeta,0,basico,1,30,30,0,0,37,Lima,activo,si,no,1
CL-03355,844,34,34,mensual,158.87,4515.89,factura,0,premium,0,30,12,0,0,33,Lima,activo,no,si,1
CL-03356,1968,28,28,mensual,145.76,4038.64,tarjeta,0,basico,1,30,35,0,0,27,Trujillo,activo,no,no,1
CL-03357,7,2,25,anual,97.12,2204.67,transferencia,0,basico,0,365,6,1,0,1,Lima,suspendido,no,si,1
CL-03358,1968,21,21,mensual,149.46,3184.75,tarjeta,1,avanzado,0,30,34,0,0,20,Piura,activo,no,no,0
CL-03359,2214,3,38,anual,50.01,1748.01,tarjeta,1,basico,0,365,31,0,0,2,Lima,activo,no,si,1
CL-03360,818,3,42,anual,343.28,14866.68,factura,0,avanzado,0,365,12,1,1,2,Cusco,activo,si,si,1
CL-03361,631,37,37,mensual,48.52,1355.87,transferencia,1,basico,1,30,37,0,0,36,Lima,activo,no,no,1
CL-03362,2067,3,3,mensual,101.47,295.79,transferencia,0,avanzado,0,30,13,0,1,2,Cusco,activo,no,no,0
CL-03363,1622,1,7,anual,62.41,373.07,tarjeta,1,basico,1,365,25,1,0,0,Lima,activo,si,no,0
CL-03364,2364,3,42,anual,143.36,5723.59,tarjeta,0,avanzado,1,365,39,1,0,2,Lima,activo,si,no,1
CL-03365,66,68,68,mensual,137.55,9659.29,transferencia,0,avanzado,0,30,3,0,1,67,Lima,activo,no,si,1
CL-03366,32,36,36,mensual,90.0,3065.6,tarjeta,0,premium,1,30,19,0,0,35,Trujillo,activo,no,no,1
CL-03367,89,1,22,anual,313.71,6718.7,tarjeta,0,basico,1,365,29,1,0,0,Lima,activo,si,no,1
CL-03368,2017,3,37,anual,182.41,5381.89,transferencia,1,basico,0,365,8,1,0,2,Lima,activo,no,no,1
CL-03369,243,4,4,mensual,95.01,304.47,tarjeta,0,basico,0,30,24,0,0,3,Piura,activo,no,no,0
CL-03370,214,64,64,mensual,110.57,6524.71,factura,1,basico,0,30,29,0,0,63,Lima,activo,si,no,1
CL-03371,690,2,36,enterprise,389.47,12326.93,transferencia,0,avanzado,1,365,40,1,0,1,Lima,activo,no,si,1
CL-03372,516,15,15,mensual,142.73,1677.1,tarjeta,0,premium,1,30,14,0,1,14,Trujillo,activo,no,no,1
CL-03373,1709,2,28,enterprise,123.65,3353.14,transferencia,0,basico,1,365,38,1,0,1,Lima,activo,no,no,1
CL-03374,953,19,19,mensual,62.53,1140.18,transferencia,1,basico,0,30,29,0,0,18,Cusco,activo,si,no,1
CL-03375,629,64,64,mensual,147.81,7354.77,transferencia,0,premium,1,30,23,0,0,63,Lima,activo,si,si,1
CL-03376,2468,27,27,mensual,129.49,2673.21,factura,0,avanzado,1,30,27,0,0,26,Chiclayo,inactivo,si,no,1
CL-03377,1717,36,36,mensual,55.21,1716.54,transferencia,1,basico,1,30,45,0,0,35,Lima,activo,no,no,1
CL-03378,1814,3,46,enterprise,380.83,16464.99,tarjeta,0,avanzado,1,365,30,0,0,2,Arequipa,activo,si,si,0
CL-03379,1720,14,14,mensual,59.93,854.18,transferencia,0,avanzado,0,30,20,0,0,13,Piura,activo,no,si,1
CL-03380,2476,3,37,enterprise,416.51,13566.99,yape,0,premium,1,365,45,0,0,2,Trujillo,activo,no,no,0
CL-03381,2157,39,39,mensual,164.94,4986.8,tarjeta,1,basico,0,30,32,0,0,38,Lima,activo,si,si,1
CL-03382,975,1,1,enterprise,119.86,120.12,factura,1,avanzado,1,365,13,0,1,0,Lima,activo,no,no,0
CL-03383,1048,3,38,enterprise,230.52,6898.05,tarjeta,0,avanzado,1,365,28,0,0,2,Arequipa,activo,no,no,0
CL-03384,1808,2,31,anual,168.7,4922.28,tarjeta,1,premium,0,365,44,1,0,1,Arequipa,activo,no,si,1
CL-03385,1330,35,35,mensual,99.26,3036.49,factura,0,avanzado,1,30,32,0,0,34,Lima,activo,si,si,1
CL-03386,1673,2,33,anual,149.24,5037.56,tarjeta,1,basico,0,365,35,1,0,1,Cusco,activo,si,si,1
CL-03387,1709,38,38,mensual,61.54,2248.42,tarjeta,0,premium,0,30,30,0,0,37,Lima,activo,no,si,1
CL-03388,13,5,65,enterprise,121.73,5934.68,tarjeta,0,avanzado,0,365,39,1,0,4,Chiclayo,activo,no,si,1
CL-03389,999,3,3,mensual,166.41,430.25,yape,1,avanzado,1,30,4,0,1,2,Trujillo,activo,si,si,0
CL-03390,234,23,23,mensual,136.92,2532.22,tarjeta,0,basico,1,30,37,0,0,22,Trujillo,activo,no,no,1
CL-03391,1651,48,48,mensual,149.1,5976.35,yape,1,premium,1,30,41,0,0,47,Trujillo,activo,si,si,1
CL-03392,33,3,44,anual,163.56,6258.82,yape,1,avanzado,0,365,2,1,1,2,Lima,activo,si,no,1
CL-03393,2235,3,43,enterprise,178.73,7012.27,yape,0,premium,0,365,36,0,0,2,Lima,activo,no,si,1
CL-03394,1175,72,72,mensual,138.02,9833.24,factura,0,avanzado,0,30,23,0,0,71,Piura,activo,si,no,1
CL-03395,1135,3,47,anual,314.63,11474.13,yape,1,basico,0,365,18,1,0,2,Chiclayo,activo,si,si,1
CL-03396,1442,4,60,enterprise,379.99,20116.62,tarjeta,1,avanzado,1,365,5,0,1,3,Lima,activo,no,no,1
CL-03397,1118,24,24,mensual,96.09,2318.19,factura,0,basico,0,30,15,0,0,23,Piura,activo,no,no,1
CL-03398,105,7,7,mensual,81.7,503.07,tarjeta,0,basico,0,30,31,0,0,6,Lima,activo,si,si,0
CL-03399,2002,1,24,anual,63.35,1377.16,yape,1,premium,0,365,24,1,0,0,Trujillo,activo,si,si,1
CL-03400,620,4,49,anual,235.22,11336.55,transferencia,0,premium,1,365,3,0,1,3,Piura,activo,no,no,1
CL-03401,1560,42,42,mensual,137.17,5552.98,tarjeta,1,avanzado,0,30,14,0,1,41,Lima,activo,no,si,1
CL-03402,1963,3,42,enterprise,255.46,9688.57,yape,0,basico,1,365,2,0,1,2,Lima,activo,si,si,1
CL-03403,264,27,27,mensual,43.93,1233.71,yape,1,avanzado,0,30,17,0,0,26,Arequipa,activo,si,no,1
CL-03404,306,1,23,enterprise,114.23,1999.01,factura,1,avanzado,1,365,41,0,0,0,Trujillo,activo,si,si,0
CL-03405,32,2,27,enterprise,274.16,5672.79,transferencia,0,avanzado,1,365,35,1,0,1,Arequipa,activo,si,no,1
CL-03406,1715,4,50,enterprise,311.94,13697.42,yape,1,avanzado,0,365,42,1,0,3,Trujillo,inactivo,no,no,1
CL-03407,2429,53,53,mensual,161.53,6826.23,transferencia,1,avanzado,0,30,8,0,1,52,Piura,activo,si,no,1
CL-03408,1133,7,7,mensual,138.67,791.07,transferencia,1,basico,0,30,29,0,0,6,Lima,activo,no,si,0
CL-03409,1908,51,51,mensual,136.54,5536.19,tarjeta,0,avanzado,1,30,14,0,1,50,Chiclayo,activo,si,si,1
CL-03410,201,16,16,mensual,127.9,1959.86,transferencia,0,basico,1,30,21,0,0,15,Lima,activo,si,si,1
CL-03411,663,3,43,anual,265.56,10007.46,yape,0,premium,1,365,44,1,0,2,Chiclayo,activo,no,no,1
CL-03412,1838,27,27,mensual,33.97,917.42,transferencia,1,premium,0,30,38,0,0,26,Cusco,inactivo,no,no,1
CL-03413,2348,70,70,mensual,40.86,2359.99,yape,1,avanzado,1,30,32,0,0,69,Cusco,inactivo,no,no,1
CL-03414,2118,22,22,mensual,98.5,2030.54,factura,0,premium,1,30,44,0,0,21,Piura,inactivo,no,si,1
CL-03415,284,36,36,mensual,187.92,5507.03,yape,0,avanzado,0,30,23,0,0,35,Lima,activo,no,no,1
CL-03416,1332,47,47,mensual,204.99,7267.76,yape,1,premium,0,30,3,0,0,46,Trujillo,activo,si,si,1
CL-03417,1842,1,10,anual,173.49,1659.74,yape,0,premium,0,365,42,1,0,0,Lima,activo,no,no,1
CL-03418,1362,2,30,enterprise,204.41,4866.94,transferencia,1,basico,0,365,5,1,1,1,Lima,activo,no,si,1
CL-03419,692,25,25,mensual,38.26,916.46,transferencia,0,premium,1,30,12,0,1,24,Arequipa,activo,no,si,1
CL-03420,139,1,19,enterprise,359.77,6543.07,factura,0,basico,1,365,41,1,0,0,Arequipa,activo,si,no,0
CL-03421,1597,1,21,enterprise,207.71,4145.75,transferencia,0,premium,1,365,40,1,0,0,Trujillo,activo,si,no,1
CL-03422,2380,59,59,mensual,307.16,16810.16,transferencia,0,avanzado,0,30,5,0,1,58,Trujillo,activo,si,no,1
CL-03423,247,1,17,anual,98.51,1700.59,tarjeta,0,avanzado,0,365,39,1,0,0,Lima,activo,no,si,1
CL-03424,2195,46,46,mensual,208.03,7394.17,tarjeta,0,basico,0,30,33,0,0,45,Lima,activo,no,no,1
CL-03425,2011,40,40,mensual,167.0,6877.37,yape,0,basico,1,30,5,0,0,39,Piura,activo,no,no,1
CL-03426,2483,1,1,mensual,73.37,56.48,factura,1,basico,0,30,25,0,0,0,Trujillo,activo,no,no,0
CL-03427,843,45,45,mensual,101.8,4116.47,yape,1,basico,0,30,12,0,0,44,Arequipa,inactivo,si,no,1
CL-03428,1847,1,1,enterprise,478.2,491.1,yape,0,avanzado,1,365,24,0,0,0,Lima,activo,no,no,0
CL-03429,582,3,47,enterprise,208.62,8144.92,factura,0,basico,0,365,9,1,1,2,Piura,activo,no,si,1
CL-03430,1555,1,19,enterprise,422.38,8036.23,transferencia,0,premium,1,365,5,0,1,0,Lima,inactivo,si,no,0
CL-03431,258,2,32,anual,220.66,6552.41,tarjeta,0,premium,1,365,30,1,0,1,Piura,activo,si,no,1
CL-03432,2183,1,1,anual,282.25,284.61,transferencia,1,avanzado,1,365,33,1,0,0,Lima,activo,si,no,0
CL-03433,1202,2,35,enterprise,288.44,7718.64,factura,1,premium,1,365,9,1,0,1,Trujillo,activo,si,si,1
CL-03434,2343,55,55,mensual,41.58,2096.59,transferencia,1,avanzado,0,30,28,0,0,54,Lima,activo,si,no,1
CL-03435,2123,12,12,mensual,112.93,1093.07,yape,0,premium,0,30,23,0,0,11,Lima,activo,no,no,1
CL-03436,2299,1,17,anual,214.18,2750.53,factura,0,avanzado,0,365,42,1,0,0,Lima,suspendido,si,no,0
CL-03437,1754,43,43,mensual,28.94,1190.52,tarjeta,0,avanzado,1,30,26,0,0,42,Arequipa,activo,si,si,1
CL-03438,91,44,44,mensual,102.43,4393.82,transferencia,0,basico,1,30,22,0,0,43,Trujillo,inactivo,no,no,1
CL-03439,2434,1,1,mensual,122.21,118.65,transferencia,0,avanzado,1,30,1,0,0,0,Arequipa,activo,si,no,0
CL-03440,1932,5,72,anual,87.63,6108.04,transferencia,0,avanzado,1,365,42,0,0,4,Cusco,activo,si,no,1
CL-03441,734,45,45,mensual,78.72,3506.91,tarjeta,0,basico,1,30,30,0,0,44,Lima,activo,si,no,1
CL-03442,927,49,49,mensual,89.93,3925.71,transferencia,0,basico,1,30,9,0,1,48,Chiclayo,activo,si,no,1
CL-03443,1957,28,28,mensual,204.08,4881.52,yape,1,premium,0,30,1,0,1,27,Arequipa,activo,si,si,1
CL-03444,2033,1,1,mensual,138.08,135.5,yape,0,premium,1,30,10,0,1,0,Lima,activo,no,no,0
CL-03445,369,3,48,enterprise,355.43,16206.55,factura,1,avanzado,1,365,23,1,0,2,Arequipa,activo,no,no,1
CL-03446,151,18,18,mensual,109.56,1597.39,yape,1,basico,0,30,43,0,0,17,Lima,activo,no,no,1
CL-03447,1678,3,45,anual,53.9,2135.87,yape,1,avanzado,0,365,28,0,0,2,Cusco,activo,si,no,1
CL-03448,1306,2,26,anual,249.48,5219.36,tarjeta,1,basico,1,365,5,1,1,1,Lima,activo,no,si,1
CL-03449,1551,38,38,mensual,87.13,3256.88,tarjeta,1,premium,1,30,9,0,1,37,Trujillo,activo,no,no,1
CL-03450,2450,1,13,enterprise,202.62,2170.83,transferencia,0,basico,1,365,11,0,1,0,Cusco,activo,si,no,0
CL-03451,1645,4,53,anual,88.52,4395.09,yape,0,basico,0,365,4,1,1,3,Chiclayo,activo,si,no,1
CL-03452,1505,1,3,anual,175.01,509.6,transferencia,0,avanzado,0,365,7,1,1,0,Lima,activo,si,no,1
CL-03453,266,72,72,mensual,189.42,14285.8,yape,1,avanzado,1,30,5,0,1,71,Trujillo,activo,si,no,1
CL-03454,139,72,72,mensual,200.15,12680.68,transferencia,0,premium,1,30,32,0,0,71,Lima,inactivo,no,no,1
CL-03455,2363,5,72,enterprise,538.28,39211.09,tarjeta,0,avanzado,0,365,31,1,0,4,Lima,activo,si,si,1
CL-03456,2400,5,63,enterprise,462.93,27686.13,tarjeta,0,basico,1,365,36,1,0,4,Lima,activo,si,si,1
CL-03457,2118,2,30,enterprise,92.25,2082.64,yape,0,basico,0,365,9,0,0,1,Lima,activo,no,no,1
CL-03458,705,5,61,enterprise,147.21,7788.94,transferencia,1,avanzado,0,365,41,0,0,4,Arequipa,activo,no,si,1
CL-03459,2108,30,30,mensual,28.88,752.24,tarjeta,1,basico,1,30,17,0,0,29,Lima,activo,si,si,1
CL-03460,2322,1,1,enterprise,328.28,257.99,transferencia,0,avanzado,1,365,7,1,1,0,Piura,activo,si,no,1
CL-03461,95,69,69,mensual,89.53,5443.22,tarjeta,1,avanzado,1,30,8,0,1,68,Piura,inactivo,no,no,1
CL-03462,573,4,60,enterprise,200.78,9455.99,transferencia,1,avanzado,1,365,15,1,0,3,Lima,activo,si,si,1
CL-03463,525,31,31,mensual,102.51,3179.77,factura,1,basico,0,30,4,0,1,30,Lima,inactivo,si,no,1
CL-03464,1225,2,2,mensual,109.27,187.63,tarjeta,1,premium,0,30,15,0,0,1,Lima,activo,si,no,0
CL-03465,1920,1,17,anual,68.47,936.94,transferencia,1,avanzado,1,365,30,1,0,0,Trujillo,activo,no,no,1
CL-03466,320,1,1,enterprise,136.21,126.75,yape,1,avanzado,1,365,44,1,0,0,Trujillo,inactivo,no,no,0
CL-03467,847,4,55,anual,148.37,8219.71,transferencia,0,avanzado,0,365,1,1,1,3,Lima,activo,si,no,1
CL-03468,2201,1,1,mensual,181.59,187.12,transferencia,1,basico,1,30,27,0,0,0,Arequipa,activo,no,si,0
CL-03469,473,39,39,mensual,97.65,3877.99,transferencia,0,avanzado,1,30,11,0,1,38,Lima,activo,si,si,1
CL-03470,1659,1,11,enterprise,200.7,2239.97,factura,1,premium,0,365,16,1,0,0,Lima,activo,no,no,1
CL-03471,982,1,1,mensual,27.88,23.82,factura,1,avanzado,0,30,29,0,0,0,Lima,activo,si,si,0
CL-03472,275,38,38,mensual,200.95,6884.91,tarjeta,0,basico,0,30,14,0,1,37,Cusco,activo,no,no,1
CL-03473,750,1,24,anual,146.95,3037.96,factura,1,premium,1,365,20,0,0,0,Cusco,activo,si,si,0
CL-03474,2112,52,52,mensual,62.28,3324.96,tarjeta,0,avanzado,0,30,15,0,0,51,Lima,activo,no,no,1
CL-03475,1327,1,1,anual,52.52,40.85,tarjeta,0,basico,0,365,17,1,0,0,Lima,activo,no,si,1
CL-03476,2480,13,13,mensual,31.68,377.37,yape,1,basico,1,30,33,0,0,12,Lima,activo,si,si,1
CL-03477,1190,1,1,enterprise,166.15,136.92,factura,0,basico,0,365,14,1,1,0,Arequipa,activo,si,no,1
CL-03478,2381,1,1,enterprise,203.63,204.67,tarjeta,1,avanzado,1,365,25,1,0,0,Lima,activo,no,no,0
CL-03479,69,5,72,enterprise,117.84,7226.79,tarjeta,1,premium,1,365,36,0,0,4,Cusco,activo,si,no,1
CL-03480,107,5,72,anual,178.82,12992.27,tarjeta,1,basico,0,365,29,0,0,4,Trujillo,activo,si,no,1
CL-03481,2340,34,34,mensual,110.67,3869.69,transferencia,1,basico,1,30,35,0,0,33,Trujillo,activo,no,si,1
CL-03482,1984,1,12,anual,346.06,3328.78,transferencia,0,basico,1,365,22,1,0,0,Lima,activo,no,si,0
CL-03483,2493,2,25,enterprise,80.37,1961.58,transferencia,0,avanzado,1,365,21,0,0,1,Arequipa,activo,no,no,1
CL-03484,2312,4,53,anual,225.43,10215.28,tarjeta,0,avanzado,1,365,2,1,0,3,Lima,activo,no,no,1
CL-03485,1640,1,19,anual,196.16,3246.19,tarjeta,0,basico,1,365,32,1,0,0,Lima,activo,no,si,0
CL-03486,2486,3,38,anual,92.03,2910.72,yape,0,premium,1,365,31,0,0,2,Lima,activo,si,si,1
CL-03487,2,2,32,anual,209.65,6272.73,tarjeta,0,basico,1,365,23,1,0,1,Lima,activo,no,no,0
CL-03488,2357,1,18,anual,301.68,4631.72,tarjeta,1,avanzado,1,365,33,0,0,0,Lima,activo,si,si,0
CL-03489,1545,19,19,mensual,132.15,2441.01,transferencia,1,avanzado,1,30,30,0,0,18,Trujillo,activo,si,no,1
CL-03490,2190,39,39,mensual,176.38,6765.65,transferencia,1,avanzado,1,30,9,0,0,38,Cusco,activo,si,no,1
CL-03491,1513,1,8,anual,42.75,297.04,factura,0,premium,0,365,11,1,1,0,Chiclayo,activo,no,no,1
CL-03492,2260,43,43,mensual,79.25,2560.66,tarjeta,0,avanzado,0,30,30,0,0,42,Trujillo,activo,no,no,1
CL-03493,1565,1,20,enterprise,388.73,5985.08,tarjeta,0,avanzado,0,365,5,1,0,0,Piura,activo,no,si,0
CL-03494,538,2,35,anual,259.83,7567.56,factura,0,avanzado,0,365,40,1,0,1,Lima,activo,si,no,0
CL-03495,1352,66,66,mensual,174.86,11958.1,yape,1,avanzado,1,30,16,0,0,65,Cusco,activo,no,si,1
CL-03496,2389,2,28,enterprise,503.18,12231.3,transferencia,1,basico,0,365,28,1,0,1,Lima,activo,si,no,0
CL-03497,1640,4,54,anual,56.01,2943.7,tarjeta,1,avanzado,0,365,24,1,0,3,Arequipa,activo,no,no,1
CL-03498,1923,1,1,anual,233.45,240.65,transferencia,1,premium,1,365,31,1,0,0,Lima,activo,no,no,0
CL-03499,1504,20,20,mensual,162.35,2768.08,factura,0,avanzado,1,30,17,0,0,19,Trujillo,activo,si,si,1
CL-03500,765,2,33,enterprise,232.68,7051.78,yape,0,premium,0,365,32,1,0,1,Arequipa,activo,si,si,1
CL-03501,1009,72,72,mensual,240.32,17401.6,yape,0,premium,1,30,8,0,1,71,Cusco,activo,no,no,1
CL-03502,1140,1,1,anual,245.36,229.27,transferencia,0,basico,0,365,15,0,0,0,Lima,activo,no,si,0
CL-03503,1865,30,30,mensual,37.91,891.26,transferencia,0,avanzado,0,30,2,0,1,29,Piura,activo,si,si,1
CL-03504,797,5,68,anual,258.35,17231.78,tarjeta,1,premium,0,365,7,1,1,4,Lima,activo,no,no,1
CL-03505,1125,1,13,anual,120.41,1598.56,yape,0,basico,1,365,3,1,1,0,Lima,activo,no,no,1
CL-03506,1730,2,27,anual,305.66,8092.99,transferencia,1,basico,0,365,22,1,0,1,Lima,activo,si,si,1
CL-03507,259,40,40,mensual,155.56,6071.58,tarjeta,0,basico,0,30,4,0,1,39,Lima,activo,si,no,1
CL-03508,315,2,36,enterprise,241.88,8504.87,yape,1,premium,0,365,11,1,1,1,Trujillo,activo,si,no,1
CL-03509,245,5,70,anual,250.72,16387.89,factura,1,premium,1,365,22,1,0,4,Lima,inactivo,si,si,1
CL-03510,772,43,43,mensual,149.59,5302.48,transferencia,1,premium,0,30,31,0,0,42,Cusco,activo,si,no,1
CL-03511,1573,5,64,enterprise,187.39,12271.82,tarjeta,0,avanzado,0,365,2,0,1,4,Piura,activo,si,no,1
CL-03512,1808,1,23,anual,175.67,3186.56,transferencia,0,avanzado,0,365,33,1,0,0,Arequipa,activo,si,si,1
CL-03513,1215,1,14,enterprise,375.69,5250.13,transferencia,0,basico,1,365,24,0,0,0,Trujillo,suspendido,si,si,0
CL-03514,1973,2,26,enterprise,266.19,5936.87,transferencia,0,premium,0,365,1,0,0,1,Lima,activo,no,no,0
CL-03515,300,1,3,enterprise,283.79,810.63,factura,0,premium,1,365,5,0,1,0,Lima,activo,si,si,0
CL-03516,1246,3,44,anual,165.54,7222.06,transferencia,0,avanzado,1,365,43,0,0,2,Lima,activo,si,no,1
CL-03517,2144,1,22,anual,107.13,2332.29,tarjeta,1,basico,1,365,21,1,0,0,Lima,activo,si,no,1
CL-03518,1530,15,15,mensual,28.64,342.97,factura,1,premium,1,30,42,0,0,14,Lima,activo,no,no,1
CL-03519,79,44,44,mensual,151.61,6225.73,yape,0,premium,0,30,24,0,0,43,Trujillo,activo,no,no,1
CL-03520,1869,1,4,enterprise,87.82,286.07,tarjeta,0,premium,1,365,6,1,1,0,Arequipa,activo,no,no,1
CL-03521,1959,51,51,mensual,73.12,2922.26,tarjeta,0,avanzado,0,30,33,0,0,50,Piura,activo,no,no,1
CL-03522,1185,1,20,enterprise,76.63,1385.58,transferencia,0,basico,1,365,22,0,0,0,Cusco,inactivo,si,no,0
CL-03523,1670,60,60,mensual,31.86,2000.03,transferencia,0,basico,0,30,18,0,0,59,Trujillo,activo,no,si,1
CL-03524,1555,22,22,mensual,123.35,2834.46,yape,1,avanzado,1,30,10,0,1,21,Piura,activo,no,no,1
CL-03525,690,47,47,mensual,106.61,4619.94,tarjeta,0,premium,1,30,20,0,0,46,Arequipa,activo,si,si,1
CL-03526,323,36,36,mensual,106.82,3774.96,tarjeta,0,basico,1,30,44,0,0,35,Piura,suspendido,no,no,1
CL-03527,1690,50,50,mensual,43.69,1802.0,tarjeta,1,avanzado,0,30,10,0,1,49,Lima,activo,si,no,1
CL-03528,2387,35,35,mensual,68.27,1952.92,factura,1,premium,0,30,26,0,0,34,Lima,inactivo,si,si,1
CL-03529,840,1,1,enterprise,328.85,316.34,tarjeta,0,basico,0,365,2,1,1,0,Cusco,activo,no,si,0
CL-03530,537,57,57,mensual,89.19,5011.64,transferencia,0,avanzado,1,30,32,0,0,56,Cusco,activo,no,si,1
CL-03531,146,30,30,mensual,148.18,4323.38,factura,1,avanzado,0,30,41,0,0,29,Lima,activo,si,no,1
CL-03532,1127,51,51,mensual,174.9,6969.58,tarjeta,1,avanzado,1,30,45,0,0,50,Trujillo,activo,si,si,1
CL-03533,132,49,49,mensual,123.75,5195.92,factura,1,avanzado,1,30,37,0,0,48,Piura,activo,no,no,1
CL-03534,2272,13,13,mensual,28.15,279.31,yape,0,avanzado,0,30,31,0,0,12,Lima,activo,no,no,1
CL-03535,1934,1,9,anual,146.76,1302.15,tarjeta,1,basico,0,365,27,0,0,0,Cusco,activo,no,no,0
CL-03536,954,3,48,enterprise,255.17,10331.62,factura,0,avanzado,1,365,40,1,0,2,Lima,activo,no,si,1
CL-03537,1077,24,24,mensual,63.15,1332.09,yape,0,premium,1,30,1,0,1,23,Chiclayo,activo,no,no,1
CL-03538,529,4,55,anual,94.82,4817.01,tarjeta,0,basico,0,365,11,1,0,3,Lima,suspendido,no,no,1
CL-03539,1847,27,27,mensual,93.91,1902.1,yape,0,basico,0,30,3,0,1,26,Trujillo,activo,no,no,1
CL-03540,2118,57,57,mensual,301.25,14702.64,transferencia,0,basico,1,30,11,0,1,56,Cusco,activo,no,no,1
CL-03541,2001,3,42,enterprise,179.29,7290.61,factura,1,avanzado,0,365,11,1,1,2,Lima,activo,si,si,1
CL-03542,290,39,39,mensual,115.94,3779.29,transferencia,1,avanzado,0,30,20,0,0,38,Piura,activo,no,no,1
CL-03543,1213,1,23,enterprise,129.36,2740.66,yape,1,avanzado,1,365,32,1,0,0,Lima,activo,no,no,1
CL-03544,2048,38,38,mensual,194.38,7705.18,yape,1,avanzado,0,30,40,0,0,37,Lima,activo,no,no,1
CL-03545,647,61,61,mensual,199.93,9579.1,yape,1,avanzado,0,30,27,0,0,60,Trujillo,activo,no,no,1
CL-03546,338,31,31,mensual,144.43,3718.3,tarjeta,0,avanzado,1,30,2,0,1,30,Lima,activo,si,si,1
CL-03547,1597,45,45,mensual,232.23,9982.07,yape,0,premium,1,30,5,0,1,44,Chiclayo,activo,no,no,1
CL-03548,69,2,33,enterprise,235.39,7220.34,factura,0,avanzado,0,365,20,1,0,1,Arequipa,activo,no,no,0
CL-03549,712,35,35,mensual,93.66,3420.37,factura,1,premium,1,30,28,0,0,34,Piura,activo,si,no,1
CL-03550,522,5,72,enterprise,511.88,28024.11,yape,0,avanzado,0,365,38,0,0,4,Trujillo,activo,si,no,1
CL-03551,1131,5,61,enterprise,455.99,28188.07,tarjeta,1,avanzado,1,365,17,0,0,4,Chiclayo,activo,si,si,1
CL-03552,817,2,34,anual,57.0,1737.54,factura,0,basico,1,365,8,1,1,1,Arequipa,activo,si,si,1
CL-03553,1844,37,37,mensual,113.56,3437.3,tarjeta,1,avanzado,1,30,7,0,1,36,Lima,activo,no,no,1
CL-03554,1013,15,15,mensual,71.79,970.25,yape,1,avanzado,0,30,28,0,0,14,Lima,activo,si,no,1
CL-03555,1057,28,28,mensual,154.59,3781.65,transferencia,0,premium,0,30,45,0,0,27,Lima,activo,no,no,1
CL-03556,2001,3,39,enterprise,271.96,8525.46,factura,1,avanzado,1,365,4,0,1,2,Piura,activo,si,no,1
CL-03557,496,53,53,mensual,33.47,1447.19,transferencia,0,premium,1,30,1,0,1,52,Chiclayo,activo,si,si,1
CL-03558,2181,4,50,enterprise,263.98,11040.2,transferencia,0,basico,1,365,1,0,1,3,Lima,activo,si,no,1
CL-03559,1658,1,5,anual,191.73,877.8,yape,1,avanzado,0,365,25,1,0,0,Lima,activo,no,no,0
CL-03560,885,56,56,mensual,156.91,6809.28,tarjeta,0,avanzado,1,30,15,0,0,55,Lima,activo,no,si,1
CL-03561,850,2,30,anual,283.23,6599.15,transferencia,1,basico,0,365,38,1,0,1,Arequipa,activo,no,no,1
CL-03562,419,8,8,mensual,220.12,1495.98,yape,0,avanzado,0,30,37,0,0,7,Arequipa,activo,no,no,0
CL-03563,127,5,65,enterprise,291.03,18201.65,tarjeta,0,basico,1,365,23,1,0,4,Chiclayo,activo,si,si,1
CL-03564,980,68,68,mensual,138.92,9857.41,tarjeta,0,basico,1,30,2,0,0,67,Lima,activo,si,no,1
CL-03565,1146,3,38,enterprise,378.36,10835.03,yape,1,basico,0,365,26,1,0,2,Arequipa,activo,no,no,1
CL-03566,1933,4,49,enterprise,618.51,31570.86,factura,0,premium,1,365,17,1,0,3,Cusco,activo,no,si,1
CL-03567,1432,4,51,enterprise,428.2,20873.22,tarjeta,0,premium,0,365,38,1,0,3,Lima,inactivo,no,no,1
CL-03568,2399,66,66,mensual,140.18,9439.65,transferencia,1,premium,1,30,33,0,0,65,Cusco,activo,no,no,1
CL-03569,56,4,50,enterprise,377.98,17215.13,tarjeta,1,basico,1,365,44,0,0,3,Trujillo,activo,si,si,1
CL-03570,748,1,1,mensual,137.05,121.82,factura,1,basico,1,30,17,0,0,0,Piura,activo,si,no,0
CL-03571,1829,5,72,enterprise,356.66,25308.4,transferencia,0,basico,0,365,15,1,0,4,Chiclayo,activo,si,no,1
CL-03572,83,58,58,mensual,210.44,11172.12,transferencia,1,avanzado,0,30,22,0,0,57,Arequipa,activo,si,no,1
CL-03573,393,19,19,mensual,80.48,1558.49,factura,0,premium,1,30,38,0,0,18,Cusco,activo,si,no,1
CL-03574,2196,7,7,mensual,206.22,1469.41,yape,1,avanzado,0,30,23,0,0,6,Chiclayo,activo,no,no,0
CL-03575,2226,44,44,mensual,110.92,4437.02,yape,0,avanzado,0,30,16,0,0,43,Piura,inactivo,no,no,1
CL-03576,829,25,25,mensual,31.44,724.79,transferencia,0,basico,1,30,41,0,0,24,Arequipa,activo,no,si,1
CL-03577,401,3,40,enterprise,278.79,9890.16,transferencia,1,avanzado,1,365,18,0,0,2,Lima,inactivo,si,no,0
CL-03578,1607,50,50,mensual,90.36,4322.92,tarjeta,0,premium,0,30,40,0,0,49,Lima,activo,no,no,1
CL-03579,896,1,18,anual,227.75,3913.82,transferencia,0,avanzado,1,365,29,0,0,0,Piura,activo,si,no,0
CL-03580,355,4,4,mensual,131.22,496.11,transferencia,1,avanzado,1,30,3,0,1,3,Lima,activo,no,si,0
CL-03581,1109,3,41,enterprise,133.55,4209.08,transferencia,1,avanzado,0,365,23,1,0,2,Piura,activo,si,no,1
CL-03582,1136,1,19,enterprise,596.42,11774.78,factura,0,avanzado,0,365,32,1,0,0,Trujillo,inactivo,si,no,0
CL-03583,1134,35,35,mensual,198.38,5906.53,yape,1,basico,0,30,42,0,0,34,Cusco,activo,no,no,1
CL-03584,1075,1,1,anual,282.81,233.0,yape,1,premium,0,365,25,1,0,0,Lima,activo,no,si,0
CL-03585,1787,2,26,enterprise,267.79,5662.74,yape,1,avanzado,1,365,1,1,1,1,Lima,activo,si,si,0
CL-03586,1513,4,49,enterprise,335.26,12662.26,transferencia,0,basico,0,365,16,1,0,3,Chiclayo,activo,no,no,1
CL-03587,2190,47,47,mensual,170.11,7092.61,transferencia,1,avanzado,1,30,44,0,0,46,Arequipa,activo,no,no,1
CL-03588,1543,13,13,mensual,68.95,683.44,transferencia,0,basico,1,30,23,0,0,12,Trujillo,activo,si,no,1
CL-03589,2246,1,3,enterprise,256.55,614.39,tarjeta,0,basico,1,365,18,1,0,0,Chiclayo,activo,si,si,1
CL-03590,1144,32,32,mensual,85.79,2063.3,transferencia,0,basico,0,30,40,0,0,31,Arequipa,activo,si,no,1
CL-03591,949,3,46,enterprise,103.89,3834.64,transferencia,0,premium,0,365,19,1,0,2,Lima,activo,no,no,1
CL-03592,2441,42,42,mensual,133.68,5887.28,tarjeta,0,basico,0,30,35,0,0,41,Lima,activo,si,no,1
CL-03593,5,1,19,enterprise,231.94,4020.98,factura,0,premium,0,365,1,1,1,0,Trujillo,activo,no,no,1
CL-03594,2424,39,39,mensual,99.61,2991.85,transferencia,0,basico,0,30,26,0,0,38,Cusco,activo,no,si,1
CL-03595,864,69,69,mensual,113.43,7194.62,tarjeta,1,avanzado,0,30,2,0,0,68,Arequipa,inactivo,no,si,1
CL-03596,521,3,37,enterprise,404.52,13923.09,transferencia,0,premium,1,365,8,1,1,2,Trujillo,activo,no,si,1
CL-03597,1951,1,1,enterprise,210.64,192.59,transferencia,1,basico,0,365,25,1,0,0,Trujillo,activo,no,si,0
CL-03598,1117,3,37,enterprise,237.02,7461.26,factura,0,premium,0,365,28,1,0,2,Lima,activo,si,no,1
CL-03599,2293,5,72,enterprise,225.2,15357.83,tarjeta,0,avanzado,0,365,6,1,1,4,Arequipa,activo,no,no,1
CL-03600,1127,1,1,mensual,86.04,68.21,yape,1,basico,0,30,23,0,0,0,Piura,activo,si,no,0
CL-03601,2463,33,33,mensual,69.38,1867.96,tarjeta,0,premium,1,30,19,0,0,32,Lima,inactivo,si,si,1
CL-03602,1033,26,26,mensual,96.34,2626.11,tarjeta,1,basico,0,30,21,0,0,25,Trujillo,activo,no,si,1
CL-03603,452,34,34,mensual,145.86,4337.73,tarjeta,1,basico,1,30,37,0,0,33,Arequipa,activo,no,si,1
CL-03604,85,37,37,mensual,142.36,4184.03,tarjeta,1,premium,0,30,43,0,0,36,Trujillo,activo,no,si,1
CL-03605,915,4,60,enterprise,171.8,8402.13,factura,0,basico,0,365,4,0,1,3,Piura,activo,no,no,1
CL-03606,1504,34,34,mensual,210.39,6918.92,tarjeta,0,avanzado,1,30,45,0,0,33,Piura,activo,si,no,1
CL-03607,1641,63,63,mensual,167.41,8277.94,transferencia,0,basico,0,30,3,0,0,62,Piura,activo,no,no,1
CL-03608,695,29,29,mensual,69.47,1724.91,transferencia,0,premium,0,30,43,0,0,28,Lima,activo,no,si,1
CL-03609,1307,23,23,mensual,220.3,4299.36,tarjeta,0,avanzado,1,30,28,0,0,22,Lima,activo,no,no,1
CL-03610,29,15,15,mensual,118.76,1457.89,transferencia,1,basico,1,30,34,0,0,14,Trujillo,inactivo,no,no,1
CL-03611,1680,1,1,anual,209.51,187.1,yape,1,premium,1,365,11,0,1,0,Cusco,activo,no,si,0
CL-03612,1698,39,39,mensual,148.77,4543.21,yape,0,avanzado,1,30,27,0,0,38,Lima,activo,no,no,1
CL-03613,52,5,72,anual,173.71,11093.44,transferencia,1,avanzado,0,365,27,1,0,4,Cusco,inactivo,si,no,1
CL-03614,2163,3,43,enterprise,349.81,11428.57,tarjeta,1,avanzado,1,365,15,1,0,2,Cusco,activo,si,si,1
CL-03615,1863,4,49,anual,212.14,10822.12,transferencia,0,avanzado,0,365,23,0,0,3,Arequipa,inactivo,no,no,0
CL-03616,84,1,22,anual,189.97,3892.9,tarjeta,1,basico,0,365,43,1,0,0,Piura,activo,si,si,1
CL-03617,186,26,26,mensual,27.4,550.34,tarjeta,0,avanzado,0,30,5,0,1,25,Piura,activo,no,no,1
CL-03618,2068,56,56,mensual,121.88,5509.49,tarjeta,0,avanzado,1,30,21,0,0,55,Lima,activo,si,no,1
CL-03619,2102,72,72,mensual,104.18,7282.94,tarjeta,0,avanzado,0,30,16,0,0,71,Lima,activo,no,si,1
CL-03620,1530,5,68,enterprise,324.11,21367.31,factura,1,basico,1,365,10,1,0,4,Lima,activo,no,no,1
CL-03621,792,4,52,anual,234.51,10481.13,transferencia,1,premium,1,365,22,0,0,3,Chiclayo,activo,si,no,1
CL-03622,834,33,33,mensual,93.41,2449.17,tarjeta,0,basico,0,30,5,0,1,32,Lima,activo,si,no,1
CL-03623,1204,37,37,mensual,134.17,4521.37,transferencia,0,avanzado,1,30,6,0,1,36,Arequipa,activo,si,no,1
CL-03624,1471,1,13,enterprise,370.27,4009.26,transferencia,0,avanzado,1,365,38,1,0,0,Lima,inactivo,si,si,0
CL-03625,1732,1,1,anual,172.04,134.03,transferencia,1,basico,1,365,15,1,0,0,Arequipa,activo,si,no,1
CL-03626,1275,1,4,anual,167.09,570.65,transferencia,0,basico,0,365,15,1,0,0,Lima,activo,si,no,0
CL-03627,1122,2,33,enterprise,526.0,16929.32,tarjeta,0,basico,1,365,30,0,0,1,Lima,activo,no,si,0
CL-03628,1613,2,25,anual,142.44,3049.08,yape,0,basico,1,365,35,1,0,1,Trujillo,activo,no,no,0
CL-03629,2225,1,1,anual,179.6,136.9,transferencia,1,premium,0,365,39,1,0,0,Arequipa,activo,no,no,1
CL-03630,1297,31,31,mensual,49.23,1199.72,factura,0,avanzado,1,30,29,0,0,30,Arequipa,activo,no,si,1
CL-03631,1241,24,24,mensual,155.92,3476.03,transferencia,1,avanzado,0,30,12,0,0,23,Chiclayo,inactivo,si,no,1
CL-03632,1080,1,3,enterprise,199.82,543.5,transferencia,1,basico,1,365,13,0,1,0,Lima,activo,no,no,0
CL-03633,2265,1,23,anual,119.01,2607.1,transferencia,0,avanzado,1,365,32,1,0,0,Chiclayo,activo,no,no,1
CL-03634,60,24,24,mensual,84.14,1860.89,transferencia,1,basico,1,30,39,0,0,23,Piura,activo,no,no,1
CL-03635,272,1,17,anual,184.38,2818.41,transferencia,0,basico,1,365,42,0,0,0,Lima,activo,si,no,0
CL-03636,885,55,55,mensual,45.57,2237.01,transferencia,0,avanzado,1,30,39,0,0,54,Lima,activo,no,no,1
CL-03637,1059,1,1,enterprise,88.21,91.6,factura,0,avanzado,1,365,29,1,0,0,Lima,activo,si,no,0
CL-03638,806,1,1,mensual,146.34,147.61,transferencia,1,basico,1,30,8,0,1,0,Cusco,activo,si,no,0
CL-03639,1022,2,32,enterprise,67.57,1870.04,tarjeta,0,basico,1,365,19,0,0,1,Lima,activo,si,no,1
CL-03640,501,34,34,mensual,176.31,5671.08,transferencia,1,avanzado,0,30,6,0,0,33,Lima,inactivo,si,no,1
CL-03641,2262,42,42,mensual,226.35,7188.3,tarjeta,1,basico,0,30,20,0,0,41,Cusco,activo,si,no,1
CL-03642,717,19,19,mensual,86.9,1248.7,transferencia,1,basico,1,30,28,0,0,18,Cusco,activo,no,si,1
CL-03643,412,1,9,enterprise,475.67,3619.92,factura,1,premium,0,365,31,0,0,0,Cusco,activo,si,no,0
CL-03644,2421,32,32,mensual,130.13,4066.01,tarjeta,1,basico,1,30,11,0,1,31,Arequipa,inactivo,no,si,1
CL-03645,2443,21,21,mensual,168.39,3633.92,tarjeta,0,avanzado,1,30,32,0,0,20,Cusco,activo,no,si,1
CL-03646,550,5,70,anual,152.38,10185.46,tarjeta,1,premium,0,365,15,1,0,4,Arequipa,activo,no,no,1
CL-03647,675,24,24,mensual,31.61,729.75,transferencia,0,basico,0,30,32,0,0,23,Piura,activo,si,si,1
CL-03648,247,31,31,mensual,124.11,2922.63,yape,0,avanzado,1,30,43,0,0,30,Trujillo,activo,no,si,1
CL-03649,848,72,72,mensual,246.16,18238.35,yape,1,avanzado,1,30,14,0,0,71,Trujillo,activo,si,si,1
CL-03650,2166,2,27,enterprise,331.97,6955.78,transferencia,1,basico,1,365,8,0,1,1,Trujillo,activo,si,no,0
CL-03651,535,46,46,mensual,91.97,4374.77,yape,0,basico,0,30,44,0,0,45,Lima,activo,si,no,1
CL-03652,1286,48,48,mensual,146.59,5576.37,factura,1,premium,0,30,22,0,0,47,Arequipa,inactivo,no,si,1
CL-03653,1724,50,50,mensual,150.5,5719.12,tarjeta,0,basico,0,30,11,0,0,49,Chiclayo,activo,no,no,1
CL-03654,2300,39,39,mensual,101.49,3637.83,transferencia,1,premium,0,30,14,0,1,38,Chiclayo,activo,si,si,1
CL-03655,460,37,37,mensual,296.49,8601.62,yape,1,avanzado,1,30,22,0,0,36,Lima,activo,si,no,1
CL-03656,93,34,34,mensual,84.54,2180.62,tarjeta,1,avanzado,1,30,16,0,0,33,Lima,activo,no,si,1
CL-03657,1571,18,18,mensual,195.36,3341.88,transferencia,1,avanzado,0,30,41,0,0,17,Lima,activo,no,si,1
CL-03658,1367,40,40,mensual,126.31,4908.29,yape,0,avanzado,0,30,17,0,0,39,Cusco,inactivo,si,no,1
CL-03659,176,5,72,enterprise,215.37,12992.74,tarjeta,1,avanzado,1,365,22,1,0,4,Arequipa,activo,si,no,1
CL-03660,769,62,62,mensual,79.86,4505.96,tarjeta,0,avanzado,0,30,12,0,1,61,Piura,activo,no,no,1
CL-03661,1011,39,39,mensual,173.78,6274.63,yape,1,premium,0,30,32,0,0,38,Lima,activo,si,no,1
CL-03662,895,4,53,enterprise,252.24,10671.64,tarjeta,1,premium,1,365,35,0,0,3,Trujillo,activo,si,si,1
CL-03663,1976,1,11,enterprise,269.25,2612.32,transferencia,0,basico,0,365,26,0,0,0,Arequipa,activo,no,si,0
CL-03664,1855,2,25,anual,57.75,1358.7,tarjeta,0,basico,1,365,37,1,0,1,Arequipa,activo,no,no,1
CL-03665,1359,55,55,mensual,171.99,9608.04,yape,1,premium,0,30,13,0,0,54,Cusco,activo,si,no,1
CL-03666,1857,68,68,mensual,147.43,8778.69,transferencia,0,basico,0,30,25,0,0,67,Piura,activo,no,no,1
CL-03667,1335,13,13,mensual,94.77,1182.48,tarjeta,0,premium,0,30,33,0,0,12,Lima,suspendido,si,no,1
CL-03668,1186,20,20,mensual,127.92,2303.85,factura,1,basico,0,30,41,0,0,19,Piura,inactivo,si,no,1
CL-03669,1532,72,72,mensual,101.98,7064.46,tarjeta,0,basico,0,30,15,0,0,71,Chiclayo,activo,no,si,1
CL-03670,88,2,34,anual,119.41,4005.92,factura,1,basico,1,365,7,1,1,1,Cusco,activo,si,si,1
CL-03671,16,72,72,mensual,100.43,6574.14,factura,0,basico,0,30,36,0,0,71,Lima,activo,si,no,1
CL-03672,2336,3,37,anual,119.04,3384.1,yape,0,avanzado,1,365,23,0,0,2,Lima,activo,no,no,1
CL-03673,1567,38,38,mensual,191.11,7353.84,yape,1,avanzado,0,30,3,0,1,37,Lima,activo,no,si,1
CL-03674,21,24,24,mensual,195.93,4374.56,yape,0,premium,0,30,38,0,0,23,Chiclayo,activo,si,no,1
CL-03675,2304,4,55,enterprise,136.95,7006.45,transferencia,1,basico,1,365,23,1,0,3,Lima,activo,no,no,1
CL-03676,1319,5,65,enterprise,535.14,31404.46,tarjeta,0,avanzado,1,365,28,1,0,4,Piura,activo,no,no,1
CL-03677,1050,6,6,mensual,80.52,387.55,tarjeta,1,avanzado,0,30,17,0,0,5,Cusco,activo,no,no,0
CL-03678,504,1,23,anual,210.98,4347.16,tarjeta,0,basico,0,365,45,1,0,0,Lima,inactivo,si,si,1
CL-03679,1769,54,54,mensual,172.79,8500.67,transferencia,1,premium,1,30,20,0,0,53,Lima,activo,no,no,1
CL-03680,1238,29,29,mensual,36.51,915.99,tarjeta,0,avanzado,0,30,27,0,0,28,Arequipa,inactivo,si,no,1
CL-03681,2385,1,20,anual,160.16,2545.68,transferencia,1,avanzado,1,365,25,1,0,0,Lima,activo,no,no,0
CL-03682,196,57,57,mensual,99.7,5561.69,tarjeta,0,avanzado,0,30,44,0,0,56,Arequipa,activo,no,si,1
CL-03683,1865,59,59,mensual,132.33,6925.05,factura,0,avanzado,1,30,28,0,0,58,Lima,activo,si,no,1
CL-03684,57,21,21,mensual,142.68,2877.02,tarjeta,0,basico,1,30,5,0,1,20,Trujillo,activo,si,si,1
CL-03685,1525,37,37,mensual,124.99,3533.65,yape,0,basico,0,30,39,0,0,36,Piura,activo,no,no,1
CL-03686,2114,2,2,mensual,123.24,222.16,tarjeta,0,premium,0,30,2,0,1,1,Lima,activo,si,no,0
CL-03687,1451,10,10,mensual,188.35,1454.31,transferencia,0,premium,1,30,24,0,0,9,Lima,activo,no,no,0
CL-03688,545,2,35,enterprise,269.3,9143.31,tarjeta,1,premium,0,365,17,1,0,1,Piura,activo,si,no,1
CL-03689,1329,2,33,anual,171.64,5235.28,transferencia,1,avanzado,0,365,22,1,0,1,Trujillo,activo,si,no,1
CL-03690,638,8,8,mensual,111.34,788.66,tarjeta,0,avanzado,0,30,38,0,0,7,Lima,activo,si,no,0
CL-03691,1250,14,14,mensual,263.64,3845.44,transferencia,0,premium,0,30,5,0,1,13,Lima,activo,no,no,0
CL-03692,48,1,6,anual,207.15,1053.74,transferencia,0,avanzado,1,365,3,1,0,0,Lima,activo,si,no,1
CL-03693,2343,43,43,mensual,73.73,2780.01,yape,0,premium,0,30,41,0,0,42,Lima,activo,no,no,1
CL-03694,2025,1,1,mensual,30.16,29.29,tarjeta,0,avanzado,1,30,12,0,0,0,Cusco,activo,no,no,0
CL-03695,54,1,7,anual,54.31,345.01,tarjeta,0,avanzado,0,365,20,1,0,0,Lima,activo,no,si,0
CL-03696,1408,1,1,mensual,86.87,82.31,factura,0,avanzado,1,30,45,0,0,0,Lima,activo,si,si,0
CL-03697,1305,42,42,mensual,126.87,5557.05,transferencia,1,basico,1,30,33,0,0,41,Lima,activo,no,si,1
CL-03698,2024,1,1,mensual,93.48,89.62,yape,0,basico,0,30,29,0,0,0,Cusco,activo,si,no,0
CL-03699,856,33,33,mensual,118.32,3104.96,tarjeta,1,premium,1,30,1,0,1,32,Lima,activo,no,si,1
CL-03700,1106,72,72,mensual,87.26,5106.62,transferencia,1,avanzado,0,30,18,0,0,71,Arequipa,activo,no,no,1
CL-03701,875,5,72,enterprise,188.76,13739.63,transferencia,1,basico,0,365,24,1,0,4,Lima,activo,no,si,1
CL-03702,1602,1,1,mensual,175.79,134.37,yape,0,premium,0,30,4,0,0,0,Piura,activo,si,no,0
CL-03703,923,3,39,anual,249.1,8770.15,transferencia,0,premium,0,365,30,0,0,2,Piura,activo,no,si,1
CL-03704,1319,1,8,anual,85.14,695.96,yape,1,avanzado,0,365,34,1,0,0,Cusco,inactivo,no,no,0
CL-03705,159,3,3,mensual,103.01,303.74,tarjeta,1,basico,0,30,17,0,0,2,Piura,activo,no,si,0
CL-03706,1941,29,29,mensual,35.43,806.26,tarjeta,0,basico,0,30,42,0,0,28,Chiclayo,activo,no,si,1
CL-03707,350,62,62,mensual,41.31,2489.86,tarjeta,1,premium,1,30,43,0,0,61,Arequipa,activo,no,no,1
CL-03708,854,3,47,anual,128.66,5228.38,transferencia,1,basico,1,365,34,1,0,2,Piura,activo,no,no,1
CL-03709,1691,14,14,mensual,139.34,1990.53,transferencia,1,basico,1,30,15,0,0,13,Piura,activo,si,si,1
CL-03710,291,4,49,anual,124.21,5610.58,yape,0,basico,0,365,6,1,0,3,Arequipa,inactivo,si,no,1
CL-03711,1621,1,1,enterprise,183.27,167.62,yape,1,avanzado,1,365,32,0,0,0,Lima,activo,no,no,0
CL-03712,585,1,13,anual,161.75,1582.56,tarjeta,0,avanzado,1,365,24,0,0,0,Arequipa,suspendido,no,no,0
CL-03713,2403,1,12,enterprise,286.88,2839.76,yape,1,premium,1,365,33,1,0,0,Cusco,activo,si,no,0
CL-03714,1392,2,34,anual,124.99,3713.46,factura,0,premium,1,365,19,1,0,1,Trujillo,activo,no,no,1
CL-03715,1379,2,27,enterprise,637.52,16648.03,yape,1,premium,0,365,7,0,0,1,Trujillo,activo,si,si,0
CL-03716,694,2,28,enterprise,278.26,7059.02,yape,1,basico,1,365,41,1,0,1,Lima,activo,no,no,0
CL-03717,2126,2,28,anual,211.37,5952.46,factura,1,avanzado,1,365,44,1,0,1,Lima,activo,no,no,1
CL-03718,416,2,32,enterprise,209.08,5086.87,factura,1,avanzado,1,365,35,1,0,1,Lima,activo,no,no,1
CL-03719,1659,3,45,enterprise,376.18,14335.85,transferencia,0,premium,0,365,2,1,1,2,Arequipa,activo,si,no,1
CL-03720,2216,36,36,mensual,185.76,6214.41,transferencia,0,basico,0,30,37,0,0,35,Lima,activo,si,no,1
CL-03721,1291,2,25,anual,287.88,6820.07,transferencia,0,basico,1,365,45,1,0,1,Lima,activo,no,si,0
CL-03722,806,42,42,mensual,73.49,2780.15,tarjeta,0,avanzado,1,30,19,0,0,41,Chiclayo,activo,no,no,1
CL-03723,1983,4,52,enterprise,526.66,23816.67,tarjeta,1,avanzado,1,365,23,1,0,3,Cusco,activo,no,no,1
CL-03724,89,18,18,mensual,119.26,1656.09,transferencia,1,basico,0,30,2,0,1,17,Lima,activo,no,no,1
CL-03725,495,2,30,enterprise,360.21,10361.87,transferencia,0,avanzado,0,365,28,1,0,1,Lima,activo,si,no,1
CL-03726,1438,4,60,enterprise,249.33,15275.72,transferencia,0,basico,0,365,35,1,0,3,Lima,activo,no,no,1
CL-03727,714,1,5,enterprise,287.39,1426.39,yape,0,avanzado,1,365,10,1,1,0,Lima,activo,si,no,0
CL-03728,1858,72,72,mensual,141.19,9762.8,yape,1,basico,1,30,29,0,0,71,Lima,activo,no,no,1
CL-03729,287,1,1,anual,222.33,209.05,tarjeta,1,avanzado,0,365,12,1,1,0,Lima,activo,si,no,1
CL-03730,427,1,23,anual,267.14,6031.24,tarjeta,1,basico,0,365,7,0,1,0,Cusco,activo,si,no,0
CL-03731,1910,1,9,enterprise,280.62,2482.69,transferencia,1,basico,0,365,2,1,1,0,Lima,activo,no,si,1
CL-03732,1246,5,72,enterprise,267.36,14477.52,transferencia,0,avanzado,0,365,35,1,0,4,Piura,inactivo,no,no,1
CL-03733,1956,1,20,anual,54.66,937.26,factura,1,basico,1,365,10,0,1,0,Chiclayo,activo,no,no,1
CL-03734,264,1,20,anual,51.15,1033.66,transferencia,0,avanzado,1,365,7,1,1,0,Arequipa,activo,no,no,0
CL-03735,1234,23,23,mensual,74.06,1712.3,tarjeta,1,avanzado,0,30,44,0,0,22,Lima,activo,no,no,1
CL-03736,485,2,34,enterprise,149.24,4886.35,tarjeta,0,avanzado,0,365,34,0,0,1,Trujillo,activo,no,no,0
CL-03737,2054,24,24,mensual,158.91,3214.0,yape,1,basico,1,30,12,0,1,23,Chiclayo,activo,si,no,1
CL-03738,646,2,29,anual,82.55,2368.51,tarjeta,1,basico,0,365,33,1,0,1,Cusco,activo,no,si,1
CL-03739,1750,1,1,enterprise,184.51,151.2,tarjeta,0,avanzado,1,365,23,1,0,0,Lima,activo,no,no,1
CL-03740,1989,33,33,mensual,91.81,2475.99,tarjeta,0,basico,0,30,1,0,1,32,Piura,activo,no,no,1
CL-03741,1747,32,32,mensual,152.37,4440.53,yape,1,basico,0,30,13,0,0,31,Arequipa,activo,si,no,1
CL-03742,453,57,57,mensual,85.35,4482.58,yape,0,avanzado,0,30,35,0,0,56,Arequipa,activo,si,no,1
CL-03743,381,5,64,enterprise,321.1,17578.78,tarjeta,0,basico,0,365,33,1,0,4,Lima,activo,no,no,1
CL-03744,232,27,27,mensual,132.98,3343.19,yape,1,avanzado,0,30,19,0,0,26,Arequipa,activo,si,no,1
CL-03745,2097,52,52,mensual,188.32,9427.7,transferencia,1,basico,0,30,45,0,0,51,Cusco,activo,no,no,1
CL-03746,926,1,5,anual,307.79,1237.42,yape,0,basico,0,365,23,1,0,0,Lima,activo,no,no,0
CL-03747,476,51,51,mensual,134.58,5741.97,tarjeta,0,premium,1,30,1,0,1,50,Chiclayo,inactivo,si,no,1
CL-03748,2456,1,18,enterprise,67.92,1173.6,tarjeta,1,avanzado,0,365,44,1,0,0,Lima,activo,si,si,1
CL-03749,614,3,3,mensual,102.04,314.75,yape,0,basico,0,30,2,0,1,2,Lima,activo,si,no,0
CL-03750,1349,27,27,mensual,123.48,3385.08,transferencia,0,basico,0,30,42,0,0,26,Arequipa,activo,si,no,1
CL-03751,1704,66,66,mensual,138.96,7235.23,factura,1,avanzado,0,30,4,0,1,65,Lima,activo,si,si,1
CL-03752,1318,36,36,mensual,59.99,1988.85,yape,0,avanzado,0,30,18,0,0,35,Trujillo,activo,si,si,1
CL-03753,1251,69,69,mensual,216.61,14797.42,tarjeta,1,avanzado,0,30,3,0,1,68,Lima,activo,no,no,1
CL-03754,1985,1,13,anual,159.27,1700.3,transferencia,0,basico,1,365,32,1,0,0,Lima,activo,si,no,0
CL-03755,179,58,58,mensual,60.23,3294.07,tarjeta,1,premium,0,30,14,0,0,57,Arequipa,activo,no,si,1
CL-03756,1176,16,16,mensual,94.14,1322.92,yape,1,premium,0,30,24,0,0,15,Lima,activo,no,si,1
CL-03757,2339,37,37,mensual,247.6,8692.32,tarjeta,1,avanzado,1,30,9,0,1,36,Lima,activo,si,no,1
CL-03758,1801,37,37,mensual,181.06,5088.94,factura,1,premium,0,30,37,0,0,36,Lima,inactivo,no,si,1
CL-03759,1192,3,48,enterprise,527.64,21372.86,yape,0,basico,1,365,21,0,0,2,Cusco,activo,no,no,0
CL-03760,167,38,38,mensual,47.29,1513.45,transferencia,1,basico,1,30,15,0,0,37,Piura,activo,no,no,1
CL-03761,1004,1,14,enterprise,199.26,2442.61,transferencia,1,basico,0,365,2,1,1,0,Lima,activo,si,no,1
CL-03762,692,53,53,mensual,65.26,2712.93,factura,1,basico,0,30,22,0,0,52,Lima,activo,si,si,1
CL-03763,611,72,72,mensual,136.19,8638.66,factura,0,basico,1,30,33,0,0,71,Lima,activo,si,no,1
CL-03764,1064,18,18,mensual,111.31,1828.17,factura,1,premium,1,30,6,0,0,17,Lima,activo,si,si,1
CL-03765,557,1,1,mensual,95.69,72.53,yape,1,premium,1,30,23,0,0,0,Arequipa,activo,si,no,0
CL-03766,831,3,44,enterprise,250.44,9259.29,transferencia,1,avanzado,1,365,42,0,0,2,Trujillo,activo,si,no,1
CL-03767,1203,24,24,mensual,73.36,1414.12,tarjeta,0,avanzado,0,30,40,0,0,23,Lima,activo,si,no,1
CL-03768,83,29,29,mensual,112.43,3396.26,tarjeta,1,basico,1,30,41,0,0,28,Lima,activo,si,no,1
CL-03769,313,3,46,anual,245.51,8911.27,factura,0,basico,0,365,41,0,0,2,Lima,activo,no,si,0
CL-03770,1236,1,21,anual,48.74,960.31,factura,1,avanzado,0,365,13,1,1,0,Cusco,activo,si,si,1
CL-03771,578,2,25,enterprise,309.94,6745.5,tarjeta,1,avanzado,1,365,8,1,1,1,Cusco,activo,no,si,0
CL-03772,663,2,29,enterprise,514.74,12482.33,tarjeta,1,avanzado,1,365,27,1,0,1,Piura,activo,no,no,0
CL-03773,791,5,68,anual,149.25,10212.15,yape,0,avanzado,0,365,33,0,0,4,Lima,activo,no,no,1
CL-03774,1118,2,33,enterprise,234.67,7350.91,transferencia,1,premium,0,365,18,1,0,1,Piura,activo,no,si,1
CL-03775,175,1,2,enterprise,433.39,811.38,transferencia,1,basico,0,365,11,1,1,0,Piura,inactivo,si,no,0
CL-03776,2159,3,3,mensual,72.66,169.61,factura,1,basico,1,30,8,0,0,2,Piura,inactivo,no,si,0
CL-03777,635,2,35,anual,174.98,5069.03,transferencia,0,basico,1,365,23,1,0,1,Lima,activo,no,no,1
CL-03778,294,4,4,mensual,49.36,164.46,transferencia,0,premium,1,30,3,0,1,3,Lima,activo,no,si,0
CL-03779,1912,1,1,anual,54.38,47.87,yape,1,avanzado,1,365,31,0,0,0,Chiclayo,suspendido,no,no,0
CL-03780,1258,3,47,enterprise,256.52,12375.22,transferencia,1,avanzado,1,365,38,1,0,2,Arequipa,activo,si,no,1
CL-03781,1051,49,49,mensual,55.24,2357.85,transferencia,0,premium,0,30,38,0,0,48,Cusco,activo,no,no,1
CL-03782,927,1,23,enterprise,272.17,5310.95,yape,0,avanzado,0,365,14,1,1,0,Lima,activo,si,si,1
CL-03783,320,3,39,enterprise,423.68,12744.28,factura,0,basico,0,365,5,0,1,2,Lima,activo,si,no,1
CL-03784,765,36,36,mensual,237.74,7407.39,factura,0,basico,0,30,24,0,0,35,Lima,activo,si,no,1
CL-03785,1975,47,47,mensual,139.18,5008.84,yape,0,avanzado,0,30,34,0,0,46,Cusco,activo,si,no,1
CL-03786,984,3,47,enterprise,449.87,18174.47,tarjeta,1,avanzado,1,365,41,1,0,2,Lima,activo,no,no,1
CL-03787,1670,1,1,enterprise,336.61,350.19,factura,0,premium,0,365,6,0,1,0,Arequipa,activo,si,no,0
CL-03788,300,26,26,mensual,85.27,2032.6,yape,0,basico,0,30,1,0,1,25,Piura,activo,si,no,1
CL-03789,754,45,45,mensual,27.03,988.48,transferencia,1,avanzado,1,30,7,0,1,44,Piura,inactivo,no,no,1
CL-03790,1424,1,22,anual,376.6,6957.63,transferencia,1,basico,1,365,25,1,0,0,Cusco,activo,si,si,0
CL-03791,22,33,33,mensual,66.94,2035.24,transferencia,0,premium,0,30,8,0,1,32,Lima,activo,no,si,1
CL-03792,1108,50,50,mensual,196.7,7433.15,yape,0,basico,0,30,43,0,0,49,Arequipa,activo,si,si,1
CL-03793,897,34,34,mensual,132.93,4609.43,tarjeta,0,basico,1,30,16,0,0,33,Lima,activo,si,no,1
CL-03794,2226,69,69,mensual,69.93,4455.76,transferencia,1,avanzado,0,30,37,0,0,68,Chiclayo,activo,no,no,1
CL-03795,1025,4,60,anual,181.18,9758.56,yape,1,premium,0,365,15,0,0,3,Arequipa,activo,no,no,1
CL-03796,132,2,29,anual,447.73,12528.04,tarjeta,0,basico,1,365,10,1,1,1,Piura,activo,no,si,0
CL-03797,2171,2,27,anual,253.06,5534.96,transferencia,1,basico,0,365,4,1,1,1,Lima,activo,no,no,0
CL-03798,1750,1,1,enterprise,214.79,162.49,transferencia,0,basico,1,365,10,1,1,0,Piura,activo,no,no,0
CL-03799,1247,24,24,mensual,70.5,1581.29,transferencia,1,premium,0,30,34,0,0,23,Lima,activo,no,no,1
CL-03800,95,1,1,mensual,112.71,89.94,tarjeta,1,avanzado,1,30,35,0,0,0,Arequipa,activo,si,no,0
CL-03801,605,37,37,mensual,111.03,3096.17,tarjeta,0,premium,1,30,31,0,0,36,Piura,activo,no,si,1
CL-03802,1165,36,36,mensual,175.33,6492.87,transferencia,0,basico,0,30,4,0,1,35,Lima,activo,no,no,1
CL-03803,214,49,49,mensual,133.0,6429.19,transferencia,1,avanzado,0,30,15,0,0,48,Lima,activo,no,si,1
CL-03804,875,66,66,mensual,34.46,1783.69,factura,0,avanzado,0,30,27,0,0,65,Lima,activo,no,no,1
CL-03805,802,31,31,mensual,153.3,4842.14,tarjeta,1,basico,1,30,43,0,0,30,Arequipa,activo,si,no,1
CL-03806,543,72,72,mensual,83.13,4610.36,tarjeta,0,avanzado,0,30,11,0,1,71,Trujillo,activo,no,si,1
CL-03807,558,3,38,anual,165.71,6239.66,transferencia,1,basico,1,365,9,1,1,2,Chiclayo,activo,si,si,1
CL-03808,2463,1,1,anual,165.77,144.94,tarjeta,0,basico,1,365,38,0,0,0,Cusco,activo,no,si,0
CL-03809,2021,1,18,enterprise,383.9,6256.87,tarjeta,1,basico,0,365,22,0,0,0,Trujillo,activo,si,no,0
CL-03810,1308,1,23,enterprise,337.56,7379.56,yape,1,avanzado,0,365,18,0,0,0,Arequipa,activo,si,si,1
CL-03811,2320,3,46,anual,143.23,5136.64,transferencia,0,avanzado,0,365,18,0,0,2,Arequipa,activo,no,no,1
CL-03812,2285,9,9,mensual,110.64,1017.99,tarjeta,0,avanzado,0,30,19,0,0,8,Lima,activo,no,no,0
CL-03813,337,2,25,anual,161.11,3194.38,yape,0,premium,1,365,22,1,0,1,Cusco,activo,no,no,1
CL-03814,1387,28,28,mensual,32.4,936.66,tarjeta,1,avanzado,0,30,36,0,0,27,Lima,suspendido,no,no,1
CL-03815,1656,21,21,mensual,134.92,2202.75,tarjeta,1,avanzado,1,30,32,0,0,20,Lima,activo,no,si,1
CL-03816,2405,52,52,mensual,204.57,8527.16,tarjeta,1,basico,0,30,4,0,0,51,Piura,activo,si,si,1
CL-03817,2156,48,48,mensual,35.76,1317.0,factura,1,avanzado,0,30,6,0,1,47,Piura,activo,si,no,1
CL-03818,2378,61,61,mensual,117.78,6245.81,tarjeta,1,basico,0,30,28,0,0,60,Cusco,activo,no,no,1
CL-03819,1349,1,24,anual,155.34,3456.97,transferencia,1,basico,1,365,38,1,0,0,Trujillo,activo,no,no,0
CL-03820,171,5,61,enterprise,397.91,22756.02,tarjeta,0,avanzado,1,365,44,1,0,4,Lima,activo,si,no,1
CL-03821,460,1,1,enterprise,146.1,145.89,transferencia,1,premium,0,365,41,0,0,0,Cusco,activo,no,no,0
CL-03822,685,1,1,anual,65.19,59.23,tarjeta,0,basico,1,365,30,0,0,0,Cusco,activo,no,si,0
CL-03823,2412,2,2,mensual,50.15,90.57,tarjeta,0,avanzado,0,30,11,0,0,1,Arequipa,inactivo,no,no,0
CL-03824,2272,32,32,mensual,225.02,6105.02,transferencia,0,basico,0,30,4,0,1,31,Lima,activo,no,no,1
CL-03825,564,5,61,anual,112.28,6474.65,yape,1,basico,0,365,34,0,0,4,Lima,activo,no,no,1
CL-03826,808,17,17,mensual,75.85,1318.54,transferencia,1,avanzado,0,30,41,0,0,16,Arequipa,activo,si,no,1
CL-03827,504,20,20,mensual,179.69,3078.41,transferencia,1,basico,1,30,19,0,0,19,Arequipa,activo,si,no,1
CL-03828,1213,27,27,mensual,74.66,1727.37,factura,0,premium,0,30,6,0,0,26,Trujillo,activo,no,si,1
CL-03829,2339,3,46,enterprise,375.87,14748.34,tarjeta,0,basico,1,365,33,1,0,2,Lima,activo,si,no,1
CL-03830,549,1,20,anual,273.7,4478.96,transferencia,0,avanzado,1,365,17,1,0,0,Trujillo,activo,si,no,1
CL-03831,2361,19,19,mensual,161.95,2830.93,tarjeta,0,basico,0,30,29,0,0,18,Piura,activo,si,no,1
CL-03832,2086,1,1,anual,73.31,57.3,transferencia,1,basico,1,365,9,0,0,0,Arequipa,activo,no,no,0
CL-03833,2291,18,18,mensual,67.98,1224.18,transferencia,0,avanzado,1,30,17,0,0,17,Arequipa,activo,no,no,1
CL-03834,849,61,61,mensual,146.61,7076.99,yape,1,basico,0,30,33,0,0,60,Chiclayo,activo,si,si,1
CL-03835,959,34,34,mensual,194.48,5304.26,transferencia,0,basico,0,30,39,0,0,33,Trujillo,activo,no,no,1
CL-03836,1469,14,14,mensual,86.73,935.64,tarjeta,0,basico,0,30,12,0,0,13,Cusco,activo,si,si,1
CL-03837,1239,5,62,anual,150.57,8069.51,factura,0,basico,1,365,36,1,0,4,Lima,activo,si,si,1
CL-03838,1222,17,17,mensual,145.4,2415.67,tarjeta,0,avanzado,1,30,12,0,0,16,Lima,inactivo,si,no,1
CL-03839,1727,5,67,enterprise,303.53,20804.82,tarjeta,1,premium,0,365,34,1,0,4,Chiclayo,activo,si,no,1
CL-03840,1608,66,66,mensual,139.54,8107.1,factura,1,basico,0,30,19,0,0,65,Chiclayo,activo,si,no,1
CL-03841,1360,2,33,anual,93.75,2538.55,yape,1,basico,1,365,32,1,0,1,Lima,activo,si,no,1
CL-03842,1633,1,1,anual,121.9,117.96,factura,0,basico,0,365,13,1,1,0,Chiclayo,activo,si,si,1
CL-03843,919,5,72,anual,237.88,16381.35,tarjeta,0,avanzado,1,365,4,1,0,4,Cusco,activo,no,no,1
CL-03844,479,3,41,anual,316.99,12405.16,tarjeta,0,basico,1,365,36,0,0,2,Lima,activo,no,si,1
CL-03845,1692,1,24,enterprise,219.24,4646.28,transferencia,0,basico,1,365,1,1,0,0,Lima,activo,si,no,0
CL-03846,602,55,55,mensual,99.08,5011.21,tarjeta,0,avanzado,0,30,24,0,0,54,Trujillo,inactivo,si,si,1
CL-03847,2232,4,49,anual,115.03,4332.13,yape,0,avanzado,1,365,3,0,0,3,Lima,activo,no,no,1
CL-03848,798,5,64,anual,405.42,21406.27,tarjeta,0,avanzado,1,365,26,1,0,4,Trujillo,activo,no,no,1
CL-03849,214,16,16,mensual,124.18,2042.68,tarjeta,1,avanzado,1,30,5,0,1,15,Piura,activo,no,si,1
CL-03850,1985,40,40,mensual,138.48,4223.83,transferencia,1,basico,1,30,8,0,0,39,Arequipa,activo,no,no,1
CL-03851,1851,3,3,mensual,106.23,267.85,tarjeta,1,basico,1,30,45,0,0,2,Piura,activo,si,si,0
CL-03852,1034,48,48,mensual,96.99,3808.18,tarjeta,0,avanzado,1,30,42,0,0,47,Trujillo,activo,si,si,1
CL-03853,2066,31,31,mensual,33.98,831.19,tarjeta,0,avanzado,0,30,21,0,0,30,Arequipa,activo,no,si,1
CL-03854,1566,39,39,mensual,34.62,1387.05,tarjeta,0,basico,0,30,16,0,0,38,Lima,activo,si,no,1
CL-03855,1447,2,28,anual,279.73,6170.15,transferencia,0,basico,1,365,32,1,0,1,Trujillo,activo,si,no,1
CL-03856,920,26,26,mensual,97.42,2271.55,transferencia,1,basico,0,30,17,0,0,25,Chiclayo,activo,no,si,1
CL-03857,2292,1,11,enterprise,350.12,3858.46,transferencia,1,premium,1,365,7,0,1,0,Lima,activo,si,no,0
CL-03858,5,51,51,mensual,52.43,2008.55,transferencia,0,basico,1,30,11,0,1,50,Lima,activo,no,no,1
CL-03859,852,5,68,anual,100.11,5327.25,tarjeta,1,premium,1,365,28,1,0,4,Trujillo,activo,no,si,1
CL-03860,1352,18,18,mensual,199.91,3067.86,tarjeta,1,premium,0,30,44,0,0,17,Chiclayo,activo,si,no,1
CL-03861,1753,45,45,mensual,183.19,6547.48,factura,0,avanzado,1,30,30,0,0,44,Arequipa,activo,no,si,1
CL-03862,900,42,42,mensual,68.93,2329.94,tarjeta,1,premium,0,30,28,0,0,41,Lima,activo,no,no,1
CL-03863,787,2,32,anual,188.7,5599.69,yape,0,basico,1,365,36,1,0,1,Chiclayo,activo,no,no,1
CL-03864,2087,1,1,mensual,134.59,107.83,tarjeta,0,basico,0,30,3,0,1,0,Lima,activo,si,no,0
CL-03865,2190,1,1,enterprise,216.87,204.22,yape,1,avanzado,1,365,29,1,0,0,Lima,activo,si,no,1
CL-03866,2080,13,13,mensual,178.19,2373.58,transferencia,0,avanzado,1,30,9,0,1,12,Lima,activo,no,si,0
CL-03867,1091,1,1,anual,164.75,134.9,transferencia,1,premium,1,365,19,1,0,0,Arequipa,activo,si,no,1
CL-03868,1632,66,66,mensual,198.28,10648.28,transferencia,0,avanzado,0,30,22,0,0,65,Lima,activo,no,no,1
CL-03869,2432,3,41,anual,235.54,7275.86,factura,0,basico,1,365,33,1,0,2,Lima,inactivo,no,no,1
CL-03870,251,31,31,mensual,124.37,2908.57,yape,1,basico,0,30,9,0,1,30,Arequipa,activo,no,no,1
CL-03871,947,1,1,mensual,173.48,150.75,transferencia,0,avanzado,0,30,43,0,0,0,Lima,activo,si,si,0
CL-03872,1625,1,1,mensual,121.4,108.86,factura,0,avanzado,0,30,28,0,0,0,Arequipa,activo,no,no,0
CL-03873,107,32,32,mensual,96.99,2497.98,tarjeta,0,avanzado,1,30,16,0,0,31,Lima,activo,si,no,1
CL-03874,1115,72,72,mensual,232.41,14171.56,yape,1,premium,1,30,14,0,1,71,Lima,activo,si,no,1
CL-03875,2236,1,15,enterprise,400.17,4754.58,factura,1,basico,1,365,5,0,1,0,Piura,activo,si,no,0
CL-03876,2376,53,53,mensual,151.58,7667.19,factura,0,avanzado,0,30,16,0,0,52,Lima,activo,no,no,1
CL-03877,593,20,20,mensual,37.76,655.42,tarjeta,0,basico,0,30,6,0,0,19,Arequipa,inactivo,si,no,1
CL-03878,1291,2,33,enterprise,350.75,11230.98,yape,1,avanzado,0,365,36,1,0,1,Arequipa,activo,si,no,1
CL-03879,1034,62,62,mensual,115.58,6557.53,tarjeta,1,avanzado,0,30,36,0,0,61,Lima,inactivo,si,no,1
CL-03880,659,23,23,mensual,102.59,2036.76,yape,1,avanzado,1,30,24,0,0,22,Arequipa,suspendido,si,si,1
CL-03881,2138,1,15,anual,205.0,2884.07,transferencia,1,avanzado,0,365,44,0,0,0,Lima,activo,si,si,0
CL-03882,1504,5,67,enterprise,334.13,16838.18,transferencia,0,basico,1,365,6,1,1,4,Trujillo,activo,no,si,1
CL-03883,152,2,33,anual,189.56,5987.18,tarjeta,0,premium,0,365,40,0,0,1,Lima,activo,no,no,0
CL-03884,1368,59,59,mensual,113.28,5756.61,tarjeta,1,avanzado,0,30,17,0,0,58,Cusco,activo,no,no,1
CL-03885,1,1,15,enterprise,541.46,7342.79,tarjeta,0,premium,0,365,35,1,0,0,Piura,activo,si,no,0
CL-03886,907,66,66,mensual,141.05,8443.75,tarjeta,0,basico,0,30,41,0,0,65,Chiclayo,activo,si,no,1
CL-03887,142,3,39,enterprise,328.42,11751.99,tarjeta,1,basico,1,365,6,1,1,2,Piura,suspendido,no,si,1
CL-03888,1736,3,43,enterprise,334.1,13801.93,transferencia,1,avanzado,1,365,39,0,0,2,Trujillo,activo,no,si,1
CL-03889,2344,2,35,enterprise,525.48,14404.34,transferencia,0,avanzado,1,365,45,0,0,1,Lima,activo,no,si,0
CL-03890,1250,19,19,mensual,137.66,2345.34,transferencia,0,avanzado,0,30,35,0,0,18,Lima,activo,no,no,1
CL-03891,160,32,32,mensual,120.18,2980.26,yape,0,basico,0,30,7,0,1,31,Lima,activo,no,no,1
CL-03892,1132,1,21,anual,300.51,5176.33,tarjeta,0,avanzado,0,365,38,1,0,0,Piura,activo,si,no,1
CL-03893,1107,55,55,mensual,150.81,6691.87,factura,0,basico,1,30,13,0,1,54,Cusco,activo,no,si,1
CL-03894,2418,27,27,mensual,197.23,4950.38,transferencia,0,basico,1,30,5,0,0,26,Lima,activo,si,si,1
CL-03895,1504,1,1,enterprise,401.74,374.35,tarjeta,1,avanzado,1,365,29,1,0,0,Lima,activo,no,si,0
CL-03896,1333,1,1,anual,125.5,125.41,tarjeta,0,avanzado,0,365,6,1,1,0,Lima,activo,si,no,0
CL-03897,877,1,1,mensual,283.68,257.17,yape,0,basico,1,30,26,0,0,0,Chiclayo,activo,si,si,0
CL-03898,1239,47,47,mensual,35.67,1631.9,transferencia,0,premium,1,30,1,0,1,46,Lima,activo,no,no,1
CL-03899,2198,4,4,mensual,174.76,710.73,tarjeta,0,premium,0,30,34,0,0,3,Piura,inactivo,si,no,0
CL-03900,2032,39,39,mensual,73.94,2278.27,factura,1,avanzado,0,30,6,0,0,38,Cusco,activo,no,no,1
CL-03901,2060,35,35,mensual,185.26,6265.53,transferencia,1,avanzado,0,30,31,0,0,34,Cusco,activo,si,no,1
CL-03902,1863,2,30,enterprise,390.81,9946.67,transferencia,0,avanzado,0,365,38,1,0,1,Trujillo,activo,no,no,1
CL-03903,1599,3,43,anual,92.86,3327.83,tarjeta,1,basico,0,365,5,1,0,2,Lima,activo,no,no,1
CL-03904,341,36,36,mensual,85.42,3194.73,transferencia,0,basico,1,30,2,0,0,35,Lima,activo,no,no,1
CL-03905,2286,1,1,mensual,82.68,67.13,tarjeta,0,basico,0,30,40,0,0,0,Chiclayo,activo,no,si,0
CL-03906,1273,1,24,anual,144.17,3544.39,tarjeta,0,basico,1,365,21,0,0,0,Arequipa,activo,si,si,0
CL-03907,2,3,42,enterprise,241.56,10116.25,factura,0,premium,1,365,23,1,0,2,Trujillo,activo,no,no,1
CL-03908,810,5,72,enterprise,147.99,10800.08,tarjeta,0,premium,0,365,12,1,1,4,Arequipa,activo,no,no,1
CL-03909,2136,72,72,mensual,148.26,9882.6,tarjeta,0,avanzado,1,30,22,0,0,71,Lima,activo,no,no,1
CL-03910,1608,1,1,enterprise,406.25,375.95,transferencia,1,avanzado,0,365,38,1,0,0,Trujillo,suspendido,no,si,0
CL-03911,1452,23,23,mensual,62.58,1253.34,yape,0,premium,0,30,38,0,0,22,Piura,activo,no,si,1
CL-03912,932,1,1,mensual,33.32,29.0,tarjeta,0,avanzado,1,30,37,0,0,0,Lima,activo,si,no,0
CL-03913,2032,5,69,enterprise,382.95,26560.96,tarjeta,0,basico,0,365,14,1,1,4,Lima,activo,si,no,1
CL-03914,1594,57,57,mensual,131.33,6485.16,tarjeta,0,premium,0,30,35,0,0,56,Lima,activo,no,no,1
CL-03915,462,40,40,mensual,128.82,4616.96,yape,0,avanzado,0,30,21,0,0,39,Piura,inactivo,si,si,1
CL-03916,1220,36,36,mensual,159.32,6016.09,yape,0,basico,1,30,18,0,0,35,Trujillo,inactivo,si,no,1
CL-03917,1992,66,66,mensual,201.09,11364.68,transferencia,1,basico,1,30,15,0,0,65,Trujillo,activo,si,no,1
CL-03918,1212,62,62,mensual,196.52,12144.98,yape,0,avanzado,1,30,42,0,0,61,Lima,activo,no,no,1
CL-03919,2162,4,60,anual,447.33,22361.83,yape,1,basico,1,365,8,1,1,3,Lima,activo,no,si,1
CL-03920,2392,43,43,mensual,295.97,9640.76,tarjeta,1,premium,1,30,41,0,0,42,Lima,activo,no,no,1
CL-03921,508,23,23,mensual,32.96,703.52,yape,1,avanzado,1,30,42,0,0,22,Trujillo,activo,si,si,1
CL-03922,2274,4,51,enterprise,84.55,3854.13,tarjeta,0,basico,0,365,30,1,0,3,Lima,activo,si,no,1
CL-03923,2141,52,52,mensual,127.57,6540.78,factura,0,basico,1,30,2,0,1,51,Chiclayo,activo,no,no,1
CL-03924,2461,2,27,enterprise,356.15,7224.02,transferencia,0,avanzado,0,365,28,0,0,1,Cusco,inactivo,no,si,0
CL-03925,1800,23,23,mensual,102.93,1825.66,yape,1,basico,0,30,6,0,1,22,Lima,activo,no,no,1
CL-03926,1617,4,60,anual,213.1,12887.06,transferencia,0,avanzado,1,365,16,1,0,3,Lima,activo,si,no,1
CL-03927,1258,72,72,mensual,89.75,5778.64,transferencia,0,premium,0,30,4,0,1,71,Lima,activo,no,no,1
CL-03928,1781,1,13,enterprise,170.9,2003.78,yape,1,avanzado,0,365,34,0,0,0,Lima,activo,no,si,1
CL-03929,2142,25,25,mensual,73.42,1500.58,tarjeta,0,avanzado,1,30,22,0,0,24,Chiclayo,activo,no,no,1
CL-03930,480,3,40,enterprise,300.4,12349.76,transferencia,0,premium,0,365,43,1,0,2,Chiclayo,activo,si,si,1
CL-03931,945,44,44,mensual,142.3,6413.51,tarjeta,1,premium,1,30,31,0,0,43,Lima,activo,no,si,1
CL-03932,171,1,19,anual,174.41,2999.01,yape,1,premium,1,365,15,0,0,0,Lima,activo,no,si,0
CL-03933,1284,72,72,mensual,103.8,6093.58,tarjeta,1,basico,0,30,35,0,0,71,Lima,activo,no,si,1
CL-03934,598,42,42,mensual,128.02,5617.92,transferencia,0,basico,1,30,13,0,0,41,Arequipa,activo,no,no,1
CL-03935,758,45,45,mensual,105.4,4827.13,factura,0,avanzado,1,30,13,0,0,44,Arequipa,activo,si,si,1
CL-03936,858,72,72,mensual,206.9,13502.81,yape,0,basico,1,30,12,0,0,71,Lima,inactivo,si,no,1
CL-03937,137,21,21,mensual,72.13,1420.69,transferencia,1,avanzado,0,30,32,0,0,20,Lima,inactivo,si,no,1
CL-03938,205,2,30,anual,104.91,2775.6,transferencia,1,premium,1,365,45,1,0,1,Lima,activo,no,no,1
CL-03939,1858,1,1,mensual,149.9,121.69,transferencia,1,premium,1,30,39,0,0,0,Arequipa,activo,no,si,0
CL-03940,1092,28,28,mensual,147.3,3936.47,tarjeta,1,basico,1,30,25,0,0,27,Lima,activo,si,no,1
CL-03941,756,1,1,mensual,71.68,68.15,yape,1,premium,1,30,1,0,1,0,Trujillo,activo,no,si,1
CL-03942,1037,50,50,mensual,226.15,10337.29,factura,0,avanzado,0,30,44,0,0,49,Lima,activo,si,no,1
CL-03943,298,42,42,mensual,223.48,9332.98,yape,0,avanzado,1,30,18,0,0,41,Lima,activo,no,si,1
CL-03944,1525,2,25,anual,121.39,2687.43,factura,0,basico,0,365,28,1,0,1,Cusco,inactivo,si,no,1
CL-03945,2310,29,29,mensual,226.43,6620.81,factura,1,basico,1,30,20,0,0,28,Arequipa,activo,si,no,1
CL-03946,2190,4,51,enterprise,95.37,3964.57,transferencia,1,avanzado,0,365,14,1,1,3,Piura,inactivo,no,no,1
CL-03947,524,4,4,mensual,173.22,719.58,transferencia,1,avanzado,0,30,14,0,0,3,Lima,activo,no,si,0
CL-03948,2251,37,37,mensual,58.81,1765.85,transferencia,0,premium,1,30,27,0,0,36,Lima,activo,si,si,1
CL-03949,592,4,49,enterprise,406.15,15881.99,tarjeta,0,basico,0,365,20,1,0,3,Arequipa,activo,si,no,1
CL-03950,1611,1,1,mensual,71.41,66.48,tarjeta,0,basico,1,30,7,0,0,0,Lima,suspendido,no,no,0
CL-03951,647,49,49,mensual,106.52,4060.36,tarjeta,0,basico,0,30,18,0,0,48,Lima,activo,no,si,1
CL-03952,2267,1,1,enterprise,179.74,143.86,transferencia,1,avanzado,1,365,21,0,0,0,Lima,activo,no,no,0
CL-03953,1638,2,29,enterprise,320.23,8996.09,transferencia,1,avanzado,1,365,29,1,0,1,Arequipa,suspendido,si,si,0
CL-03954,555,1,3,anual,338.41,855.28,tarjeta,0,avanzado,0,365,20,1,0,0,Lima,activo,no,si,1
CL-03955,842,67,67,mensual,117.1,7767.53,tarjeta,0,basico,1,30,9,0,1,66,Lima,activo,no,si,1
CL-03956,1371,1,3,anual,286.35,684.38,yape,0,basico,0,365,26,1,0,0,Lima,activo,si,no,0
CL-03957,27,1,1,enterprise,202.06,174.9,transferencia,0,basico,1,365,38,0,0,0,Cusco,activo,si,no,0
CL-03958,2231,2,35,enterprise,588.99,17849.94,yape,0,basico,1,365,18,0,0,1,Lima,activo,no,no,0
CL-03959,1385,22,22,mensual,37.5,737.65,tarjeta,0,premium,1,30,29,0,0,21,Arequipa,activo,si,no,1
CL-03960,2339,1,1,mensual,92.37,80.65,transferencia,0,basico,1,30,21,0,0,0,Chiclayo,activo,no,si,0
CL-03961,1734,45,45,mensual,105.42,4108.39,tarjeta,0,basico,1,30,14,0,0,44,Lima,activo,si,no,1
CL-03962,2488,1,1,mensual,222.88,189.12,factura,0,avanzado,1,30,40,0,0,0,Trujillo,activo,no,no,0
CL-03963,1307,1,6,anual,234.84,1063.18,factura,0,premium,1,365,44,1,0,0,Trujillo,activo,no,no,1
CL-03964,2024,18,18,mensual,39.84,670.49,tarjeta,0,avanzado,1,30,9,0,0,17,Lima,activo,si,no,1
CL-03965,1688,52,52,mensual,45.6,2115.22,tarjeta,1,basico,1,30,29,0,0,51,Cusco,activo,si,no,1
CL-03966,169,64,64,mensual,62.35,3439.66,tarjeta,1,avanzado,1,30,42,0,0,63,Trujillo,activo,si,si,1
CL-03967,1442,59,59,mensual,197.59,9482.75,tarjeta,0,basico,1,30,25,0,0,58,Trujillo,activo,no,no,1
CL-03968,1970,28,28,mensual,189.96,5411.52,transferencia,1,basico,1,30,25,0,0,27,Lima,activo,si,si,1
CL-03969,2338,1,1,mensual,109.08,89.59,tarjeta,1,avanzado,1,30,44,0,0,0,Arequipa,activo,no,no,0
CL-03970,297,41,41,mensual,105.33,4432.01,tarjeta,1,premium,0,30,29,0,0,40,Lima,activo,no,si,1
CL-03971,1564,5,68,enterprise,457.14,25340.27,transferencia,0,basico,0,365,39,0,0,4,Lima,activo,si,no,1
CL-03972,2027,62,62,mensual,48.8,3150.94,yape,1,avanzado,1,30,5,0,1,61,Lima,activo,no,si,1
CL-03973,946,43,43,mensual,111.78,4210.31,tarjeta,0,avanzado,0,30,27,0,0,42,Lima,activo,si,no,1
CL-03974,409,3,3,mensual,127.41,347.76,tarjeta,1,avanzado,1,30,7,0,0,2,Lima,inactivo,si,si,0
CL-03975,2358,19,19,mensual,106.34,1696.47,tarjeta,0,basico,0,30,10,0,1,18,Chiclayo,activo,si,no,1
CL-03976,1836,72,72,mensual,126.16,9371.96,tarjeta,1,premium,0,30,33,0,0,71,Piura,inactivo,no,no,1
CL-03977,886,1,1,mensual,126.42,105.53,tarjeta,1,basico,1,30,40,0,0,0,Lima,activo,si,si,0
CL-03978,2130,4,4,mensual,114.71,444.65,yape,1,basico,0,30,41,0,0,3,Lima,activo,si,no,0
CL-03979,200,55,55,mensual,41.44,1723.41,factura,0,basico,1,30,35,0,0,54,Lima,activo,no,si,1
CL-03980,344,1,21,anual,192.58,3711.0,tarjeta,1,avanzado,1,365,24,1,0,0,Lima,activo,si,si,1
CL-03981,602,3,3,mensual,141.9,413.98,tarjeta,0,premium,1,30,20,0,0,2,Lima,activo,no,no,0
CL-03982,62,69,69,mensual,146.74,9024.08,tarjeta,0,basico,1,30,8,0,0,68,Trujillo,activo,si,no,1
CL-03983,1834,3,43,anual,226.81,9196.87,tarjeta,0,basico,0,365,36,1,0,2,Lima,activo,si,no,0
CL-03984,1906,22,22,mensual,114.0,2458.89,yape,1,premium,0,30,36,0,0,21,Cusco,activo,no,no,1
CL-03985,1068,4,4,mensual,193.13,695.32,transferencia,0,avanzado,1,30,6,0,1,3,Chiclayo,activo,si,no,0
CL-03986,1428,72,72,mensual,144.37,8476.08,tarjeta,1,premium,1,30,42,0,0,71,Lima,activo,si,no,1
CL-03987,2212,31,31,mensual,43.15,1162.46,tarjeta,0,avanzado,0,30,15,0,0,30,Arequipa,activo,no,si,1
CL-03988,871,66,66,mensual,173.81,11118.53,tarjeta,0,avanzado,1,30,31,0,0,65,Lima,activo,no,si,1
CL-03989,1163,4,54,enterprise,94.64,4248.55,tarjeta,1,avanzado,1,365,6,1,1,3,Arequipa,activo,no,no,1
CL-03990,965,1,19,enterprise,314.26,5610.36,yape,1,basico,0,365,9,0,1,0,Lima,activo,no,no,0
CL-03991,101,1,19,enterprise,238.28,3596.9,yape,1,avanzado,0,365,28,1,0,0,Arequipa,activo,no,si,1
CL-03992,226,67,67,mensual,101.01,6964.53,tarjeta,0,basico,1,30,19,0,0,66,Lima,activo,si,no,1
CL-03993,950,68,68,mensual,144.92,9173.56,tarjeta,0,avanzado,0,30,2,0,1,67,Chiclayo,activo,si,no,1
CL-03994,1891,1,1,mensual,85.29,75.95,yape,0,avanzado,1,30,43,0,0,0,Lima,activo,si,si,0
CL-03995,2113,45,45,mensual,162.11,7247.22,transferencia,0,basico,0,30,40,0,0,44,Lima,activo,no,no,1
CL-03996,2249,29,29,mensual,124.92,3583.38,tarjeta,0,avanzado,0,30,9,0,1,28,Lima,activo,no,no,1
CL-03997,713,6,6,mensual,68.99,322.54,yape,0,basico,0,30,30,0,0,5,Lima,activo,si,si,1
CL-03998,427,38,38,mensual,148.84,4762.96,yape,0,premium,1,30,8,0,0,37,Arequipa,activo,no,si,1
CL-03999,1595,1,1,mensual,129.35,114.81,tarjeta,0,basico,0,30,33,0,0,0,Chiclayo,activo,si,no,0
CL-04000,1384,20,20,mensual,165.18,2815.2,yape,1,avanzado,1,30,32,0,0,19,Arequipa,activo,si,no,1
CL-04001,218,1,12,anual,268.73,2725.54,yape,1,basico,0,365,34,1,0,0,Trujillo,activo,no,no,0
CL-04002,1908,20,20,mensual,186.36,3189.21,tarjeta,0,basico,1,30,25,0,0,19,Trujillo,activo,si,no,1
CL-04003,1730,2,30,enterprise,366.85,8723.12,factura,0,avanzado,0,365,2,1,0,1,Lima,activo,si,si,1
CL-04004,795,7,7,mensual,103.17,567.52,transferencia,0,avanzado,1,30,10,0,0,6,Chiclayo,activo,no,no,0
CL-04005,372,71,71,mensual,37.23,2188.92,tarjeta,0,avanzado,0,30,45,0,0,70,Chiclayo,activo,no,si,1
CL-04006,2359,44,44,mensual,110.81,3759.24,yape,1,basico,0,30,28,0,0,43,Lima,activo,si,si,1
CL-04007,1500,72,72,mensual,137.12,8915.65,tarjeta,0,premium,1,30,16,0,0,71,Lima,inactivo,no,si,1
CL-04008,746,28,28,mensual,124.99,2785.57,tarjeta,1,basico,0,30,43,0,0,27,Arequipa,activo,no,si,1
CL-04009,1695,18,18,mensual,33.09,458.79,yape,0,avanzado,1,30,20,0,0,17,Piura,activo,no,no,1
CL-04010,2446,5,72,anual,224.63,16191.86,transferencia,0,avanzado,1,365,39,1,0,4,Arequipa,activo,no,no,1
CL-04011,1758,18,18,mensual,146.79,2447.36,tarjeta,1,basico,1,30,37,0,0,17,Lima,activo,no,si,1
CL-04012,268,27,27,mensual,100.8,2774.69,yape,1,basico,0,30,1,0,1,26,Lima,activo,no,no,1
CL-04013,1013,4,50,enterprise,479.6,25059.53,tarjeta,1,basico,1,365,42,0,0,3,Lima,activo,no,no,1
CL-04014,140,1,1,mensual,160.57,149.02,tarjeta,1,avanzado,1,30,40,0,0,0,Chiclayo,activo,si,si,0
CL-04015,1036,4,49,anual,124.0,6007.91,transferencia,1,basico,1,365,45,1,0,3,Cusco,activo,si,no,1
CL-04016,1223,46,46,mensual,152.42,5594.07,yape,0,premium,0,30,29,0,0,45,Cusco,activo,no,si,1
CL-04017,2385,63,63,mensual,56.9,3439.56,transferencia,1,basico,0,30,32,0,0,62,Lima,activo,si,no,1
CL-04018,58,54,54,mensual,136.3,6733.6,transferencia,1,premium,1,30,13,0,1,53,Lima,activo,no,no,1
CL-04019,2448,64,64,mensual,105.1,6409.71,factura,0,premium,1,30,7,0,1,63,Cusco,activo,no,no,1
CL-04020,1982,2,29,anual,110.17,2496.57,tarjeta,0,basico,0,365,5,1,1,1,Lima,inactivo,no,no,1
CL-04021,758,11,11,mensual,105.18,1192.55,transferencia,1,avanzado,0,30,8,0,1,10,Lima,activo,no,no,1
CL-04022,1818,72,72,mensual,149.8,9440.06,transferencia,0,premium,0,30,44,0,0,71,Piura,activo,si,no,1
CL-04023,1978,1,1,mensual,149.5,146.92,factura,1,basico,1,30,13,0,1,0,Arequipa,activo,no,si,0
CL-04024,25,1,1,enterprise,314.04,328.86,yape,0,avanzado,1,365,2,0,1,0,Arequipa,activo,si,no,0
CL-04025,2241,3,46,enterprise,97.04,4517.38,tarjeta,0,avanzado,0,365,31,0,0,2,Lima,activo,no,no,1
CL-04026,224,5,72,enterprise,98.18,5962.75,yape,0,avanzado,0,365,9,1,1,4,Lima,activo,si,no,1
CL-04027,1384,3,37,anual,218.16,7027.36,transferencia,1,premium,0,365,23,1,0,2,Piura,activo,si,si,1
CL-04028,1144,4,56,anual,219.35,11603.04,yape,1,basico,0,365,31,1,0,3,Lima,activo,no,si,1
CL-04029,1060,1,1,mensual,85.83,78.23,tarjeta,1,basico,0,30,26,0,0,0,Arequipa,activo,si,si,0
CL-04030,2429,1,20,enterprise,534.38,9331.24,factura,1,avanzado,1,365,35,0,0,0,Arequipa,inactivo,si,si,0
CL-04031,151,1,1,mensual,126.6,119.76,yape,1,basico,1,30,1,0,0,0,Arequipa,activo,si,no,0
CL-04032,2066,51,51,mensual,143.22,7471.18,yape,0,avanzado,0,30,12,0,1,50,Cusco,activo,si,no,1
CL-04033,2058,1,1,anual,245.53,206.94,factura,0,avanzado,1,365,19,1,0,0,Lima,activo,si,no,0
CL-04034,898,1,1,mensual,133.0,104.87,tarjeta,0,avanzado,1,30,34,0,0,0,Lima,activo,no,no,0
CL-04035,397,44,44,mensual,232.51,9746.79,yape,0,premium,1,30,25,0,0,43,Trujillo,activo,si,no,1
CL-04036,784,58,58,mensual,57.99,3117.48,yape,1,avanzado,0,30,35,0,0,57,Lima,activo,no,si,1
CL-04037,1839,28,28,mensual,96.93,2772.87,yape,0,avanzado,1,30,34,0,0,27,Chiclayo,activo,si,no,1
CL-04038,1821,3,46,enterprise,184.43,8253.0,transferencia,1,premium,1,365,37,0,0,2,Lima,activo,no,no,1
CL-04039,1506,45,45,mensual,199.14,7788.54,tarjeta,1,basico,1,30,28,0,0,44,Arequipa,activo,no,si,1
CL-04040,761,2,27,enterprise,354.03,8985.27,transferencia,0,avanzado,0,365,34,1,0,1,Lima,suspendido,no,no,1
CL-04041,2302,5,5,mensual,73.03,368.33,tarjeta,0,basico,0,30,31,0,0,4,Arequipa,inactivo,no,no,0
CL-04042,1757,3,46,anual,112.84,4434.06,factura,1,avanzado,1,365,2,1,1,2,Lima,activo,no,no,1
CL-04043,153,47,47,mensual,221.58,7853.89,transferencia,1,premium,0,30,13,0,1,46,Lima,activo,no,no,1
CL-04044,105,4,54,enterprise,400.08,20262.74,transferencia,1,premium,1,365,41,1,0,3,Chiclayo,inactivo,si,no,1
CL-04045,1758,40,40,mensual,154.01,4668.21,tarjeta,1,avanzado,0,30,5,0,1,39,Trujillo,suspendido,no,si,1
CL-04046,2062,3,3,mensual,96.12,297.37,tarjeta,1,premium,0,30,26,0,0,2,Trujillo,activo,no,si,0
CL-04047,1735,49,49,mensual,130.14,5104.42,tarjeta,1,basico,0,30,35,0,0,48,Chiclayo,activo,no,si,1
CL-04048,463,32,32,mensual,118.84,3279.14,tarjeta,0,avanzado,1,30,20,0,0,31,Lima,inactivo,si,no,1
CL-04049,2108,20,20,mensual,84.55,1748.3,transferencia,1,premium,1,30,9,0,1,19,Lima,activo,no,no,1
CL-04050,909,2,25,anual,147.64,2856.76,yape,1,avanzado,1,365,2,1,1,1,Cusco,activo,si,no,1
CL-04051,1764,1,15,enterprise,149.94,1689.76,factura,0,avanzado,1,365,30,0,0,0,Lima,activo,no,no,0
CL-04052,1785,4,54,anual,244.23,10301.36,transferencia,0,premium,1,365,27,1,0,3,Cusco,activo,si,no,1
CL-04053,674,1,1,mensual,186.61,195.16,transferencia,1,basico,1,30,32,0,0,0,Arequipa,activo,no,no,0
CL-04054,547,7,7,mensual,197.65,1440.99,tarjeta,0,avanzado,0,30,8,0,0,6,Lima,activo,si,si,1
CL-04055,1848,1,24,enterprise,322.24,6692.64,factura,1,avanzado,1,365,22,0,0,0,Trujillo,activo,no,si,1
CL-04056,2493,5,72,enterprise,214.89,15052.26,tarjeta,0,avanzado,1,365,25,0,0,4,Arequipa,activo,no,no,1
CL-04057,1517,58,58,mensual,183.84,10351.16,yape,1,premium,1,30,38,0,0,57,Lima,activo,no,no,1
CL-04058,860,1,1,enterprise,436.59,340.52,yape,0,avanzado,0,365,9,0,1,0,Cusco,activo,si,no,0
CL-04059,909,65,65,mensual,163.24,8706.38,tarjeta,0,basico,0,30,32,0,0,64,Lima,inactivo,no,si,1
CL-04060,1410,5,65,enterprise,485.88,32109.46,yape,0,premium,1,365,31,0,0,4,Lima,activo,no,no,1
CL-04061,1960,1,3,enterprise,232.65,558.16,factura,0,basico,1,365,27,1,0,0,Trujillo,activo,si,si,1
CL-04062,2149,1,1,anual,241.19,218.58,yape,0,avanzado,0,365,4,1,1,0,Lima,activo,no,si,0
CL-04063,2022,30,30,mensual,181.14,4473.68,transferencia,0,premium,1,30,6,0,1,29,Lima,activo,si,no,1
CL-04064,2433,4,59,anual,82.5,4464.88,transferencia,0,premium,0,365,28,1,0,3,Arequipa,activo,si,no,1
CL-04065,1223,71,71,mensual,58.7,3371.5,tarjeta,1,avanzado,0,30,29,0,0,70,Trujillo,activo,si,no,1
CL-04066,2261,1,10,enterprise,140.18,1142.08,tarjeta,1,premium,1,365,29,1,0,0,Lima,activo,no,no,1
CL-04067,1693,72,72,mensual,93.67,5152.87,factura,0,avanzado,1,30,35,0,0,71,Piura,activo,no,no,1
CL-04068,2282,1,1,anual,177.12,185.45,transferencia,1,basico,1,365,18,1,0,0,Lima,activo,si,no,1
CL-04069,114,1,23,enterprise,96.08,1732.36,tarjeta,1,avanzado,0,365,14,1,0,0,Lima,activo,no,si,1
CL-04070,1818,22,22,mensual,130.48,2510.84,transferencia,1,avanzado,0,30,42,0,0,21,Lima,activo,no,no,1
CL-04071,2401,60,60,mensual,101.98,5355.59,transferencia,1,premium,1,30,32,0,0,59,Piura,activo,no,no,1
CL-04072,253,5,64,anual,253.99,13672.19,tarjeta,1,avanzado,0,365,24,0,0,4,Lima,activo,no,no,1
CL-04073,2394,55,55,mensual,219.69,11940.34,tarjeta,1,basico,0,30,26,0,0,54,Trujillo,activo,si,si,1
CL-04074,605,1,1,mensual,146.36,124.6,transferencia,1,basico,1,30,34,0,0,0,Lima,activo,no,no,0
CL-04075,1177,53,53,mensual,74.2,3687.34,factura,0,basico,1,30,14,0,1,52,Piura,activo,no,no,1
CL-04076,1690,44,44,mensual,182.84,7344.24,tarjeta,0,avanzado,1,30,21,0,0,43,Piura,inactivo,no,no,1
CL-04077,218,1,1,anual,203.64,205.52,transferencia,1,avanzado,1,365,2,0,1,0,Lima,inactivo,si,no,0
CL-04078,1633,1,1,anual,137.95,137.38,yape,1,basico,0,365,36,1,0,0,Lima,activo,no,si,0
CL-04079,1794,57,57,mensual,54.39,2527.88,tarjeta,1,basico,1,30,23,0,0,56,Lima,activo,si,si,1
CL-04080,1587,27,27,mensual,79.92,2103.97,yape,1,basico,0,30,41,0,0,26,Chiclayo,activo,si,no,1
CL-04081,674,1,1,mensual,130.53,128.93,transferencia,1,avanzado,0,30,14,0,1,0,Trujillo,activo,no,no,0
CL-04082,314,27,27,mensual,176.36,4884.36,transferencia,0,premium,0,30,19,0,0,26,Chiclayo,activo,no,no,1
CL-04083,1627,3,41,anual,275.74,11745.86,tarjeta,1,premium,0,365,3,0,1,2,Arequipa,inactivo,no,si,1
CL-04084,650,30,30,mensual,237.1,6907.37,tarjeta,1,avanzado,0,30,44,0,0,29,Cusco,activo,si,si,1
CL-04085,366,1,1,mensual,146.85,129.96,yape,0,avanzado,1,30,16,0,0,0,Chiclayo,activo,no,si,0
CL-04086,1564,5,72,enterprise,356.45,21503.97,tarjeta,1,basico,1,365,7,0,1,4,Lima,inactivo,no,no,1
CL-04087,734,57,57,mensual,84.65,4870.4,transferencia,1,avanzado,0,30,28,0,0,56,Lima,activo,no,si,1
CL-04088,1172,1,24,anual,79.12,1945.72,transferencia,1,avanzado,0,365,39,1,0,0,Lima,activo,si,si,1
CL-04089,2168,25,25,mensual,102.45,1995.9,tarjeta,0,basico,0,30,6,0,0,24,Arequipa,activo,no,no,1
CL-04090,1587,41,41,mensual,91.17,3425.09,yape,1,basico,1,30,24,0,0,40,Trujillo,activo,no,no,1
CL-04091,629,4,4,mensual,36.35,114.69,transferencia,1,premium,1,30,22,0,0,3,Chiclayo,activo,si,no,0
CL-04092,623,3,40,enterprise,143.26,4730.3,factura,1,avanzado,1,365,7,0,1,2,Cusco,activo,no,no,1
CL-04093,2368,1,1,enterprise,599.09,518.19,tarjeta,0,avanzado,0,365,13,1,1,0,Lima,activo,si,si,0
CL-04094,1335,30,30,mensual,130.18,3293.62,tarjeta,1,avanzado,1,30,29,0,0,29,Chiclayo,activo,no,no,1
CL-04095,1021,3,3,mensual,111.81,323.62,tarjeta,1,avanzado,1,30,45,0,0,2,Piura,activo,no,si,0
CL-04096,68,4,4,mensual,147.21,455.58,tarjeta,0,basico,1,30,6,0,1,3,Lima,activo,no,si,0
CL-04097,982,5,72,anual,50.37,3387.76,factura,1,premium,1,365,29,0,0,4,Piura,activo,si,si,1
CL-04098,117,2,33,anual,220.26,6719.25,transferencia,1,basico,1,365,40,1,0,1,Lima,activo,no,si,1
CL-04099,766,3,37,anual,346.88,12656.91,tarjeta,0,basico,0,365,35,1,0,2,Arequipa,activo,si,no,0
CL-04100,760,1,1,enterprise,250.8,195.37,tarjeta,1,avanzado,0,365,37,1,0,0,Cusco,activo,no,si,0
CL-04101,493,17,17,mensual,37.39,540.15,transferencia,1,avanzado,1,30,42,0,0,16,Lima,activo,no,no,1
CL-04102,32,3,43,anual,169.33,6983.62,tarjeta,0,avanzado,0,365,30,1,0,2,Trujillo,activo,no,no,1
CL-04103,2267,3,37,anual,282.2,10060.35,tarjeta,1,premium,1,365,2,0,1,2,Arequipa,activo,si,si,1
CL-04104,1008,1,1,mensual,142.98,126.52,transferencia,0,basico,1,30,11,0,1,0,Arequipa,activo,si,no,0
CL-04105,1288,3,37,enterprise,116.81,3840.2,yape,0,basico,0,365,19,1,0,2,Trujillo,activo,si,no,1
CL-04106,789,41,41,mensual,298.78,12733.7,tarjeta,0,basico,0,30,44,0,0,40,Lima,inactivo,si,no,1
CL-04107,1087,5,63,anual,64.45,3442.64,transferencia,1,basico,1,365,10,1,0,4,Lima,activo,si,no,1
CL-04108,1247,1,16,anual,197.23,2508.87,transferencia,1,avanzado,0,365,39,1,0,0,Lima,activo,no,si,0
CL-04109,390,1,1,enterprise,155.52,161.1,transferencia,1,avanzado,0,365,29,1,0,0,Lima,activo,no,si,0
CL-04110,235,7,7,mensual,68.05,472.96,tarjeta,0,basico,0,30,33,0,0,6,Lima,activo,no,no,1
CL-04111,831,5,5,mensual,95.3,391.26,yape,0,avanzado,0,30,5,0,0,4,Trujillo,activo,si,no,0
CL-04112,1127,4,50,enterprise,405.25,20407.93,transferencia,0,avanzado,0,365,17,0,0,3,Lima,activo,no,no,1
CL-04113,2424,1,1,enterprise,516.41,426.39,transferencia,0,premium,1,365,21,0,0,0,Cusco,activo,no,no,0
CL-04114,421,21,21,mensual,100.34,2103.42,transferencia,1,avanzado,1,30,22,0,0,20,Piura,activo,no,no,1
CL-04115,432,5,67,enterprise,184.77,11619.1,transferencia,1,avanzado,0,365,40,1,0,4,Lima,activo,no,si,1
CL-04116,1091,32,32,mensual,116.7,3341.44,factura,1,basico,0,30,16,0,0,31,Lima,activo,si,no,1
CL-04117,2259,4,54,anual,188.1,10446.09,yape,0,premium,1,365,40,1,0,3,Lima,activo,si,si,1
CL-04118,499,1,1,enterprise,337.69,335.26,tarjeta,0,premium,1,365,39,0,0,0,Trujillo,activo,no,no,0
CL-04119,1322,1,1,mensual,154.51,121.9,tarjeta,1,avanzado,0,30,29,0,0,0,Lima,activo,no,no,0
CL-04120,1655,67,67,mensual,129.05,8314.94,transferencia,1,avanzado,1,30,14,0,1,66,Lima,activo,no,no,1
CL-04121,2436,2,34,enterprise,248.99,8354.34,tarjeta,0,avanzado,1,365,5,1,1,1,Chiclayo,activo,no,si,0
CL-04122,489,2,34,enterprise,281.92,8745.02,transferencia,1,avanzado,1,365,11,1,1,1,Arequipa,activo,no,no,1
CL-04123,1012,1,4,enterprise,427.88,1425.39,transferencia,1,avanzado,0,365,28,0,0,0,Lima,activo,no,si,0
CL-04124,85,34,34,mensual,264.27,7370.92,tarjeta,0,avanzado,1,30,10,0,1,33,Trujillo,activo,no,no,1
CL-04125,935,1,4,enterprise,336.66,1403.53,factura,1,premium,1,365,41,1,0,0,Lima,inactivo,si,no,0
CL-04126,2451,61,61,mensual,112.9,6067.62,factura,0,avanzado,1,30,19,0,0,60,Piura,activo,no,si,1
CL-04127,1532,72,72,mensual,129.5,8444.26,transferencia,1,basico,1,30,13,0,1,71,Chiclayo,activo,si,si,1
CL-04128,1737,44,44,mensual,76.94,3146.52,transferencia,1,avanzado,0,30,29,0,0,43,Lima,activo,no,no,1
CL-04129,1527,1,16,enterprise,406.65,5076.22,tarjeta,1,avanzado,0,365,8,1,1,0,Piura,activo,no,no,0
CL-04130,1938,1,1,enterprise,417.29,323.14,factura,0,basico,1,365,38,1,0,0,Cusco,activo,si,no,0
CL-04131,406,1,1,anual,142.44,115.3,tarjeta,0,avanzado,1,365,25,0,0,0,Lima,activo,si,no,0
CL-04132,127,5,70,anual,263.78,14210.33,transferencia,1,basico,1,365,42,1,0,4,Piura,inactivo,si,no,1
CL-04133,1622,7,7,mensual,136.02,970.75,transferencia,0,avanzado,0,30,39,0,0,6,Lima,activo,si,no,0
CL-04134,1647,23,23,mensual,61.69,1127.16,tarjeta,1,basico,1,30,4,0,1,22,Lima,activo,no,no,1
CL-04135,1143,48,48,mensual,149.91,5885.86,tarjeta,1,basico,0,30,41,0,0,47,Cusco,activo,si,si,1
CL-04136,1328,68,68,mensual,102.95,6378.9,yape,0,premium,1,30,3,0,1,67,Lima,activo,no,no,1
CL-04137,175,27,27,mensual,198.1,5449.58,tarjeta,0,basico,1,30,36,0,0,26,Chiclayo,activo,no,no,1
CL-04138,2299,1,22,enterprise,392.83,6608.82,tarjeta,0,basico,0,365,17,0,0,0,Lima,activo,no,no,0
CL-04139,478,2,34,anual,187.96,5207.04,factura,1,basico,0,365,16,1,0,1,Trujillo,activo,no,no,1
CL-04140,1740,1,16,enterprise,229.84,3549.48,transferencia,0,avanzado,0,365,37,0,0,0,Cusco,activo,no,no,0
CL-04141,900,18,18,mensual,106.87,1742.36,yape,1,premium,0,30,13,0,1,17,Piura,activo,si,no,1
CL-04142,515,42,42,mensual,124.34,4848.13,tarjeta,1,avanzado,0,30,41,0,0,41,Lima,activo,no,no,1
CL-04143,153,36,36,mensual,119.36,3244.57,tarjeta,0,premium,1,30,2,0,0,35,Lima,inactivo,no,no,1
CL-04144,403,72,72,mensual,130.76,9509.26,tarjeta,0,basico,0,30,8,0,1,71,Piura,activo,no,no,1
CL-04145,1752,43,43,mensual,109.35,4342.92,tarjeta,1,basico,1,30,17,0,0,42,Lima,activo,no,no,1
CL-04146,567,60,60,mensual,163.89,9836.45,tarjeta,0,premium,0,30,13,0,1,59,Trujillo,inactivo,no,si,1
CL-04147,1517,6,6,mensual,87.28,544.17,factura,0,basico,1,30,40,0,0,5,Lima,activo,si,si,0
CL-04148,1519,3,45,anual,352.79,15393.7,tarjeta,0,avanzado,1,365,41,1,0,2,Trujillo,activo,si,no,1
CL-04149,401,14,14,mensual,129.06,1371.94,tarjeta,0,avanzado,0,30,19,0,0,13,Lima,activo,si,no,1
CL-04150,1111,42,42,mensual,64.19,2597.47,yape,1,premium,0,30,26,0,0,41,Cusco,activo,si,si,1
CL-04151,1240,49,49,mensual,122.39,5511.59,yape,1,avanzado,1,30,16,0,0,48,Cusco,activo,no,si,1
CL-04152,2393,33,33,mensual,169.35,4365.0,factura,1,premium,0,30,19,0,0,32,Arequipa,activo,si,no,1
CL-04153,2136,72,72,mensual,116.31,6960.13,tarjeta,0,avanzado,0,30,16,0,0,71,Lima,activo,no,no,1
CL-04154,1879,67,67,mensual,39.82,2136.09,tarjeta,0,basico,1,30,11,0,1,66,Lima,activo,no,no,1
CL-04155,837,5,61,anual,104.7,6562.03,yape,0,basico,0,365,32,1,0,4,Lima,activo,no,si,1
CL-04156,299,51,51,mensual,148.85,7504.69,yape,1,avanzado,0,30,6,0,0,50,Lima,activo,no,no,1
CL-04157,728,5,72,enterprise,94.99,6567.46,transferencia,1,basico,0,365,14,0,0,4,Lima,activo,si,no,1
CL-04158,2376,1,1,mensual,43.55,42.64,factura,0,basico,1,30,5,0,1,0,Arequipa,activo,si,si,0
CL-04159,958,66,66,mensual,124.85,7666.37,yape,0,avanzado,1,30,21,0,0,65,Chiclayo,activo,si,no,1
CL-04160,1893,8,8,mensual,110.39,888.93,transferencia,1,avanzado,0,30,31,0,0,7,Cusco,activo,no,no,1
CL-04161,280,18,18,mensual,91.71,1351.3,yape,0,avanzado,1,30,24,0,0,17,Lima,activo,no,no,1
CL-04162,70,46,46,mensual,101.88,3867.06,tarjeta,1,premium,0,30,33,0,0,45,Piura,activo,no,si,1
CL-04163,1132,5,62,enterprise,104.34,6000.23,tarjeta,1,basico,1,365,26,0,0,4,Lima,activo,no,no,1
CL-04164,2256,4,4,mensual,138.73,551.06,tarjeta,1,premium,1,30,17,0,0,3,Lima,inactivo,no,si,0
CL-04165,2070,1,19,anual,122.33,2325.98,tarjeta,0,avanzado,0,365,42,1,0,0,Lima,activo,no,si,1
CL-04166,1641,34,34,mensual,78.13,2770.32,tarjeta,1,premium,0,30,28,0,0,33,Cusco,activo,no,no,1
CL-04167,479,27,27,mensual,146.15,3861.94,yape,1,avanzado,1,30,2,0,1,26,Lima,activo,no,no,1
CL-04168,921,53,53,mensual,101.59,4414.15,yape,1,basico,1,30,8,0,1,52,Lima,suspendido,no,si,1
CL-04169,565,72,72,mensual,71.35,4208.37,tarjeta,1,avanzado,1,30,31,0,0,71,Lima,activo,no,no,1
CL-04170,140,42,42,mensual,30.47,1130.88,transferencia,0,premium,0,30,1,0,1,41,Piura,inactivo,si,no,1
CL-04171,302,1,14,enterprise,388.86,5144.86,transferencia,0,avanzado,0,365,8,1,1,0,Piura,activo,no,no,0
CL-04172,2009,1,1,anual,225.72,204.03,tarjeta,1,premium,0,365,5,1,1,0,Arequipa,inactivo,si,si,0
CL-04173,112,1,24,enterprise,210.96,3899.77,transferencia,0,basico,1,365,37,0,0,0,Chiclayo,activo,si,si,0
CL-04174,533,9,9,mensual,71.49,575.58,tarjeta,1,premium,1,30,5,0,1,8,Lima,activo,si,no,0
CL-04175,928,3,43,enterprise,332.89,14244.55,transferencia,0,premium,0,365,10,1,1,2,Trujillo,activo,no,no,1
CL-04176,1179,3,43,anual,204.17,7217.42,factura,1,premium,1,365,45,0,0,2,Chiclayo,activo,no,no,0
CL-04177,2240,1,20,anual,206.1,3876.78,transferencia,1,avanzado,1,365,6,1,1,0,Arequipa,activo,si,no,1
CL-04178,2388,5,72,enterprise,567.35,33942.25,yape,1,premium,1,365,11,1,1,4,Arequipa,inactivo,si,no,1
CL-04179,2455,1,14,anual,236.23,3031.73,yape,1,avanzado,1,365,37,1,0,0,Lima,activo,si,si,0
CL-04180,1900,2,29,enterprise,332.81,9268.26,factura,0,avanzado,1,365,7,1,1,1,Piura,activo,si,si,1
CL-04181,247,3,48,anual,283.04,11034.03,transferencia,1,premium,1,365,11,0,1,2,Lima,activo,si,si,0
CL-04182,1390,54,54,mensual,110.66,5807.51,tarjeta,0,basico,0,30,36,0,0,53,Arequipa,activo,no,no,1
CL-04183,1919,5,63,anual,158.09,9491.12,tarjeta,1,premium,1,365,1,0,1,4,Cusco,activo,si,no,1
CL-04184,944,42,42,mensual,194.47,6892.17,tarjeta,1,avanzado,1,30,17,0,0,41,Arequipa,activo,no,no,1
CL-04185,2164,4,58,enterprise,155.91,9210.0,tarjeta,0,basico,1,365,12,1,1,3,Cusco,suspendido,si,si,1
CL-04186,1650,1,16,enterprise,295.25,4649.14,transferencia,0,avanzado,1,365,10,1,1,0,Piura,activo,no,si,1
CL-04187,1547,54,54,mensual,202.1,9891.25,transferencia,1,avanzado,0,30,18,0,0,53,Piura,activo,no,si,1
CL-04188,1502,54,54,mensual,141.75,5930.75,transferencia,0,basico,1,30,10,0,1,53,Lima,activo,si,si,1
CL-04189,708,69,69,mensual,101.5,6178.39,tarjeta,0,avanzado,0,30,35,0,0,68,Lima,activo,si,no,1
CL-04190,613,1,1,mensual,28.74,24.4,yape,0,avanzado,1,30,7,0,0,0,Piura,activo,no,no,0
CL-04191,250,10,10,mensual,28.68,237.68,tarjeta,1,avanzado,1,30,18,0,0,9,Lima,activo,no,si,0
CL-04192,2004,4,52,anual,345.44,16940.29,yape,0,basico,1,365,4,1,1,3,Trujillo,activo,no,no,1
CL-04193,2087,1,1,anual,185.07,189.98,yape,0,basico,0,365,5,1,1,0,Arequipa,activo,si,si,1
CL-04194,299,3,44,enterprise,223.38,7803.67,transferencia,0,basico,0,365,31,1,0,2,Chiclayo,activo,si,si,1
CL-04195,470,58,58,mensual,137.95,7781.0,tarjeta,1,basico,1,30,21,0,0,57,Lima,activo,no,no,1
CL-04196,529,18,18,mensual,54.54,919.39,transferencia,0,avanzado,0,30,20,0,0,17,Cusco,activo,si,no,1
CL-04197,1545,21,21,mensual,101.16,2018.37,factura,0,avanzado,1,30,13,0,1,20,Lima,activo,si,no,1
CL-04198,360,1,5,enterprise,167.0,837.97,yape,0,avanzado,0,365,7,1,1,0,Lima,activo,si,si,1
CL-04199,118,19,19,mensual,35.65,584.31,tarjeta,1,avanzado,1,30,40,0,0,18,Arequipa,activo,no,si,1
CL-04200,1520,20,20,mensual,39.39,727.82,tarjeta,0,basico,0,30,36,0,0,19,Arequipa,activo,si,no,1
CL-04201,86,15,15,mensual,40.04,500.33,yape,1,premium,1,30,21,0,0,14,Lima,activo,no,no,0
CL-04202,91,1,14,enterprise,517.1,6046.81,tarjeta,1,avanzado,0,365,1,1,1,0,Lima,activo,si,no,0
CL-04203,130,25,25,mensual,50.62,1143.99,yape,1,basico,1,30,41,0,0,24,Piura,activo,no,no,1
CL-04204,2392,2,25,anual,208.64,3923.42,factura,0,avanzado,1,365,20,1,0,1,Trujillo,activo,no,no,1
CL-04205,2421,5,72,anual,227.0,13474.56,tarjeta,0,avanzado,1,365,9,1,1,4,Trujillo,activo,no,no,1
CL-04206,1561,1,22,anual,205.25,3592.03,tarjeta,1,avanzado,0,365,6,1,1,0,Lima,activo,si,no,0
CL-04207,1096,40,40,mensual,117.97,3708.79,transferencia,0,basico,1,30,45,0,0,39,Arequipa,activo,no,no,1
CL-04208,2251,18,18,mensual,117.19,1825.47,tarjeta,1,avanzado,0,30,2,0,1,17,Lima,activo,no,si,1
CL-04209,225,17,17,mensual,111.92,1486.55,transferencia,0,basico,0,30,17,0,0,16,Lima,activo,no,no,1
CL-04210,307,1,1,mensual,198.61,158.15,tarjeta,1,avanzado,0,30,25,0,0,0,Chiclayo,activo,no,no,0
CL-04211,1222,1,1,anual,378.14,359.47,transferencia,0,avanzado,1,365,14,1,1,0,Lima,activo,no,si,0
CL-04212,526,2,2,mensual,159.97,302.47,tarjeta,1,avanzado,1,30,7,0,1,1,Arequipa,activo,si,no,0
CL-04213,1195,36,36,mensual,37.45,1393.37,tarjeta,0,basico,0,30,29,0,0,35,Chiclayo,activo,si,no,1
CL-04214,1884,58,58,mensual,91.17,5425.78,transferencia,1,basico,1,30,4,0,1,57,Trujillo,activo,no,no,1
CL-04215,40,1,1,anual,145.61,147.38,tarjeta,0,avanzado,0,365,44,1,0,0,Lima,activo,no,si,1
CL-04216,2110,18,18,mensual,116.67,2010.36,factura,0,avanzado,1,30,22,0,0,17,Lima,activo,si,no,1
CL-04217,2224,1,1,anual,52.99,43.98,tarjeta,0,avanzado,1,365,34,1,0,0,Arequipa,activo,no,no,0
CL-04218,673,25,25,mensual,29.1,584.51,tarjeta,1,avanzado,1,30,38,0,0,24,Arequipa,activo,si,no,1
CL-04219,2207,4,58,enterprise,503.47,30218.2,yape,1,basico,0,365,36,0,0,3,Piura,activo,no,si,1
CL-04220,1807,1,21,anual,133.53,2910.37,transferencia,0,avanzado,1,365,22,0,0,0,Arequipa,activo,si,no,0
CL-04221,747,31,31,mensual,32.82,917.03,factura,0,avanzado,1,30,4,0,1,30,Cusco,activo,no,si,1
CL-04222,2111,68,68,mensual,53.86,3349.43,tarjeta,1,avanzado,1,30,4,0,1,67,Lima,activo,no,si,1
CL-04223,2497,43,43,mensual,154.68,4999.15,transferencia,0,avanzado,1,30,17,0,0,42,Trujillo,activo,no,no,1
CL-04224,753,13,13,mensual,69.95,722.55,tarjeta,0,avanzado,0,30,14,0,0,12,Lima,activo,si,si,1
CL-04225,1848,36,36,mensual,105.15,3459.09,yape,0,avanzado,1,30,40,0,0,35,Cusco,activo,si,no,1
CL-04226,874,1,12,enterprise,156.31,1509.09,transferencia,0,premium,1,365,21,1,0,0,Cusco,activo,no,no,1
CL-04227,1450,3,42,anual,52.96,1987.69,tarjeta,1,avanzado,0,365,45,1,0,2,Lima,activo,no,no,1
CL-04228,1021,45,45,mensual,210.61,9368.22,transferencia,1,premium,1,30,13,0,1,44,Lima,inactivo,no,no,1
CL-04229,63,1,1,anual,243.11,240.74,yape,0,premium,0,365,44,1,0,0,Piura,activo,no,no,1
CL-04230,1901,36,36,mensual,87.35,3171.32,factura,1,basico,0,30,16,0,0,35,Arequipa,activo,si,no,1
CL-04231,11,2,29,enterprise,246.51,5867.11,tarjeta,1,premium,0,365,45,1,0,1,Trujillo,activo,si,no,1
CL-04232,889,45,45,mensual,221.06,8749.69,tarjeta,0,avanzado,0,30,23,0,0,44,Chiclayo,activo,no,no,1
CL-04233,1611,4,52,anual,219.62,10712.8,transferencia,0,premium,1,365,1,1,0,3,Lima,suspendido,no,no,1
CL-04234,267,3,44,enterprise,503.54,20479.14,tarjeta,0,premium,1,365,43,1,0,2,Arequipa,activo,si,si,1
CL-04235,695,24,24,mensual,98.54,2482.55,yape,0,avanzado,0,30,10,0,0,23,Lima,activo,no,si,1
CL-04236,1400,55,55,mensual,109.66,5023.38,yape,0,basico,0,30,37,0,0,54,Lima,activo,no,si,1
CL-04237,770,10,10,mensual,161.14,1243.04,tarjeta,0,avanzado,0,30,37,0,0,9,Trujillo,activo,no,no,0
CL-04238,136,1,1,enterprise,213.68,185.12,transferencia,0,basico,1,365,10,1,1,0,Lima,activo,no,si,1
CL-04239,1437,1,1,mensual,119.63,108.31,tarjeta,1,avanzado,0,30,26,0,0,0,Lima,activo,si,no,0
CL-04240,1395,2,30,anual,163.22,4241.3,yape,0,avanzado,1,365,36,1,0,1,Lima,activo,no,no,1
CL-04241,17,1,12,enterprise,283.4,2876.43,transferencia,1,avanzado,0,365,43,1,0,0,Arequipa,activo,no,si,0
CL-04242,747,3,42,enterprise,117.33,4076.22,factura,1,basico,1,365,18,1,0,2,Chiclayo,activo,no,no,1
CL-04243,1368,1,1,mensual,167.44,147.05,tarjeta,1,avanzado,1,30,19,0,0,0,Trujillo,activo,no,no,0
CL-04244,1722,16,16,mensual,121.51,1860.1,yape,0,avanzado,1,30,37,0,0,15,Trujillo,activo,no,si,1
CL-04245,616,3,43,anual,158.2,5405.75,transferencia,0,avanzado,1,365,23,1,0,2,Lima,activo,no,no,1
CL-04246,459,7,7,mensual,170.02,1201.64,transferencia,0,premium,1,30,28,0,0,6,Lima,activo,si,no,0
CL-04247,737,3,42,enterprise,210.88,8346.24,transferencia,0,avanzado,0,365,6,0,1,2,Cusco,activo,no,no,1
CL-04248,1869,18,18,mensual,64.57,909.13,transferencia,0,avanzado,1,30,31,0,0,17,Lima,activo,si,no,1
CL-04249,691,31,31,mensual,167.81,3938.29,tarjeta,0,basico,0,30,16,0,0,30,Cusco,activo,si,no,1
CL-04250,2321,3,46,enterprise,312.52,11003.43,yape,1,basico,1,365,17,0,0,2,Lima,activo,no,no,1
CL-04251,150,55,55,mensual,104.09,4448.92,yape,1,avanzado,1,30,41,0,0,54,Arequipa,activo,no,no,1
CL-04252,1858,34,34,mensual,100.08,3208.97,yape,0,basico,1,30,33,0,0,33,Arequipa,activo,si,no,1
CL-04253,2398,12,12,mensual,86.41,1070.37,factura,1,avanzado,1,30,26,0,0,11,Lima,activo,si,no,1
CL-04254,752,21,21,mensual,89.85,1490.59,tarjeta,0,basico,0,30,26,0,0,20,Trujillo,activo,no,no,1
CL-04255,728,3,48,enterprise,483.69,19393.25,tarjeta,1,basico,0,365,39,0,0,2,Lima,activo,si,no,0
CL-04256,1360,7,7,mensual,159.32,1126.12,tarjeta,1,avanzado,0,30,28,0,0,6,Lima,activo,si,no,0
CL-04257,1658,27,27,mensual,118.68,2889.38,tarjeta,0,avanzado,0,30,10,0,0,26,Lima,activo,no,no,1
CL-04258,2097,22,22,mensual,71.35,1378.42,tarjeta,0,avanzado,1,30,25,0,0,21,Piura,activo,si,no,1
CL-04259,2249,2,29,enterprise,357.64,9251.11,tarjeta,1,avanzado,0,365,29,0,0,1,Lima,activo,si,no,1
CL-04260,1970,7,7,mensual,72.44,395.69,factura,0,premium,0,30,3,0,1,6,Chiclayo,activo,no,no,1
CL-04261,924,1,1,enterprise,192.08,156.71,tarjeta,0,basico,0,365,6,1,1,0,Lima,activo,no,no,0
CL-04262,139,3,45,enterprise,337.66,15781.29,factura,0,premium,0,365,22,1,0,2,Lima,activo,si,si,1
CL-04263,1251,56,56,mensual,127.64,6740.61,transferencia,1,avanzado,0,30,26,0,0,55,Piura,activo,no,no,1
CL-04264,154,1,1,enterprise,74.43,62.21,transferencia,0,avanzado,1,365,3,1,1,0,Lima,activo,si,no,1
CL-04265,1914,3,41,anual,191.42,8115.79,transferencia,0,avanzado,0,365,21,1,0,2,Lima,activo,no,no,1
CL-04266,277,58,58,mensual,109.02,5496.4,transferencia,0,avanzado,1,30,8,0,1,57,Cusco,activo,no,si,1
CL-04267,240,47,47,mensual,87.3,3250.72,transferencia,0,avanzado,0,30,31,0,0,46,Lima,activo,no,no,1
CL-04268,1147,1,22,enterprise,307.76,7038.81,yape,0,avanzado,0,365,22,0,0,0,Trujillo,activo,no,no,0
CL-04269,1489,1,9,enterprise,64.46,551.01,factura,0,basico,0,365,5,1,1,0,Lima,activo,si,si,0
CL-04270,451,2,34,anual,58.51,1941.29,yape,1,basico,0,365,19,1,0,1,Piura,activo,si,no,1
CL-04271,1455,3,38,enterprise,190.89,5489.35,transferencia,0,avanzado,1,365,42,1,0,2,Arequipa,activo,si,no,1
CL-04272,1752,34,34,mensual,113.99,3235.96,yape,1,avanzado,1,30,3,0,1,33,Lima,activo,no,no,1
CL-04273,372,2,27,enterprise,91.93,2565.58,transferencia,0,premium,0,365,19,1,0,1,Lima,activo,no,si,1
CL-04274,2244,1,5,enterprise,207.35,825.93,transferencia,0,avanzado,1,365,7,1,1,0,Lima,activo,si,si,1
CL-04275,465,42,42,mensual,32.62,1386.54,factura,0,avanzado,1,30,41,0,0,41,Lima,activo,no,no,1
CL-04276,56,43,43,mensual,117.43,4954.26,transferencia,1,avanzado,1,30,21,0,0,42,Chiclayo,activo,si,si,1
CL-04277,2304,37,37,mensual,249.61,7975.43,transferencia,0,avanzado,0,30,29,0,0,36,Lima,activo,si,no,1
CL-04278,1859,2,35,enterprise,301.8,10732.19,yape,0,premium,0,365,44,1,0,1,Lima,activo,si,si,0
CL-04279,1868,72,72,mensual,120.98,8944.11,transferencia,1,premium,0,30,3,0,1,71,Arequipa,activo,si,si,1
CL-04280,94,1,17,anual,244.52,4198.66,tarjeta,0,basico,0,365,22,1,0,0,Lima,activo,no,no,0
CL-04281,1208,63,63,mensual,126.9,6973.33,transferencia,1,premium,1,30,4,0,1,62,Lima,activo,si,no,1
CL-04282,195,14,14,mensual,94.02,1219.06,factura,0,premium,0,30,35,0,0,13,Lima,activo,no,si,1
CL-04283,1954,4,59,anual,251.04,12468.78,transferencia,0,basico,0,365,27,1,0,3,Lima,activo,no,si,1
CL-04284,1083,62,62,mensual,145.87,7135.54,factura,1,avanzado,1,30,20,0,0,61,Piura,activo,no,si,1
CL-04285,2194,2,25,enterprise,283.38,7230.68,yape,0,avanzado,1,365,14,1,0,1,Lima,activo,si,si,1
CL-04286,2498,72,72,mensual,130.36,9802.16,transferencia,0,avanzado,1,30,9,0,0,71,Lima,activo,si,no,1
CL-04287,770,3,43,enterprise,215.76,7121.32,tarjeta,1,premium,0,365,42,1,0,2,Cusco,activo,no,no,1
CL-04288,742,10,10,mensual,187.11,1789.37,transferencia,1,premium,0,30,1,0,1,9,Arequipa,activo,no,si,0
CL-04289,2446,1,23,enterprise,198.1,4714.74,factura,0,basico,0,365,6,1,1,0,Lima,activo,si,no,1
CL-04290,1280,4,60,anual,265.07,14828.68,transferencia,1,basico,1,365,17,0,0,3,Arequipa,activo,no,no,1
CL-04291,1786,55,55,mensual,61.84,2598.95,tarjeta,0,basico,0,30,18,0,0,54,Arequipa,activo,no,no,1
CL-04292,2443,6,6,mensual,154.05,697.36,tarjeta,0,premium,1,30,42,0,0,5,Lima,activo,no,no,0
CL-04293,1032,28,28,mensual,155.67,3928.25,transferencia,0,basico,1,30,15,0,0,27,Piura,activo,no,no,1
CL-04294,1574,3,37,anual,98.78,3771.76,transferencia,1,avanzado,1,365,15,1,0,2,Piura,suspendido,no,no,1
CL-04295,1940,1,19,enterprise,406.57,6439.88,transferencia,0,avanzado,1,365,11,1,1,0,Lima,activo,no,si,0
CL-04296,910,72,72,mensual,69.35,4269.67,transferencia,1,basico,1,30,17,0,0,71,Lima,activo,no,no,1
CL-04297,1661,38,38,mensual,138.15,5190.89,transferencia,0,basico,1,30,13,0,0,37,Arequipa,activo,si,no,1
CL-04298,819,2,30,anual,119.58,3553.31,tarjeta,0,premium,0,365,32,1,0,1,Lima,inactivo,no,no,1
CL-04299,1943,61,61,mensual,110.1,6938.35,transferencia,1,avanzado,0,30,36,0,0,60,Lima,activo,si,si,1
CL-04300,705,1,23,anual,298.32,6872.35,transferencia,0,avanzado,1,365,34,0,0,0,Lima,activo,no,si,0
CL-04301,1214,57,57,mensual,117.84,6234.45,transferencia,0,avanzado,0,30,37,0,0,56,Lima,activo,no,no,1
CL-04302,206,1,1,anual,69.77,71.98,transferencia,0,basico,1,365,28,1,0,0,Lima,activo,si,no,1
CL-04303,2159,1,21,enterprise,115.54,2266.99,yape,0,avanzado,0,365,31,1,0,0,Arequipa,suspendido,si,no,1
CL-04304,260,58,58,mensual,135.81,7329.32,yape,0,basico,0,30,16,0,0,57,Trujillo,activo,no,si,1
CL-04305,89,70,70,mensual,115.29,6090.26,transferencia,0,basico,0,30,45,0,0,69,Trujillo,activo,no,no,1
CL-04306,1826,13,13,mensual,69.64,802.69,yape,0,basico,1,30,43,0,0,12,Cusco,activo,no,si,1
CL-04307,453,1,10,anual,369.1,2815.81,factura,1,avanzado,1,365,3,1,1,0,Lima,activo,si,si,1
CL-04308,1390,46,46,mensual,125.96,5907.9,yape,0,basico,1,30,16,0,0,45,Lima,activo,no,si,1
CL-04309,2483,1,17,enterprise,191.79,2455.56,yape,1,basico,1,365,32,1,0,0,Lima,activo,no,si,1
CL-04310,323,2,25,anual,149.33,3143.77,yape,0,premium,1,365,14,1,0,1,Arequipa,activo,si,si,1
CL-04311,556,53,53,mensual,82.52,4585.77,transferencia,0,avanzado,0,30,24,0,0,52,Lima,activo,si,si,1
CL-04312,1007,1,19,enterprise,237.46,4459.94,factura,0,premium,1,365,38,1,0,0,Lima,suspendido,si,no,1
CL-04313,2010,1,1,mensual,207.82,203.1,tarjeta,0,avanzado,0,30,40,0,0,0,Lima,activo,no,si,0
CL-04314,585,1,1,enterprise,506.94,488.62,tarjeta,0,basico,1,365,43,0,0,0,Arequipa,activo,no,no,0
CL-04315,2431,32,32,mensual,116.84,2861.63,tarjeta,0,avanzado,1,30,30,0,0,31,Arequipa,activo,no,no,1
CL-04316,1049,1,1,anual,260.08,217.55,transferencia,1,premium,1,365,44,0,0,0,Trujillo,activo,si,si,0
CL-04317,1778,2,25,enterprise,484.87,11994.91,yape,0,basico,1,365,30,0,0,1,Trujillo,activo,si,no,0
CL-04318,1559,1,1,enterprise,307.28,313.02,tarjeta,1,basico,1,365,24,1,0,0,Lima,activo,si,no,1
CL-04319,1174,5,72,enterprise,417.57,25706.11,factura,1,basico,0,365,10,1,1,4,Cusco,activo,si,si,1
CL-04320,309,72,72,mensual,178.95,10666.03,yape,0,premium,0,30,40,0,0,71,Lima,activo,si,si,1
CL-04321,1048,1,6,enterprise,372.49,1834.37,factura,0,basico,1,365,12,0,1,0,Trujillo,activo,no,si,1
CL-04322,1798,3,38,anual,124.6,4329.59,transferencia,1,premium,1,365,9,1,0,2,Trujillo,inactivo,no,no,1
CL-04323,439,1,8,anual,98.16,657.63,transferencia,0,avanzado,0,365,35,1,0,0,Lima,activo,si,si,1
CL-04324,98,24,24,mensual,116.96,2123.25,factura,1,avanzado,0,30,41,0,0,23,Lima,activo,si,no,1
CL-04325,1318,72,72,mensual,81.59,5094.5,factura,0,avanzado,1,30,44,0,0,71,Lima,activo,no,si,1
CL-04326,27,1,20,anual,51.13,936.82,yape,1,avanzado,0,365,35,1,0,0,Trujillo,activo,si,no,1
CL-04327,803,25,25,mensual,126.73,2979.02,tarjeta,0,basico,0,30,44,0,0,24,Lima,inactivo,si,si,1
CL-04328,2117,1,9,anual,202.0,1550.55,tarjeta,0,avanzado,1,365,18,0,0,0,Chiclayo,activo,si,no,0
CL-04329,552,4,60,enterprise,132.68,6720.25,tarjeta,1,avanzado,0,365,5,0,1,3,Trujillo,activo,no,no,1
CL-04330,1781,1,1,enterprise,203.48,169.94,tarjeta,1,avanzado,1,365,12,1,1,0,Lima,activo,no,no,1
CL-04331,249,21,21,mensual,96.72,1903.15,transferencia,0,avanzado,1,30,8,0,1,20,Lima,activo,si,no,1
CL-04332,210,2,31,enterprise,273.94,7091.68,transferencia,1,avanzado,0,365,35,1,0,1,Lima,activo,no,si,1
CL-04333,929,16,16,mensual,55.53,910.74,yape,1,avanzado,0,30,20,0,0,15,Trujillo,activo,no,no,1
CL-04334,153,53,53,mensual,37.44,1655.93,factura,0,premium,0,30,20,0,0,52,Piura,activo,no,no,1
CL-04335,1754,5,61,enterprise,422.37,25436.87,transferencia,0,basico,1,365,42,1,0,4,Cusco,activo,no,si,1
CL-04336,2070,1,1,mensual,30.45,25.76,factura,1,premium,0,30,45,0,0,0,Lima,activo,no,no,0
CL-04337,336,72,72,mensual,108.58,7351.99,factura,1,avanzado,1,30,7,0,0,71,Lima,activo,no,no,1
CL-04338,225,1,1,mensual,82.86,79.52,yape,0,avanzado,1,30,39,0,0,0,Piura,inactivo,no,no,0
CL-04339,1425,64,64,mensual,97.25,4993.59,yape,0,avanzado,0,30,29,0,0,63,Lima,activo,si,no,1
CL-04340,1860,2,36,enterprise,333.44,10371.2,factura,0,avanzado,0,365,36,1,0,1,Trujillo,activo,si,no,0
CL-04341,382,20,20,mensual,198.55,3130.24,transferencia,1,basico,0,30,43,0,0,19,Lima,activo,si,no,1
CL-04342,1560,22,22,mensual,26.11,518.81,transferencia,1,avanzado,1,30,16,0,0,21,Lima,activo,no,no,1
CL-04343,744,2,31,anual,209.77,6651.31,transferencia,0,avanzado,1,365,37,0,0,1,Lima,activo,no,si,1
CL-04344,2102,37,37,mensual,29.94,1028.98,transferencia,1,basico,1,30,33,0,0,36,Lima,activo,no,no,1
CL-04345,1666,1,9,anual,359.69,3109.33,factura,0,basico,0,365,30,1,0,0,Lima,inactivo,si,si,0
CL-04346,1133,2,26,enterprise,74.82,1624.18,tarjeta,0,premium,1,365,35,1,0,1,Arequipa,activo,no,si,1
CL-04347,1304,1,13,enterprise,655.04,7582.8,transferencia,0,premium,1,365,35,0,0,0,Lima,activo,no,no,0
CL-04348,1445,1,2,enterprise,275.33,535.37,factura,1,avanzado,1,365,19,1,0,0,Arequipa,activo,no,no,1
CL-04349,886,12,12,mensual,165.65,1569.15,yape,0,basico,1,30,42,0,0,11,Lima,activo,si,no,1
CL-04350,344,1,4,enterprise,372.6,1172.22,tarjeta,1,avanzado,0,365,5,1,0,0,Cusco,activo,si,si,0
CL-04351,1738,22,22,mensual,92.23,1658.41,yape,1,premium,0,30,9,0,1,21,Lima,activo,no,si,1
CL-04352,2211,42,42,mensual,93.77,3233.53,tarjeta,1,avanzado,1,30,34,0,0,41,Piura,activo,si,no,1
CL-04353,1387,2,35,anual,92.18,3351.22,transferencia,0,premium,1,365,21,1,0,1,Lima,activo,no,no,1
CL-04354,902,72,72,mensual,194.31,11158.43,factura,0,avanzado,0,30,14,0,1,71,Lima,activo,no,no,1
CL-04355,2231,1,1,enterprise,242.97,189.89,transferencia,0,avanzado,1,365,23,0,0,0,Trujillo,activo,no,no,0
CL-04356,567,3,43,anual,94.46,3214.11,factura,0,basico,1,365,6,1,1,2,Trujillo,suspendido,no,no,1
CL-04357,1047,2,32,enterprise,391.36,10154.99,tarjeta,1,basico,0,365,1,1,1,1,Arequipa,activo,si,no,1
CL-04358,75,52,52,mensual,81.65,3654.0,transferencia,0,premium,0,30,2,0,0,51,Lima,activo,no,no,1
CL-04359,1607,49,49,mensual,117.44,4656.28,yape,0,basico,0,30,41,0,0,48,Arequipa,activo,no,no,1
CL-04360,1133,2,28,anual,187.19,4069.05,tarjeta,0,basico,1,365,15,1,0,1,Lima,activo,no,no,0
CL-04361,2011,36,36,mensual,70.51,2007.81,factura,1,premium,1,30,41,0,0,35,Lima,activo,no,si,1
CL-04362,4,14,14,mensual,76.05,1050.75,tarjeta,0,avanzado,1,30,23,0,0,13,Cusco,activo,si,no,1
CL-04363,1658,3,47,anual,353.18,15039.49,factura,0,basico,0,365,14,0,0,2,Trujillo,activo,no,si,1
CL-04364,1544,1,1,enterprise,245.28,238.84,tarjeta,0,avanzado,0,365,2,1,1,0,Lima,inactivo,no,si,0
CL-04365,1225,4,51,anual,138.66,5678.61,factura,0,basico,0,365,5,0,1,3,Cusco,activo,no,no,1
CL-04366,1846,31,31,mensual,98.75,2576.2,factura,1,basico,0,30,26,0,0,30,Cusco,activo,si,si,1
CL-04367,167,20,20,mensual,127.09,2655.4,factura,0,basico,1,30,28,0,0,19,Arequipa,activo,no,no,1
CL-04368,280,2,26,anual,100.56,2028.12,yape,1,avanzado,1,365,41,1,0,1,Chiclayo,activo,si,no,1
CL-04369,2169,28,28,mensual,134.1,3310.24,transferencia,1,basico,1,30,9,0,1,27,Lima,activo,si,no,1
CL-04370,1165,64,64,mensual,115.59,6204.73,transferencia,0,premium,1,30,27,0,0,63,Lima,activo,si,no,1
CL-04371,172,72,72,mensual,35.92,1945.37,transferencia,0,basico,0,30,4,0,1,71,Lima,activo,si,no,1
CL-04372,1151,62,62,mensual,226.62,12866.49,tarjeta,0,basico,0,30,24,0,0,61,Lima,activo,no,no,1
CL-04373,1179,18,18,mensual,214.42,3531.5,tarjeta,0,basico,1,30,8,0,0,17,Cusco,activo,no,no,0
CL-04374,341,47,47,mensual,83.69,3328.23,transferencia,1,avanzado,1,30,11,0,1,46,Trujillo,inactivo,si,no,1
CL-04375,549,3,48,anual,92.66,3965.9,transferencia,0,premium,0,365,19,1,0,2,Lima,activo,si,si,1
CL-04376,1274,9,9,mensual,100.39,783.87,yape,1,basico,1,30,20,0,0,8,Trujillo,activo,si,no,1
CL-04377,1878,1,1,anual,51.76,46.03,yape,1,avanzado,1,365,6,1,1,0,Lima,activo,si,si,0
CL-04378,1646,30,30,mensual,207.97,6266.64,transferencia,0,basico,1,30,28,0,0,29,Lima,activo,si,no,1
CL-04379,1681,4,52,enterprise,187.4,9395.86,yape,1,basico,0,365,19,1,0,3,Chiclayo,activo,no,no,1
CL-04380,1758,1,1,mensual,189.07,157.7,factura,0,basico,0,30,39,0,0,0,Lima,activo,no,si,0
CL-04381,543,14,14,mensual,80.91,930.96,tarjeta,0,basico,1,30,28,0,0,13,Trujillo,activo,si,no,1
CL-04382,321,46,46,mensual,121.75,5418.85,transferencia,1,premium,0,30,40,0,0,45,Lima,activo,no,no,1
CL-04383,1805,33,33,mensual,224.56,6056.99,tarjeta,0,avanzado,0,30,1,0,1,32,Lima,activo,no,no,1
CL-04384,1821,67,67,mensual,97.78,6697.19,tarjeta,1,premium,1,30,21,0,0,66,Lima,activo,si,si,1
CL-04385,859,1,1,enterprise,353.53,353.48,transferencia,1,premium,0,365,38,1,0,0,Piura,activo,si,no,0
CL-04386,1657,5,72,enterprise,432.1,25690.25,transferencia,0,avanzado,0,365,9,1,1,4,Lima,activo,si,no,1
CL-04387,684,1,1,mensual,98.7,97.76,yape,1,basico,0,30,10,0,1,0,Lima,activo,no,si,0
CL-04388,379,1,1,mensual,52.68,42.53,yape,1,basico,0,30,32,0,0,0,Lima,activo,si,no,0
CL-04389,303,2,30,anual,58.02,1318.43,yape,1,basico,1,365,1,0,0,1,Arequipa,activo,no,no,0
CL-04390,495,1,4,anual,273.72,1136.85,transferencia,1,basico,1,365,43,1,0,0,Lima,activo,si,no,0
CL-04391,820,31,31,mensual,149.27,4527.44,tarjeta,1,basico,0,30,43,0,0,30,Lima,activo,no,no,1
CL-04392,807,2,30,enterprise,399.6,10749.72,tarjeta,1,basico,0,365,44,1,0,1,Lima,activo,no,no,0
CL-04393,2423,27,27,mensual,99.31,2689.31,tarjeta,0,avanzado,0,30,36,0,0,26,Arequipa,activo,no,si,1
CL-04394,1836,1,11,anual,54.85,466.24,tarjeta,0,avanzado,0,365,45,1,0,0,Lima,activo,si,no,1
CL-04395,425,42,42,mensual,27.81,1135.2,transferencia,0,avanzado,0,30,44,0,0,41,Chiclayo,activo,no,no,1
CL-04396,820,24,24,mensual,203.6,5066.7,transferencia,1,avanzado,0,30,12,0,1,23,Lima,activo,no,no,1
CL-04397,2274,59,59,mensual,156.17,9173.28,tarjeta,0,basico,1,30,7,0,1,58,Trujillo,activo,no,no,1
CL-04398,1891,2,27,anual,168.51,4001.54,tarjeta,0,basico,1,365,38,1,0,1,Arequipa,activo,no,no,0
CL-04399,2392,8,8,mensual,120.8,825.2,tarjeta,0,avanzado,0,30,21,0,0,7,Lima,activo,si,no,0
CL-04400,1675,1,1,enterprise,80.18,81.6,tarjeta,0,premium,0,365,3,1,0,0,Trujillo,activo,si,no,1
CL-04401,1338,2,28,enterprise,205.07,4808.62,tarjeta,1,avanzado,1,365,21,1,0,1,Lima,activo,si,si,1
CL-04402,1827,1,1,anual,409.36,422.15,tarjeta,0,premium,1,365,1,1,0,0,Chiclayo,activo,si,no,0
CL-04403,1560,1,1,mensual,137.43,116.26,transferencia,1,basico,0,30,26,0,0,0,Piura,inactivo,si,no,0
CL-04404,186,45,45,mensual,77.69,2753.15,yape,1,premium,1,30,31,0,0,44,Cusco,activo,no,no,1
CL-04405,1017,1,1,mensual,59.22,48.61,transferencia,1,avanzado,0,30,3,0,1,0,Chiclayo,activo,si,no,0
CL-04406,1107,5,67,anual,163.04,9895.16,tarjeta,1,premium,1,365,6,1,0,4,Chiclayo,inactivo,si,si,1
CL-04407,1380,2,36,enterprise,267.69,7606.66,transferencia,1,basico,1,365,41,1,0,1,Lima,activo,no,no,1
CL-04408,427,31,31,mensual,248.34,6651.44,transferencia,0,premium,1,30,18,0,0,30,Piura,activo,si,no,1
CL-04409,1960,1,6,enterprise,262.67,1610.31,yape,1,avanzado,0,365,3,1,1,0,Cusco,activo,si,si,1
CL-04410,196,51,51,mensual,48.59,1928.37,tarjeta,1,avanzado,0,30,1,0,0,50,Lima,activo,no,si,1
CL-04411,2337,32,32,mensual,93.9,2807.57,factura,0,avanzado,0,30,18,0,0,31,Arequipa,activo,no,no,1
CL-04412,735,15,15,mensual,127.44,1665.25,tarjeta,0,avanzado,1,30,4,0,0,14,Arequipa,activo,no,no,0
CL-04413,1329,3,37,anual,81.44,2845.25,factura,1,premium,0,365,7,1,1,2,Arequipa,activo,no,si,1
CL-04414,1604,1,1,mensual,137.18,123.03,transferencia,0,premium,0,30,10,0,0,0,Lima,activo,si,no,0
CL-04415,973,1,1,mensual,178.5,180.82,tarjeta,1,avanzado,0,30,32,0,0,0,Trujillo,activo,no,no,0
CL-04416,1812,1,4,enterprise,341.25,1188.57,tarjeta,1,basico,0,365,25,1,0,0,Piura,activo,si,si,1
CL-04417,121,40,40,mensual,67.21,2426.36,tarjeta,0,avanzado,1,30,35,0,0,39,Chiclayo,activo,no,si,1
CL-04418,2265,32,32,mensual,104.99,2650.93,transferencia,0,basico,1,30,15,0,0,31,Trujillo,activo,si,no,1
CL-04419,936,58,58,mensual,29.97,1559.38,factura,0,avanzado,0,30,4,0,1,57,Chiclayo,activo,no,si,1
CL-04420,1799,9,9,mensual,120.56,851.13,factura,0,basico,0,30,26,0,0,8,Chiclayo,activo,no,no,1
CL-04421,8,46,46,mensual,106.26,4521.06,factura,0,avanzado,1,30,44,0,0,45,Trujillo,activo,si,si,1
CL-04422,212,29,29,mensual,56.77,1445.84,tarjeta,0,avanzado,1,30,30,0,0,28,Lima,activo,si,si,1
CL-04423,849,1,9,anual,406.84,3606.68,transferencia,0,basico,0,365,11,1,1,0,Arequipa,activo,no,no,0
CL-04424,1768,41,41,mensual,187.94,6746.53,yape,0,basico,0,30,1,0,1,40,Piura,activo,no,no,1
CL-04425,2232,2,30,anual,62.71,1766.88,tarjeta,0,basico,0,365,4,1,1,1,Lima,activo,no,si,1
CL-04426,212,16,16,mensual,36.16,444.16,tarjeta,1,premium,0,30,39,0,0,15,Cusco,activo,no,no,1
CL-04427,2385,33,33,mensual,53.92,1713.53,tarjeta,1,avanzado,1,30,14,0,1,32,Chiclayo,activo,no,no,1
CL-04428,2074,29,29,mensual,211.9,6373.88,transferencia,1,avanzado,1,30,3,0,1,28,Trujillo,inactivo,no,no,1
CL-04429,2181,28,28,mensual,171.19,4238.89,yape,1,basico,1,30,16,0,0,27,Chiclayo,activo,si,no,1
CL-04430,94,22,22,mensual,215.6,3571.41,tarjeta,0,avanzado,1,30,40,0,0,21,Cusco,activo,no,no,1
CL-04431,507,1,1,mensual,106.0,98.7,tarjeta,1,basico,0,30,20,0,0,0,Chiclayo,activo,no,no,0
CL-04432,1376,2,34,enterprise,226.29,6105.49,tarjeta,1,avanzado,1,365,44,1,0,1,Chiclayo,activo,no,si,1
CL-04433,1146,1,12,enterprise,108.81,1162.6,transferencia,0,avanzado,1,365,23,0,0,0,Trujillo,inactivo,si,no,0
CL-04434,2049,7,7,mensual,139.69,742.89,transferencia,0,basico,1,30,41,0,0,6,Trujillo,inactivo,si,si,1
CL-04435,2477,2,26,anual,185.72,4263.0,transferencia,0,avanzado,0,365,10,1,1,1,Piura,activo,si,si,0
CL-04436,909,4,50,anual,160.22,8109.9,transferencia,0,premium,1,365,25,1,0,3,Cusco,activo,si,no,1
CL-04437,1630,2,36,enterprise,430.46,12251.83,tarjeta,0,avanzado,1,365,22,1,0,1,Arequipa,activo,no,no,1
CL-04438,1041,19,19,mensual,108.53,1854.83,yape,1,basico,1,30,35,0,0,18,Trujillo,activo,no,si,1
CL-04439,2396,18,18,mensual,182.28,2710.67,tarjeta,1,basico,0,30,7,0,1,17,Lima,activo,si,no,1
CL-04440,1646,47,47,mensual,27.49,1070.2,yape,0,avanzado,0,30,8,0,1,46,Chiclayo,activo,si,no,1
CL-04441,1216,1,1,mensual,250.16,235.9,yape,0,basico,1,30,11,0,0,0,Lima,activo,si,no,0
CL-04442,805,51,51,mensual,102.33,5085.66,tarjeta,0,premium,0,30,43,0,0,50,Lima,activo,no,no,1
CL-04443,142,1,1,enterprise,350.3,354.5,yape,0,avanzado,0,365,41,0,0,0,Lima,activo,no,si,0
CL-04444,2366,1,1,enterprise,321.11,267.64,tarjeta,1,basico,0,365,2,0,1,0,Arequipa,activo,no,no,0
CL-04445,1520,19,19,mensual,89.73,1314.85,transferencia,0,basico,1,30,19,0,0,18,Chiclayo,activo,no,si,1
CL-04446,495,72,72,mensual,180.25,11455.48,yape,0,basico,0,30,25,0,0,71,Trujillo,activo,no,no,1
CL-04447,799,72,72,mensual,147.73,9842.83,tarjeta,1,basico,0,30,41,0,0,71,Lima,activo,no,no,1
CL-04448,94,49,49,mensual,83.79,3990.23,yape,0,premium,1,30,21,0,0,48,Lima,activo,no,no,1
CL-04449,1457,3,41,anual,150.6,6031.48,tarjeta,1,avanzado,0,365,35,1,0,2,Lima,activo,no,si,1
CL-04450,2350,1,1,mensual,96.41,97.29,tarjeta,0,avanzado,0,30,36,0,0,0,Piura,activo,no,si,0
CL-04451,1587,2,36,enterprise,244.58,6685.98,tarjeta,0,basico,0,365,24,1,0,1,Lima,activo,no,si,0
CL-04452,1154,1,18,enterprise,552.32,10382.17,tarjeta,0,basico,1,365,34,1,0,0,Chiclayo,activo,si,si,0
CL-04453,962,1,12,anual,227.06,2833.83,tarjeta,1,avanzado,0,365,4,1,1,0,Lima,inactivo,no,no,0
CL-04454,2023,2,36,anual,157.38,4309.68,tarjeta,1,premium,1,365,15,1,0,1,Arequipa,activo,no,no,1
CL-04455,2022,20,20,mensual,120.43,2032.83,yape,0,avanzado,1,30,39,0,0,19,Chiclayo,activo,no,si,1
CL-04456,1679,53,53,mensual,31.28,1624.12,factura,0,basico,1,30,8,0,1,52,Arequipa,activo,si,no,1
CL-04457,783,1,1,mensual,87.43,78.12,factura,1,premium,1,30,23,0,0,0,Arequipa,activo,no,no,0
CL-04458,1956,2,34,anual,187.3,4785.02,factura,0,basico,0,365,36,0,0,1,Lima,activo,no,si,0
CL-04459,616,10,10,mensual,201.84,1728.59,transferencia,1,avanzado,1,30,24,0,0,9,Cusco,activo,no,si,0
CL-04460,883,1,22,enterprise,305.73,6212.74,yape,0,premium,1,365,44,1,0,0,Chiclayo,activo,no,no,1
CL-04461,780,39,39,mensual,224.82,8889.63,tarjeta,0,avanzado,1,30,39,0,0,38,Lima,inactivo,no,no,1
CL-04462,2366,4,4,mensual,152.98,611.17,factura,0,premium,0,30,5,0,0,3,Piura,activo,no,si,0
CL-04463,2320,36,36,mensual,70.37,2619.19,tarjeta,0,premium,1,30,24,0,0,35,Lima,activo,no,no,1
CL-04464,664,2,27,enterprise,307.85,7400.78,yape,1,basico,1,365,33,1,0,1,Trujillo,activo,no,si,0
CL-04465,2499,16,16,mensual,122.77,1943.66,yape,1,avanzado,1,30,34,0,0,15,Lima,activo,no,si,1
CL-04466,1560,20,20,mensual,76.87,1199.51,factura,0,avanzado,0,30,24,0,0,19,Lima,activo,no,si,1
CL-04467,2094,28,28,mensual,178.08,4515.23,tarjeta,0,basico,0,30,19,0,0,27,Trujillo,activo,si,no,1
CL-04468,1323,1,13,anual,102.51,1365.91,tarjeta,0,premium,1,365,15,1,0,0,Arequipa,activo,si,no,1
CL-04469,859,2,32,enterprise,320.43,10270.72,transferencia,1,premium,1,365,16,1,0,1,Arequipa,activo,no,no,1
CL-04470,161,25,25,mensual,188.5,4461.24,yape,1,basico,0,30,1,0,0,24,Cusco,activo,si,no,1
CL-04471,1990,1,17,enterprise,268.69,3630.25,yape,1,basico,1,365,39,0,0,0,Arequipa,activo,no,no,0
CL-04472,2034,71,71,mensual,85.68,4894.76,tarjeta,0,basico,0,30,33,0,0,70,Lima,inactivo,no,no,1
CL-04473,1123,3,42,anual,150.36,6022.07,factura,1,basico,1,365,13,1,1,2,Cusco,activo,no,si,1
CL-04474,229,22,22,mensual,147.56,2751.81,transferencia,1,avanzado,0,30,6,0,1,21,Cusco,activo,si,si,1
CL-04475,1467,35,35,mensual,84.93,2523.2,factura,0,avanzado,1,30,24,0,0,34,Arequipa,activo,no,si,1
CL-04476,1924,1,7,anual,88.04,618.92,factura,1,basico,0,365,39,1,0,0,Trujillo,activo,no,no,0
CL-04477,1294,21,21,mensual,184.64,2931.89,factura,0,avanzado,0,30,45,0,0,20,Arequipa,activo,si,no,1
CL-04478,1123,24,24,mensual,147.98,3081.85,yape,1,basico,1,30,12,0,1,23,Trujillo,activo,si,si,1
CL-04479,2178,1,1,enterprise,426.27,350.17,yape,0,premium,0,365,20,1,0,0,Lima,activo,no,si,0
CL-04480,1720,3,41,enterprise,421.76,13109.71,transferencia,0,premium,0,365,27,1,0,2,Cusco,activo,no,no,1
CL-04481,2322,19,19,mensual,259.24,4014.19,transferencia,0,basico,0,30,27,0,0,18,Trujillo,activo,no,no,1
CL-04482,970,1,23,anual,324.38,6007.94,transferencia,0,basico,0,365,13,1,1,0,Trujillo,activo,si,si,1
CL-04483,1266,1,18,enterprise,173.24,2810.67,transferencia,0,premium,0,365,37,1,0,0,Chiclayo,activo,si,no,1
CL-04484,1662,72,72,mensual,130.34,8263.57,tarjeta,0,basico,1,30,32,0,0,71,Arequipa,activo,no,si,1
CL-04485,385,1,16,enterprise,255.03,3637.79,tarjeta,0,premium,0,365,38,1,0,0,Chiclayo,activo,si,si,0
CL-04486,1596,1,1,mensual,97.3,98.6,tarjeta,0,basico,1,30,6,0,0,0,Lima,activo,no,si,0
CL-04487,179,1,1,enterprise,90.05,80.89,yape,0,avanzado,0,365,31,1,0,0,Piura,activo,si,no,1
CL-04488,998,51,51,mensual,107.35,5155.67,transferencia,1,avanzado,0,30,16,0,0,50,Arequipa,activo,si,si,1
CL-04489,872,65,65,mensual,175.6,10777.61,tarjeta,0,avanzado,0,30,35,0,0,64,Arequipa,activo,si,no,1
CL-04490,2134,15,15,mensual,104.95,1424.79,yape,1,avanzado,0,30,23,0,0,14,Piura,activo,si,no,1
CL-04491,1698,63,63,mensual,51.47,2728.44,factura,1,premium,0,30,24,0,0,62,Chiclayo,activo,si,si,1
CL-04492,2362,4,50,enterprise,90.98,4644.29,tarjeta,0,avanzado,0,365,27,1,0,3,Lima,activo,no,no,1
CL-04493,113,2,27,enterprise,606.07,14423.99,factura,0,avanzado,1,365,10,0,1,1,Lima,activo,no,si,0
CL-04494,2368,25,25,mensual,111.58,2570.07,tarjeta,1,avanzado,0,30,27,0,0,24,Cusco,activo,si,no,1
CL-04495,51,36,36,mensual,62.56,2066.9,yape,1,avanzado,1,30,40,0,0,35,Lima,activo,si,no,1
CL-04496,2018,53,53,mensual,124.48,6586.17,factura,0,basico,0,30,4,0,1,52,Lima,activo,si,si,1
CL-04497,202,42,42,mensual,249.39,9535.73,tarjeta,0,avanzado,1,30,8,0,1,41,Lima,activo,si,no,1
CL-04498,440,15,15,mensual,159.63,2124.05,factura,0,avanzado,0,30,2,0,1,14,Lima,activo,si,no,1
CL-04499,100,2,28,enterprise,68.55,1704.46,yape,1,basico,0,365,22,1,0,1,Cusco,activo,si,no,1
CL-04500,2411,5,72,enterprise,768.99,54480.55,factura,1,avanzado,0,365,11,1,1,4,Lima,activo,si,si,1
CL-04501,379,38,38,mensual,36.57,1179.81,tarjeta,0,premium,1,30,27,0,0,37,Arequipa,activo,si,si,1
CL-04502,1440,53,53,mensual,83.47,4558.64,tarjeta,1,premium,1,30,2,0,1,52,Lima,activo,no,si,1
CL-04503,895,3,45,anual,70.52,3186.03,yape,1,avanzado,0,365,5,0,1,2,Trujillo,inactivo,si,no,1
CL-04504,538,39,39,mensual,66.64,2057.09,transferencia,1,avanzado,0,30,10,0,1,38,Chiclayo,activo,no,no,1
CL-04505,87,35,35,mensual,155.6,4602.81,yape,0,basico,1,30,30,0,0,34,Lima,activo,si,no,1
CL-04506,1486,54,54,mensual,31.59,1742.85,transferencia,0,basico,1,30,3,0,1,53,Chiclayo,activo,no,si,1
CL-04507,701,50,50,mensual,118.75,4948.97,tarjeta,0,avanzado,0,30,24,0,0,49,Piura,activo,si,no,1
CL-04508,1511,38,38,mensual,148.61,4773.55,transferencia,1,avanzado,0,30,24,0,0,37,Lima,activo,si,no,1
CL-04509,1749,1,15,anual,96.94,1185.44,yape,1,premium,0,365,15,1,0,0,Lima,inactivo,si,no,1
CL-04510,1077,41,41,mensual,44.95,1412.29,tarjeta,0,avanzado,0,30,5,0,1,40,Lima,activo,no,no,1
CL-04511,1087,2,30,anual,187.13,5016.23,transferencia,1,avanzado,0,365,33,0,0,1,Piura,activo,no,no,1
CL-04512,276,24,24,mensual,110.06,2579.25,transferencia,1,basico,0,30,19,0,0,23,Lima,inactivo,no,no,1
CL-04513,908,5,72,enterprise,175.35,11968.68,yape,0,basico,0,365,27,1,0,4,Arequipa,activo,no,no,1
CL-04514,1663,1,1,mensual,53.82,40.81,tarjeta,1,basico,1,30,35,0,0,0,Lima,activo,no,no,0
CL-04515,1881,55,55,mensual,167.73,8367.35,tarjeta,1,avanzado,0,30,1,0,1,54,Lima,activo,no,no,1
CL-04516,423,11,11,mensual,143.83,1343.37,yape,1,premium,0,30,35,0,0,10,Chiclayo,activo,no,si,1
CL-04517,826,35,35,mensual,69.19,2282.49,transferencia,0,basico,1,30,4,0,1,34,Piura,activo,si,si,1
CL-04518,654,72,72,mensual,62.58,3926.99,yape,1,avanzado,0,30,26,0,0,71,Lima,activo,no,no,1
CL-04519,1459,1,8,enterprise,345.2,2883.55,tarjeta,0,avanzado,0,365,5,1,1,0,Trujillo,activo,no,si,1
CL-04520,1974,14,14,mensual,72.29,1010.58,yape,0,basico,0,30,2,0,1,13,Trujillo,activo,no,si,1
CL-04521,2183,31,31,mensual,98.84,2941.82,tarjeta,1,basico,0,30,19,0,0,30,Lima,activo,no,si,1
CL-04522,1665,11,11,mensual,167.52,1667.11,transferencia,0,basico,0,30,25,0,0,10,Trujillo,activo,si,no,1
CL-04523,53,4,54,enterprise,231.49,11592.1,tarjeta,0,avanzado,0,365,14,0,1,3,Piura,activo,no,no,1
CL-04524,377,1,19,enterprise,114.96,1927.9,transferencia,1,premium,0,365,12,1,1,0,Cusco,activo,si,si,1
CL-04525,127,3,48,anual,172.95,8205.28,yape,0,avanzado,1,365,9,0,1,2,Arequipa,activo,no,no,1
CL-04526,1415,1,1,anual,194.54,198.91,transferencia,0,avanzado,1,365,26,1,0,0,Trujillo,activo,si,no,0
CL-04527,292,1,1,anual,144.52,151.71,tarjeta,1,avanzado,0,365,19,0,0,0,Piura,inactivo,no,si,0
CL-04528,657,2,26,anual,192.34,4649.03,factura,1,basico,1,365,41,1,0,1,Cusco,activo,no,si,1
CL-04529,628,1,1,mensual,139.92,133.56,tarjeta,0,basico,1,30,20,0,0,0,Chiclayo,activo,si,no,0
CL-04530,1804,5,69,anual,197.17,11835.55,yape,1,premium,0,365,27,0,0,4,Piura,inactivo,no,no,1
CL-04531,1472,1,1,enterprise,222.57,167.49,yape,0,avanzado,0,365,44,1,0,0,Lima,activo,no,si,0
CL-04532,875,6,6,mensual,263.56,1519.64,factura,0,premium,0,30,43,0,0,5,Trujillo,activo,si,si,0
CL-04533,962,3,42,anual,253.83,10982.93,factura,1,basico,1,365,23,1,0,2,Lima,activo,no,si,1
CL-04534,498,17,17,mensual,147.06,2519.74,tarjeta,0,basico,1,30,10,0,1,16,Piura,activo,no,no,1
CL-04535,213,1,1,mensual,110.67,112.17,factura,1,avanzado,1,30,18,0,0,0,Lima,activo,si,no,0
CL-04536,849,72,72,mensual,50.51,3166.27,tarjeta,1,avanzado,1,30,13,0,1,71,Lima,suspendido,no,si,1
CL-04537,920,1,7,anual,314.45,2122.05,transferencia,1,avanzado,0,365,22,1,0,0,Lima,activo,no,si,0
CL-04538,2196,2,27,enterprise,349.12,8875.08,tarjeta,1,basico,0,365,7,1,0,1,Chiclayo,activo,no,no,0
CL-04539,847,27,27,mensual,100.64,2478.92,transferencia,1,basico,0,30,19,0,0,26,Chiclayo,activo,no,no,1
CL-04540,120,49,49,mensual,114.57,4465.8,yape,0,avanzado,0,30,4,0,1,48,Arequipa,activo,si,no,1
CL-04541,1271,43,43,mensual,63.65,2525.2,factura,0,avanzado,1,30,44,0,0,42,Arequipa,activo,no,si,1
CL-04542,1829,12,12,mensual,145.63,1467.21,tarjeta,0,basico,0,30,1,0,1,11,Arequipa,activo,si,no,0
CL-04543,873,1,24,enterprise,339.73,7836.16,transferencia,1,avanzado,1,365,40,1,0,0,Trujillo,activo,no,no,1
CL-04544,2333,26,26,mensual,150.9,4054.66,yape,0,avanzado,0,30,42,0,0,25,Lima,activo,no,si,1
CL-04545,395,50,50,mensual,92.83,4494.35,transferencia,0,avanzado,1,30,44,0,0,49,Lima,activo,no,no,1
CL-04546,642,3,3,mensual,92.05,228.61,factura,0,basico,1,30,21,0,0,2,Trujillo,activo,si,no,0
CL-04547,2433,5,72,enterprise,99.44,6369.07,tarjeta,1,premium,0,365,35,1,0,4,Lima,activo,no,si,1
CL-04548,406,13,13,mensual,43.63,521.51,tarjeta,1,basico,1,30,43,0,0,12,Trujillo,activo,no,no,1
CL-04549,488,2,32,anual,126.85,3928.68,transferencia,0,basico,1,365,38,0,0,1,Piura,activo,si,no,0
CL-04550,2345,3,3,mensual,71.24,169.77,transferencia,1,basico,1,30,39,0,0,2,Cusco,activo,si,no,0
CL-04551,1762,1,1,mensual,116.82,106.03,factura,1,basico,0,30,23,0,0,0,Arequipa,inactivo,si,no,0
CL-04552,1018,1,10,anual,231.13,2329.89,tarjeta,0,avanzado,1,365,34,1,0,0,Lima,activo,si,no,1
CL-04553,585,8,8,mensual,114.49,694.52,tarjeta,0,basico,1,30,10,0,1,7,Lima,activo,si,no,0
CL-04554,516,1,22,anual,334.49,7125.32,tarjeta,1,basico,0,365,42,0,0,0,Lima,activo,si,si,0
CL-04555,347,8,8,mensual,80.19,650.59,yape,0,basico,1,30,22,0,0,7,Lima,activo,si,si,0
CL-04556,789,4,49,anual,133.75,6479.88,tarjeta,1,basico,1,365,12,1,1,3,Chiclayo,activo,no,no,1
CL-04557,347,1,13,enterprise,257.12,3441.34,tarjeta,0,avanzado,0,365,14,1,1,0,Piura,activo,no,si,1
CL-04558,1293,1,10,anual,289.58,2851.82,factura,1,basico,0,365,39,1,0,0,Trujillo,activo,si,si,0
CL-04559,2498,22,22,mensual,131.93,2627.91,yape,1,basico,0,30,9,0,1,21,Trujillo,inactivo,no,no,1
CL-04560,1043,4,56,anual,173.88,8696.17,factura,1,premium,1,365,31,1,0,3,Lima,activo,no,si,1
CL-04561,2136,3,37,enterprise,91.73,2577.93,tarjeta,1,avanzado,1,365,13,1,1,2,Lima,activo,si,si,1
CL-04562,1325,29,29,mensual,64.42,1411.56,tarjeta,0,basico,1,30,27,0,0,28,Lima,activo,no,si,1
CL-04563,2186,1,1,mensual,212.47,200.11,transferencia,0,avanzado,0,30,25,0,0,0,Chiclayo,activo,no,no,0
CL-04564,969,1,4,enterprise,100.08,333.31,tarjeta,0,basico,1,365,28,1,0,0,Cusco,activo,si,no,1
CL-04565,1659,1,1,mensual,154.66,130.24,factura,1,basico,0,30,11,0,1,0,Lima,activo,si,no,0
CL-04566,1326,5,64,anual,258.46,16411.09,factura,1,basico,1,365,41,1,0,4,Lima,activo,no,si,1
CL-04567,1918,3,45,anual,93.57,3298.54,transferencia,0,basico,1,365,40,0,0,2,Lima,inactivo,si,si,0
CL-04568,2257,11,11,mensual,64.71,594.47,factura,1,basico,0,30,42,0,0,10,Lima,activo,no,no,1
CL-04569,480,1,18,anual,326.45,5614.68,factura,0,basico,0,365,23,0,0,0,Lima,activo,si,no,0
CL-04570,2048,1,12,anual,282.55,2574.04,transferencia,0,avanzado,1,365,8,1,1,0,Lima,activo,no,no,0
CL-04571,521,10,10,mensual,131.83,1194.3,tarjeta,1,basico,0,30,25,0,0,9,Piura,activo,no,no,0
CL-04572,1489,3,43,enterprise,257.98,8604.26,tarjeta,1,basico,1,365,4,0,1,2,Lima,activo,no,si,1
CL-04573,1339,25,25,mensual,69.63,1703.32,tarjeta,0,premium,0,30,32,0,0,24,Arequipa,activo,no,no,1
CL-04574,1054,72,72,mensual,99.67,6748.35,yape,1,avanzado,1,30,13,0,1,71,Lima,activo,no,no,1
CL-04575,2097,5,63,enterprise,227.0,13336.62,transferencia,0,avanzado,0,365,9,0,1,4,Lima,activo,no,no,1
CL-04576,2120,64,64,mensual,101.75,5316.3,yape,0,avanzado,1,30,37,0,0,63,Lima,activo,si,si,1
CL-04577,459,3,48,enterprise,419.17,19464.44,yape,1,avanzado,0,365,30,1,0,2,Cusco,activo,no,si,1
CL-04578,886,21,21,mensual,135.09,2384.42,yape,0,avanzado,0,30,5,0,1,20,Lima,activo,no,no,1
CL-04579,2361,47,47,mensual,51.47,2228.57,tarjeta,0,basico,1,30,40,0,0,46,Trujillo,inactivo,no,si,1
CL-04580,2200,23,23,mensual,40.2,718.98,yape,0,premium,1,30,30,0,0,22,Lima,activo,no,si,1
CL-04581,485,5,72,anual,233.86,13113.81,tarjeta,0,avanzado,1,365,13,1,1,4,Piura,activo,no,si,1
CL-04582,471,3,42,enterprise,151.81,5153.08,yape,0,basico,0,365,18,0,0,2,Lima,inactivo,si,no,1
CL-04583,2163,3,38,enterprise,388.45,12027.37,transferencia,1,basico,0,365,21,1,0,2,Piura,activo,si,no,1
CL-04584,675,2,35,enterprise,72.24,1992.2,tarjeta,1,basico,1,365,42,1,0,1,Cusco,activo,no,no,1
CL-04585,2327,5,72,anual,211.88,11982.7,yape,0,avanzado,1,365,25,1,0,4,Piura,activo,si,no,1
CL-04586,1501,1,1,enterprise,170.26,172.59,tarjeta,1,premium,1,365,37,1,0,0,Chiclayo,activo,no,si,0
CL-04587,961,72,72,mensual,132.8,8762.15,yape,1,avanzado,0,30,2,0,1,71,Arequipa,activo,si,si,1
CL-04588,1746,2,27,enterprise,261.24,6606.66,transferencia,0,basico,1,365,23,0,0,1,Cusco,activo,si,si,0
CL-04589,1816,1,1,anual,382.27,319.71,transferencia,0,avanzado,1,365,4,0,1,0,Arequipa,activo,si,no,0
CL-04590,2299,1,13,enterprise,365.84,3646.11,transferencia,0,avanzado,0,365,18,1,0,0,Piura,activo,si,no,0
CL-04591,736,1,1,mensual,204.56,212.84,tarjeta,1,avanzado,0,30,25,0,0,0,Trujillo,activo,si,si,0
CL-04592,1061,48,48,mensual,131.84,4848.81,transferencia,0,avanzado,0,30,38,0,0,47,Piura,activo,no,no,1
CL-04593,1671,1,6,anual,273.56,1636.09,tarjeta,1,avanzado,1,365,13,1,1,0,Lima,activo,no,no,1
CL-04594,1028,36,36,mensual,127.59,4361.4,factura,0,avanzado,1,30,11,0,1,35,Lima,activo,si,no,1
CL-04595,1771,60,60,mensual,137.07,7173.61,yape,1,avanzado,0,30,39,0,0,59,Lima,activo,si,no,1
CL-04596,169,1,15,enterprise,436.14,6371.87,factura,0,avanzado,1,365,25,0,0,0,Trujillo,activo,si,si,0
CL-04597,2446,25,25,mensual,155.0,3795.25,yape,0,avanzado,1,30,33,0,0,24,Piura,activo,no,no,1
CL-04598,1696,1,1,mensual,167.94,170.21,tarjeta,1,premium,1,30,42,0,0,0,Lima,activo,no,si,0
CL-04599,1819,22,22,mensual,104.73,2104.71,transferencia,1,avanzado,1,30,3,0,1,21,Arequipa,activo,si,si,1
CL-04600,1962,72,72,mensual,118.39,6939.56,yape,0,avanzado,0,30,28,0,0,71,Arequipa,activo,no,si,1
CL-04601,679,4,51,anual,241.66,11360.55,transferencia,1,premium,1,365,4,0,1,3,Trujillo,activo,si,si,1
CL-04602,25,2,25,enterprise,404.24,7880.6,yape,1,premium,1,365,42,1,0,1,Lima,activo,no,si,1
CL-04603,1523,1,17,enterprise,189.44,2778.85,transferencia,1,basico,1,365,20,0,0,0,Lima,activo,no,no,0
CL-04604,1602,2,31,anual,99.01,2864.0,transferencia,1,premium,0,365,20,1,0,1,Cusco,activo,si,no,1
CL-04605,47,2,35,anual,100.19,2894.97,transferencia,0,premium,1,365,9,0,1,1,Lima,activo,no,no,1
CL-04606,747,22,22,mensual,138.78,3082.24,tarjeta,0,basico,0,30,29,0,0,21,Trujillo,activo,si,no,1
CL-04607,1818,3,45,enterprise,189.07,8872.43,transferencia,1,avanzado,1,365,25,0,0,2,Lima,inactivo,no,no,1
CL-04608,1873,8,8,mensual,176.39,1090.48,transferencia,1,avanzado,1,30,43,0,0,7,Lima,activo,no,si,0
CL-04609,2249,8,8,mensual,162.37,1054.45,transferencia,1,avanzado,0,30,1,0,1,7,Lima,activo,no,si,0
CL-04610,178,3,41,enterprise,239.33,8751.83,tarjeta,0,premium,0,365,34,1,0,2,Lima,activo,no,no,1
CL-04611,1811,1,3,enterprise,462.62,1056.69,factura,0,basico,0,365,44,1,0,0,Chiclayo,activo,no,no,0
CL-04612,1229,50,50,mensual,30.0,1166.82,yape,1,avanzado,1,30,41,0,0,49,Arequipa,activo,no,si,1
CL-04613,530,2,32,anual,291.24,9507.86,tarjeta,1,avanzado,1,365,29,0,0,1,Lima,activo,si,no,0
CL-04614,2180,1,1,mensual,156.17,119.26,factura,1,avanzado,0,30,38,0,0,0,Cusco,activo,no,no,0
CL-04615,1481,35,35,mensual,39.73,1146.15,yape,0,avanzado,1,30,2,0,1,34,Lima,inactivo,si,no,1
CL-04616,2453,1,1,mensual,235.04,206.15,yape,1,avanzado,1,30,4,0,1,0,Arequipa,activo,no,no,0
CL-04617,1242,49,49,mensual,168.47,6241.94,factura,1,basico,1,30,32,0,0,48,Trujillo,activo,si,no,1
CL-04618,1801,26,26,mensual,108.46,2800.72,yape,0,basico,1,30,12,0,0,25,Piura,activo,no,no,1
CL-04619,132,72,72,mensual,56.14,4038.05,tarjeta,0,basico,1,30,32,0,0,71,Lima,activo,no,si,1
CL-04620,212,58,58,mensual,39.0,1964.32,tarjeta,0,basico,0,30,34,0,0,57,Trujillo,activo,si,no,1
CL-04621,1007,6,6,mensual,254.75,1238.9,tarjeta,0,avanzado,0,30,31,0,0,5,Lima,activo,no,no,0
CL-04622,1356,1,1,enterprise,176.35,179.47,transferencia,1,premium,1,365,41,0,0,0,Arequipa,activo,no,no,0
CL-04623,379,1,13,anual,82.41,1021.58,tarjeta,0,basico,0,365,10,0,1,0,Lima,activo,si,si,1
CL-04624,1320,1,2,enterprise,328.58,596.15,tarjeta,0,avanzado,0,365,37,1,0,0,Cusco,activo,no,si,1
CL-04625,2094,72,72,mensual,29.06,1815.55,transferencia,1,basico,0,30,37,0,0,71,Cusco,activo,si,no,1
CL-04626,1222,2,32,anual,122.74,3581.19,tarjeta,1,avanzado,0,365,15,0,0,1,Trujillo,activo,si,si,1
CL-04627,295,4,55,enterprise,461.83,20951.81,tarjeta,1,basico,1,365,10,1,0,3,Lima,inactivo,si,si,1
CL-04628,1175,25,25,mensual,170.21,3765.39,yape,1,basico,1,30,28,0,0,24,Lima,activo,si,no,1
CL-04629,1296,27,27,mensual,101.47,2618.51,transferencia,0,premium,0,30,40,0,0,26,Lima,activo,si,no,1
CL-04630,53,31,31,mensual,98.89,2677.51,transferencia,0,avanzado,1,30,30,0,0,30,Lima,activo,no,no,1
CL-04631,1578,59,59,mensual,98.51,5553.37,transferencia,0,basico,1,30,6,0,1,58,Lima,activo,no,no,1
CL-04632,1717,40,40,mensual,93.92,3650.17,yape,0,basico,1,30,20,0,0,39,Lima,activo,si,no,1
CL-04633,1667,6,6,mensual,68.73,402.53,tarjeta,1,premium,0,30,18,0,0,5,Lima,activo,si,no,0
CL-04634,1501,72,72,mensual,67.42,4469.56,transferencia,1,avanzado,1,30,27,0,0,71,Cusco,activo,no,no,1
CL-04635,1941,2,25,anual,152.24,3065.03,transferencia,0,premium,1,365,27,1,0,1,Trujillo,activo,si,si,0
CL-04636,1370,21,21,mensual,71.12,1434.03,yape,0,avanzado,1,30,45,0,0,20,Cusco,activo,no,si,1
CL-04637,533,1,1,mensual,142.15,141.55,tarjeta,1,avanzado,0,30,38,0,0,0,Cusco,activo,si,no,0
CL-04638,1786,3,47,anual,273.39,10000.46,factura,1,avanzado,1,365,25,0,0,2,Lima,activo,si,no,1
CL-04639,802,34,34,mensual,70.41,2438.92,tarjeta,1,avanzado,1,30,7,0,1,33,Chiclayo,activo,si,no,1
CL-04640,1381,34,34,mensual,47.02,1650.46,transferencia,1,premium,0,30,9,0,1,33,Trujillo,activo,no,no,1
CL-04641,1746,22,22,mensual,90.91,1900.96,transferencia,0,basico,1,30,8,0,1,21,Cusco,activo,no,no,1
CL-04642,1067,18,18,mensual,237.95,3355.04,transferencia,0,avanzado,0,30,23,0,0,17,Chiclayo,activo,no,no,1
CL-04643,57,23,23,mensual,67.76,1474.49,factura,0,basico,0,30,7,0,1,22,Cusco,activo,si,no,1
CL-04644,836,43,43,mensual,123.66,4556.04,transferencia,0,premium,0,30,8,0,0,42,Arequipa,activo,no,no,1
CL-04645,325,48,48,mensual,119.87,4839.45,yape,0,avanzado,0,30,7,0,1,47,Arequipa,activo,si,si,1
CL-04646,989,2,26,enterprise,267.13,5285.64,factura,1,basico,0,365,31,1,0,1,Arequipa,activo,si,no,1
CL-04647,596,4,55,enterprise,209.2,11131.48,tarjeta,0,avanzado,1,365,13,1,1,3,Piura,activo,si,no,1
CL-04648,1296,30,30,mensual,192.9,5324.06,transferencia,0,avanzado,0,30,41,0,0,29,Lima,activo,no,no,1
CL-04649,1650,19,19,mensual,142.9,2403.51,transferencia,0,premium,0,30,23,0,0,18,Lima,activo,si,si,1
CL-04650,936,37,37,mensual,130.62,4188.26,yape,1,avanzado,1,30,31,0,0,36,Lima,activo,no,si,1
CL-04651,1315,1,1,enterprise,416.09,363.48,yape,1,basico,1,365,24,1,0,0,Lima,activo,si,si,0
CL-04652,1101,3,38,enterprise,435.86,14673.35,transferencia,0,avanzado,1,365,40,1,0,2,Trujillo,activo,no,si,0
CL-04653,1751,1,1,mensual,192.94,172.34,tarjeta,0,basico,1,30,6,0,1,0,Cusco,suspendido,no,no,0
CL-04654,1596,7,7,mensual,226.47,1235.42,yape,1,avanzado,1,30,33,0,0,6,Lima,activo,no,no,0
CL-04655,2204,1,1,mensual,211.11,182.42,yape,1,avanzado,1,30,27,0,0,0,Lima,activo,no,no,0
CL-04656,1386,2,28,enterprise,468.67,10094.17,tarjeta,0,avanzado,0,365,20,0,0,1,Lima,activo,no,no,0
CL-04657,1560,5,71,enterprise,157.64,10999.7,tarjeta,0,avanzado,1,365,32,0,0,4,Cusco,activo,si,si,1
CL-04658,1091,29,29,mensual,171.04,4497.24,tarjeta,0,basico,1,30,25,0,0,28,Lima,activo,si,no,1
CL-04659,150,3,48,anual,250.12,11883.96,tarjeta,0,premium,0,365,29,1,0,2,Lima,activo,no,si,1
CL-04660,2178,72,72,mensual,265.69,16811.09,tarjeta,0,premium,0,30,24,0,0,71,Lima,activo,si,no,1
CL-04661,1261,3,42,anual,80.77,2700.06,yape,0,avanzado,0,365,6,1,1,2,Arequipa,activo,no,si,1
CL-04662,858,1,13,enterprise,317.03,3461.44,tarjeta,0,avanzado,0,365,18,0,0,0,Lima,activo,si,si,0
CL-04663,1543,16,16,mensual,77.25,1013.72,yape,1,avanzado,0,30,44,0,0,15,Trujillo,activo,no,no,1
CL-04664,671,32,32,mensual,127.7,3604.09,tarjeta,0,avanzado,1,30,5,0,0,31,Piura,activo,no,no,1
CL-04665,1916,1,16,anual,173.85,2744.53,yape,1,basico,1,365,11,1,1,0,Lima,inactivo,no,no,0
CL-04666,851,18,18,mensual,124.8,1763.4,tarjeta,1,avanzado,0,30,32,0,0,17,Arequipa,activo,si,si,1
CL-04667,2375,4,56,enterprise,95.48,4651.95,tarjeta,1,basico,1,365,7,1,1,3,Piura,activo,no,si,1
CL-04668,1562,57,57,mensual,126.65,5613.08,tarjeta,1,avanzado,0,30,3,0,1,56,Piura,activo,no,si,1
CL-04669,1295,1,1,enterprise,279.04,242.05,transferencia,1,premium,1,365,35,1,0,0,Cusco,activo,si,no,0
CL-04670,22,12,12,mensual,99.42,1103.27,yape,1,basico,0,30,10,0,1,11,Lima,activo,si,no,0
CL-04671,1964,20,20,mensual,265.51,4092.53,transferencia,0,avanzado,1,30,10,0,1,19,Lima,activo,no,no,1
CL-04672,910,47,47,mensual,77.69,2811.57,transferencia,1,basico,0,30,21,0,0,46,Chiclayo,activo,si,no,1
CL-04673,153,60,60,mensual,157.48,9157.33,transferencia,1,basico,1,30,39,0,0,59,Lima,activo,no,no,1
CL-04674,111,72,72,mensual,139.97,8790.39,factura,0,basico,0,30,45,0,0,71,Lima,activo,no,si,1
CL-04675,1021,1,20,anual,163.34,2794.47,tarjeta,0,avanzado,1,365,12,1,1,0,Lima,activo,no,no,1
CL-04676,1969,22,22,mensual,188.05,3954.64,tarjeta,1,premium,0,30,14,0,1,21,Lima,activo,no,no,1
CL-04677,1034,46,46,mensual,126.49,4511.86,transferencia,0,basico,1,30,24,0,0,45,Arequipa,activo,si,no,1
CL-04678,923,15,15,mensual,90.34,1365.82,yape,1,premium,1,30,36,0,0,14,Trujillo,activo,si,si,1
CL-04679,857,28,28,mensual,223.44,6147.63,factura,1,avanzado,1,30,4,0,0,27,Lima,activo,no,no,1
CL-04680,409,1,22,enterprise,255.21,4867.28,yape,0,basico,1,365,19,0,0,0,Lima,activo,no,no,1
CL-04681,1207,1,1,enterprise,94.35,84.03,tarjeta,0,avanzado,0,365,5,1,1,0,Arequipa,activo,no,no,1
CL-04682,1241,35,35,mensual,93.28,2838.14,yape,1,avanzado,0,30,10,0,1,34,Cusco,activo,no,no,1
CL-04683,771,2,27,enterprise,95.49,2541.02,tarjeta,1,avanzado,1,365,29,0,0,1,Cusco,activo,no,si,0
CL-04684,912,5,63,anual,40.8,1950.16,tarjeta,0,avanzado,1,365,2,0,1,4,Lima,activo,no,no,1
CL-04685,1881,2,32,enterprise,274.5,8357.24,tarjeta,1,basico,1,365,39,0,0,1,Lima,activo,no,no,1
CL-04686,2317,1,1,mensual,123.81,104.1,factura,0,avanzado,0,30,4,0,1,0,Piura,activo,no,no,0
CL-04687,2082,26,26,mensual,219.18,5606.73,yape,0,basico,0,30,38,0,0,25,Lima,activo,no,no,1
CL-04688,1673,1,1,mensual,146.38,152.99,tarjeta,1,premium,0,30,19,0,0,0,Lima,activo,no,si,0
CL-04689,253,1,2,enterprise,385.29,642.43,tarjeta,1,avanzado,0,365,26,1,0,0,Lima,activo,si,si,0
CL-04690,1193,3,47,anual,119.53,4964.86,factura,1,basico,1,365,19,0,0,2,Lima,activo,no,si,1
CL-04691,1752,26,26,mensual,156.09,3710.45,yape,0,premium,0,30,17,0,0,25,Cusco,activo,no,si,1
CL-04692,2421,55,55,mensual,234.28,11794.2,tarjeta,0,basico,0,30,29,0,0,54,Lima,activo,no,no,1
CL-04693,1729,1,1,anual,221.13,176.23,factura,0,basico,0,365,15,1,0,0,Lima,activo,no,no,0
CL-04694,1827,2,26,enterprise,412.96,9931.41,transferencia,1,avanzado,0,365,3,0,1,1,Trujillo,activo,no,si,1
CL-04695,2192,20,20,mensual,44.59,862.53,transferencia,1,basico,1,30,1,0,1,19,Lima,activo,si,si,1
CL-04696,487,4,55,anual,257.26,14619.18,transferencia,1,avanzado,0,365,13,0,1,3,Piura,activo,no,no,1
CL-04697,2430,48,48,mensual,227.52,10567.27,yape,1,avanzado,1,30,10,0,1,47,Lima,activo,si,no,1
CL-04698,1162,48,48,mensual,144.36,6451.1,tarjeta,0,avanzado,0,30,2,0,0,47,Lima,activo,no,no,1
CL-04699,2289,70,70,mensual,67.78,3890.45,tarjeta,0,avanzado,1,30,5,0,1,69,Piura,activo,si,si,1
CL-04700,1252,1,23,enterprise,210.73,3777.47,yape,1,avanzado,0,365,40,1,0,0,Lima,activo,no,no,0
CL-04701,2123,5,65,enterprise,285.47,17447.79,transferencia,1,premium,1,365,23,1,0,4,Lima,inactivo,si,no,1
CL-04702,2287,6,6,mensual,111.14,625.2,yape,1,avanzado,1,30,18,0,0,5,Trujillo,activo,no,no,1
CL-04703,999,5,5,mensual,156.67,784.77,factura,1,basico,0,30,42,0,0,4,Lima,activo,si,no,0
CL-04704,1391,50,50,mensual,130.81,5780.69,transferencia,1,avanzado,1,30,27,0,0,49,Lima,activo,si,no,1
CL-04705,865,1,1,mensual,208.39,167.05,transferencia,1,premium,1,30,6,0,1,0,Arequipa,activo,si,no,0
CL-04706,1716,46,46,mensual,150.16,5646.2,transferencia,1,avanzado,0,30,32,0,0,45,Trujillo,activo,si,no,1
CL-04707,1289,34,34,mensual,83.81,2544.41,tarjeta,0,avanzado,1,30,32,0,0,33,Trujillo,activo,si,no,1
CL-04708,409,58,58,mensual,72.42,3543.49,transferencia,1,avanzado,1,30,13,0,0,57,Lima,suspendido,si,no,1
CL-04709,1361,30,30,mensual,75.07,1810.87,yape,0,basico,1,30,31,0,0,29,Arequipa,activo,no,si,1
CL-04710,1014,33,33,mensual,84.28,2175.92,transferencia,0,avanzado,0,30,7,0,0,32,Piura,activo,no,si,1
CL-04711,2181,3,44,enterprise,629.2,24188.36,yape,0,avanzado,1,365,45,1,0,2,Chiclayo,activo,si,no,1
CL-04712,453,16,16,mensual,241.66,3291.43,tarjeta,1,basico,1,30,27,0,0,15,Trujillo,activo,si,no,0
CL-04713,1240,1,15,anual,243.04,3789.9,transferencia,1,avanzado,1,365,13,1,0,0,Arequipa,activo,si,no,1
CL-04714,1124,3,44,enterprise,281.65,12478.4,yape,0,avanzado,0,365,41,1,0,2,Cusco,activo,no,si,1
CL-04715,1206,2,31,anual,68.1,1699.54,yape,0,avanzado,0,365,23,1,0,1,Piura,activo,si,si,1
CL-04716,2175,22,22,mensual,112.76,2421.2,tarjeta,1,premium,0,30,41,0,0,21,Lima,activo,no,no,1
CL-04717,1777,30,30,mensual,78.6,2108.19,yape,1,avanzado,0,30,5,0,1,29,Lima,activo,no,si,1
CL-04718,2136,5,71,anual,255.01,18609.58,factura,0,premium,0,365,14,1,1,4,Lima,activo,si,no,1
CL-04719,1675,21,21,mensual,25.61,501.49,tarjeta,0,basico,0,30,20,0,0,20,Chiclayo,activo,no,no,1
CL-04720,378,20,20,mensual,148.92,2416.07,transferencia,0,basico,1,30,12,0,0,19,Cusco,activo,si,si,1
CL-04721,267,1,1,mensual,60.65,49.05,transferencia,1,avanzado,1,30,24,0,0,0,Lima,activo,no,no,0
CL-04722,1036,31,31,mensual,136.76,4409.95,tarjeta,0,avanzado,0,30,16,0,0,30,Piura,activo,si,no,1
CL-04723,2344,48,48,mensual,175.61,8644.08,transferencia,1,premium,0,30,40,0,0,47,Trujillo,activo,no,no,1
CL-04724,2382,4,52,anual,322.7,15016.07,transferencia,0,avanzado,1,365,12,1,1,3,Piura,activo,no,no,1
CL-04725,365,35,35,mensual,126.25,4061.64,transferencia,1,basico,0,30,9,0,1,34,Piura,activo,si,no,1
CL-04726,319,55,55,mensual,134.3,6752.22,yape,0,avanzado,0,30,44,0,0,54,Lima,activo,no,no,1
CL-04727,1106,4,50,enterprise,165.71,8111.86,tarjeta,0,basico,1,365,33,0,0,3,Lima,activo,no,no,1
CL-04728,396,59,59,mensual,141.93,7472.39,tarjeta,0,avanzado,1,30,2,0,0,58,Lima,suspendido,no,si,1
CL-04729,123,4,56,anual,225.83,9950.11,transferencia,1,avanzado,1,365,39,0,0,3,Trujillo,activo,si,no,0
CL-04730,231,70,70,mensual,147.12,8725.68,tarjeta,0,avanzado,1,30,9,0,1,69,Trujillo,activo,si,no,1
CL-04731,1023,28,28,mensual,81.5,2100.54,yape,0,avanzado,1,30,31,0,0,27,Arequipa,activo,no,no,1
CL-04732,1304,1,1,enterprise,250.51,214.27,yape,0,avanzado,1,365,2,1,1,0,Arequipa,activo,si,no,0
CL-04733,921,48,48,mensual,172.97,8253.28,tarjeta,0,premium,1,30,12,0,1,47,Arequipa,activo,no,no,1
CL-04734,2492,51,51,mensual,62.19,3280.71,factura,0,basico,0,30,39,0,0,50,Lima,activo,no,no,1
CL-04735,1982,5,70,enterprise,174.9,10071.08,transferencia,1,basico,0,365,2,1,0,4,Cusco,activo,si,no,1
CL-04736,2219,5,63,anual,289.93,18571.43,factura,0,basico,1,365,22,1,0,4,Arequipa,activo,si,no,1
CL-04737,1850,5,72,anual,147.37,10236.21,tarjeta,0,avanzado,0,365,18,1,0,4,Cusco,activo,si,si,1
CL-04738,562,47,47,mensual,42.56,1852.47,factura,1,basico,1,30,11,0,1,46,Lima,activo,si,si,1
CL-04739,2321,37,37,mensual,202.38,5908.96,transferencia,1,avanzado,1,30,6,0,0,36,Lima,inactivo,no,no,1
CL-04740,2018,1,1,anual,75.31,65.77,factura,0,basico,1,365,18,0,0,0,Lima,activo,no,no,0
CL-04741,2428,39,39,mensual,102.73,4201.21,transferencia,0,basico,0,30,17,0,0,38,Lima,suspendido,si,no,1
CL-04742,69,18,18,mensual,84.33,1433.7,factura,0,basico,0,30,5,0,1,17,Trujillo,activo,no,no,1
CL-04743,1684,3,37,enterprise,303.07,10400.66,tarjeta,1,premium,0,365,33,1,0,2,Trujillo,activo,no,no,1
CL-04744,1502,33,33,mensual,73.75,1851.32,transferencia,1,basico,0,30,5,0,1,32,Lima,activo,si,no,1
CL-04745,47,43,43,mensual,134.86,4907.48,tarjeta,1,basico,0,30,18,0,0,42,Lima,activo,si,no,1
CL-04746,2182,29,29,mensual,142.19,3696.51,transferencia,0,basico,0,30,43,0,0,28,Trujillo,activo,no,si,1
CL-04747,372,55,55,mensual,193.43,10026.92,transferencia,1,premium,1,30,17,0,0,54,Chiclayo,activo,si,no,1
CL-04748,885,1,1,anual,126.08,126.98,yape,0,avanzado,0,365,32,1,0,0,Lima,activo,si,no,1
CL-04749,300,3,37,enterprise,606.22,19904.97,transferencia,1,premium,1,365,21,1,0,2,Trujillo,activo,no,si,0
CL-04750,969,61,61,mensual,35.34,1794.3,transferencia,0,basico,0,30,29,0,0,60,Lima,activo,no,no,1
CL-04751,1063,72,72,mensual,27.61,1658.69,factura,0,basico,0,30,36,0,0,71,Arequipa,activo,no,no,1
CL-04752,1632,50,50,mensual,234.16,9265.05,factura,0,avanzado,1,30,22,0,0,49,Arequipa,activo,no,si,1
CL-04753,1787,72,72,mensual,173.59,9919.56,factura,0,avanzado,1,30,30,0,0,71,Arequipa,activo,no,si,1
CL-04754,2184,36,36,mensual,107.51,3257.28,tarjeta,1,premium,0,30,23,0,0,35,Arequipa,activo,si,si,1
CL-04755,518,2,32,enterprise,285.18,8943.02,factura,0,basico,0,365,15,0,0,1,Arequipa,inactivo,si,no,0
CL-04756,1356,45,45,mensual,153.92,6053.44,transferencia,1,premium,0,30,35,0,0,44,Piura,activo,no,no,1
CL-04757,1533,32,32,mensual,127.8,4121.79,factura,0,avanzado,1,30,18,0,0,31,Lima,inactivo,si,no,1
CL-04758,2348,1,13,enterprise,137.02,1843.15,transferencia,0,avanzado,1,365,3,1,1,0,Lima,activo,si,no,1
CL-04759,1304,19,19,mensual,167.06,2452.42,yape,1,premium,1,30,13,0,1,18,Lima,activo,si,no,1
CL-04760,1466,1,5,enterprise,357.3,1720.84,tarjeta,0,avanzado,0,365,31,1,0,0,Piura,activo,si,no,0
CL-04761,185,45,45,mensual,156.95,5477.73,tarjeta,1,avanzado,0,30,30,0,0,44,Lima,activo,no,si,1
CL-04762,861,32,32,mensual,206.53,5098.93,transferencia,0,avanzado,0,30,25,0,0,31,Lima,activo,si,no,1
CL-04763,568,1,23,enterprise,331.81,6355.09,tarjeta,0,basico,1,365,21,1,0,0,Lima,activo,si,si,0
CL-04764,2109,18,18,mensual,47.03,660.71,transferencia,1,basico,1,30,14,0,0,17,Lima,inactivo,no,no,1
CL-04765,223,44,44,mensual,212.93,8890.09,tarjeta,1,premium,0,30,3,0,1,43,Trujillo,activo,si,no,1
CL-04766,2039,51,51,mensual,48.36,2379.63,tarjeta,1,premium,1,30,10,0,1,50,Arequipa,activo,si,no,1
CL-04767,2362,1,4,anual,225.79,850.58,tarjeta,1,premium,1,365,45,1,0,0,Lima,activo,si,no,0
CL-04768,1614,1,1,anual,177.71,163.96,tarjeta,0,avanzado,0,365,39,1,0,0,Lima,activo,no,no,1
CL-04769,449,55,55,mensual,89.06,4821.75,tarjeta,1,avanzado,1,30,4,0,1,54,Piura,inactivo,no,si,1
CL-04770,344,1,1,anual,216.67,212.72,yape,1,basico,1,365,42,1,0,0,Arequipa,activo,no,si,0
CL-04771,977,3,45,anual,232.61,10583.4,transferencia,0,avanzado,1,365,35,1,0,2,Piura,activo,si,no,1
CL-04772,7,72,72,mensual,168.77,11640.58,tarjeta,1,avanzado,1,30,5,0,0,71,Lima,activo,si,si,1
CL-04773,2205,72,72,mensual,83.81,5169.98,tarjeta,1,basico,0,30,19,0,0,71,Arequipa,activo,no,si,1
CL-04774,130,50,50,mensual,94.82,4302.0,yape,1,avanzado,0,30,8,0,1,49,Lima,activo,no,no,1
CL-04775,1912,49,49,mensual,58.84,2586.71,tarjeta,0,basico,1,30,33,0,0,48,Lima,activo,si,no,1
CL-04776,630,72,72,mensual,122.46,6898.16,yape,1,avanzado,0,30,31,0,0,71,Lima,activo,no,si,1
CL-04777,765,1,1,mensual,101.77,101.11,yape,1,avanzado,0,30,10,0,1,0,Lima,activo,no,no,0
CL-04778,595,20,20,mensual,201.75,4131.26,tarjeta,0,premium,1,30,35,0,0,19,Piura,activo,no,no,1
CL-04779,892,53,53,mensual,86.96,4817.77,factura,0,avanzado,0,30,14,0,1,52,Lima,activo,no,no,1
CL-04780,1543,1,24,anual,46.89,927.74,transferencia,0,basico,1,365,23,1,0,0,Lima,activo,no,no,1
CL-04781,2355,62,62,mensual,173.36,8369.63,yape,0,avanzado,1,30,6,0,1,61,Arequipa,activo,si,no,1
CL-04782,1078,2,31,enterprise,416.46,10112.77,tarjeta,0,basico,0,365,42,0,0,1,Piura,activo,no,si,0
CL-04783,1314,2,35,enterprise,300.68,10432.13,yape,1,basico,0,365,9,1,0,1,Chiclayo,activo,si,no,0
CL-04784,65,2,25,anual,159.09,3736.72,transferencia,0,premium,0,365,40,1,0,1,Lima,activo,no,no,1
CL-04785,885,1,19,enterprise,162.71,3019.88,tarjeta,1,basico,0,365,39,1,0,0,Chiclayo,activo,si,si,0
CL-04786,2164,1,18,enterprise,449.93,8273.34,factura,0,avanzado,0,365,6,1,1,0,Lima,activo,no,si,1
CL-04787,39,39,39,mensual,117.36,3743.47,yape,0,avanzado,1,30,6,0,1,38,Trujillo,activo,si,no,1
CL-04788,1484,1,13,anual,51.61,576.48,yape,1,premium,1,365,7,1,1,0,Cusco,suspendido,no,no,1
CL-04789,500,55,55,mensual,125.94,6841.58,factura,1,avanzado,0,30,38,0,0,54,Piura,activo,si,no,1
CL-04790,981,3,48,anual,249.73,9923.08,tarjeta,0,avanzado,1,365,4,1,1,2,Lima,activo,si,no,1
CL-04791,1211,59,59,mensual,115.74,6158.17,yape,1,avanzado,0,30,28,0,0,58,Cusco,activo,no,si,1
CL-04792,966,4,4,mensual,79.16,279.6,tarjeta,1,basico,0,30,40,0,0,3,Trujillo,activo,no,si,0
CL-04793,1254,1,1,mensual,51.77,48.07,factura,0,basico,1,30,14,0,1,0,Lima,activo,no,si,0
CL-04794,265,2,32,enterprise,135.61,4541.14,transferencia,0,basico,0,365,26,1,0,1,Piura,activo,no,no,1
CL-04795,1162,72,72,mensual,164.27,9238.58,yape,0,avanzado,1,30,4,0,1,71,Piura,activo,si,si,1
CL-04796,1278,63,63,mensual,105.78,5967.02,tarjeta,0,basico,0,30,43,0,0,62,Arequipa,activo,no,si,1
CL-04797,900,18,18,mensual,34.4,642.54,tarjeta,0,premium,1,30,28,0,0,17,Cusco,activo,no,no,1
CL-04798,2476,42,42,mensual,158.0,5669.55,yape,1,basico,1,30,33,0,0,41,Trujillo,activo,no,no,1
CL-04799,1964,4,50,enterprise,375.0,18228.36,transferencia,0,basico,1,365,12,0,1,3,Cusco,activo,no,si,1
CL-04800,1304,1,1,anual,171.17,176.1,tarjeta,1,avanzado,1,365,33,1,0,0,Trujillo,activo,no,si,1
CL-04801,251,66,66,mensual,64.8,3516.31,yape,0,basico,0,30,29,0,0,65,Trujillo,activo,no,no,1
CL-04802,38,28,28,mensual,53.52,1160.51,tarjeta,0,basico,1,30,6,0,1,27,Lima,activo,si,si,1
CL-04803,1451,30,30,mensual,186.69,4327.71,transferencia,1,premium,0,30,26,0,0,29,Lima,activo,no,si,1
CL-04804,1549,32,32,mensual,148.5,3668.06,yape,1,basico,0,30,5,0,1,31,Lima,activo,no,si,1
CL-04805,117,4,60,enterprise,398.8,20462.18,transferencia,0,avanzado,0,365,31,1,0,3,Cusco,activo,si,no,1
CL-04806,19,1,13,anual,159.26,1631.18,transferencia,0,avanzado,1,365,42,1,0,0,Lima,activo,no,no,1
CL-04807,2173,1,1,mensual,106.71,93.0,tarjeta,0,basico,1,30,39,0,0,0,Lima,activo,si,no,0
CL-04808,2280,3,40,anual,129.99,5076.05,tarjeta,1,basico,0,365,22,1,0,2,Lima,activo,si,no,0
CL-04809,61,1,1,mensual,127.71,107.21,tarjeta,1,avanzado,1,30,40,0,0,0,Piura,activo,no,no,0
CL-04810,1290,1,24,anual,225.24,4831.81,yape,1,premium,0,365,45,1,0,0,Piura,activo,si,no,0
CL-04811,1393,61,61,mensual,234.77,11287.94,tarjeta,1,avanzado,1,30,21,0,0,60,Lima,activo,no,si,1
CL-04812,1726,3,46,anual,92.75,4093.65,factura,0,basico,1,365,15,1,0,2,Trujillo,activo,no,si,1
CL-04813,831,57,57,mensual,83.97,4045.86,transferencia,0,basico,0,30,9,0,1,56,Trujillo,activo,no,no,1
CL-04814,2186,3,47,enterprise,458.5,17036.34,factura,1,avanzado,1,365,28,1,0,2,Lima,activo,no,si,1
CL-04815,1684,72,72,mensual,171.97,12832.55,tarjeta,0,avanzado,1,30,18,0,0,71,Lima,activo,no,si,1
CL-04816,1962,17,17,mensual,208.53,3477.25,yape,0,basico,1,30,26,0,0,16,Lima,activo,si,si,1
CL-04817,1244,42,42,mensual,77.5,3078.25,factura,1,avanzado,1,30,43,0,0,41,Lima,activo,no,si,1
CL-04818,1362,21,21,mensual,184.1,3738.13,transferencia,0,premium,0,30,4,0,1,20,Lima,activo,no,no,1
CL-04819,2332,55,55,mensual,129.17,6235.12,factura,0,premium,0,30,14,0,1,54,Lima,inactivo,si,no,1
CL-04820,1009,2,30,anual,329.84,8307.01,tarjeta,0,avanzado,1,365,24,0,0,1,Chiclayo,activo,no,si,0
CL-04821,1010,5,72,anual,214.47,13897.59,tarjeta,0,premium,1,365,33,0,0,4,Arequipa,activo,si,no,1
CL-04822,2310,19,19,mensual,42.26,800.99,factura,0,avanzado,0,30,42,0,0,18,Lima,activo,si,si,1
CL-04823,897,5,66,anual,213.16,14619.17,tarjeta,1,basico,0,365,40,1,0,4,Lima,activo,no,no,1
CL-04824,58,3,46,anual,226.17,9692.04,tarjeta,0,avanzado,1,365,21,1,0,2,Lima,activo,si,no,1
CL-04825,1467,31,31,mensual,106.49,2848.62,transferencia,1,avanzado,1,30,25,0,0,30,Lima,activo,no,no,1
CL-04826,1016,45,45,mensual,87.3,3792.82,factura,0,premium,1,30,22,0,0,44,Lima,inactivo,no,si,1
CL-04827,69,38,38,mensual,39.96,1456.41,yape,0,premium,1,30,5,0,1,37,Lima,activo,no,no,1
CL-04828,1249,41,41,mensual,135.2,4568.92,tarjeta,1,avanzado,1,30,32,0,0,40,Lima,activo,si,si,1
CL-04829,1367,2,27,enterprise,372.24,8851.0,transferencia,0,basico,1,365,37,1,0,1,Trujillo,activo,no,si,1
CL-04830,2178,1,15,enterprise,179.01,2121.82,transferencia,0,basico,0,365,36,0,0,0,Piura,activo,no,no,0
CL-04831,851,1,24,anual,157.32,3287.42,yape,1,avanzado,1,365,17,0,0,0,Lima,inactivo,si,no,0
CL-04832,414,1,1,mensual,136.98,134.08,tarjeta,0,avanzado,1,30,38,0,0,0,Lima,inactivo,no,si,0
CL-04833,1006,4,53,anual,106.52,4765.82,tarjeta,0,avanzado,1,365,10,1,1,3,Lima,activo,si,no,1
CL-04834,1748,1,2,anual,193.05,362.9,yape,0,basico,1,365,21,0,0,0,Lima,activo,no,no,0
CL-04835,1305,27,27,mensual,28.92,662.38,tarjeta,0,avanzado,1,30,12,0,1,26,Lima,activo,no,no,1
CL-04836,1671,3,48,enterprise,432.93,16502.55,transferencia,1,basico,0,365,20,1,0,2,Lima,activo,no,si,1
CL-04837,235,52,52,mensual,120.48,6092.15,yape,0,avanzado,1,30,42,0,0,51,Piura,activo,si,si,1
CL-04838,2398,1,1,mensual,68.93,63.88,yape,0,basico,0,30,22,0,0,0,Trujillo,activo,si,no,0
CL-04839,750,30,30,mensual,27.95,836.52,transferencia,1,premium,1,30,34,0,0,29,Piura,activo,no,no,1
CL-04840,2171,43,43,mensual,165.04,6768.04,yape,0,premium,1,30,44,0,0,42,Arequipa,activo,si,no,1
CL-04841,1446,2,33,enterprise,372.94,12247.43,transferencia,1,avanzado,0,365,7,1,1,1,Cusco,activo,si,si,1
CL-04842,1211,65,65,mensual,142.49,7376.92,yape,0,basico,0,30,42,0,0,64,Lima,activo,si,si,1
CL-04843,2436,12,12,mensual,181.32,2033.05,transferencia,0,avanzado,0,30,6,0,1,11,Lima,activo,no,si,1
CL-04844,230,1,1,mensual,162.22,139.54,transferencia,1,basico,1,30,29,0,0,0,Arequipa,activo,si,si,0
CL-04845,2486,52,52,mensual,99.77,5052.9,transferencia,0,basico,1,30,21,0,0,51,Chiclayo,activo,si,no,1
CL-04846,2100,19,19,mensual,87.96,1544.27,transferencia,1,avanzado,0,30,13,0,1,18,Piura,activo,no,si,1
CL-04847,873,1,1,mensual,75.19,57.61,tarjeta,1,basico,0,30,29,0,0,0,Lima,activo,no,no,0
CL-04848,619,2,28,anual,232.32,5919.93,transferencia,0,premium,0,365,41,1,0,1,Chiclayo,activo,no,no,1
CL-04849,922,62,62,mensual,174.28,10516.72,factura,0,premium,0,30,4,0,1,61,Arequipa,activo,no,no,1
CL-04850,1885,1,1,enterprise,231.06,191.51,transferencia,0,premium,1,365,8,0,1,0,Lima,activo,si,no,0
CL-04851,267,72,72,mensual,183.8,12523.72,yape,0,basico,1,30,23,0,0,71,Lima,activo,no,no,1
CL-04852,1405,1,11,anual,217.27,2395.41,yape,0,avanzado,0,365,5,1,1,0,Trujillo,activo,no,si,0
CL-04853,249,2,34,enterprise,376.05,9839.24,transferencia,0,basico,1,365,15,1,0,1,Arequipa,activo,si,no,1
CL-04854,121,2,2,mensual,226.54,418.38,transferencia,1,avanzado,1,30,19,0,0,1,Piura,activo,no,si,0
CL-04855,1197,33,33,mensual,245.75,8241.78,tarjeta,1,avanzado,1,30,20,0,0,32,Piura,activo,si,si,1
CL-04856,7,2,29,enterprise,605.71,13840.38,tarjeta,0,avanzado,0,365,31,0,0,1,Cusco,activo,no,no,0
CL-04857,1781,1,1,mensual,75.53,62.75,factura,0,basico,1,30,21,0,0,0,Lima,activo,si,si,0
CL-04858,318,5,72,anual,431.24,29117.31,tarjeta,0,basico,0,365,3,1,1,4,Lima,activo,no,si,1
CL-04859,2171,20,20,mensual,121.46,2248.36,transferencia,1,basico,0,30,30,0,0,19,Arequipa,activo,no,no,1
CL-04860,683,20,20,mensual,112.88,2230.55,transferencia,0,basico,0,30,15,0,0,19,Lima,activo,no,no,1
CL-04861,2187,56,56,mensual,25.7,1351.0,tarjeta,1,basico,1,30,1,0,0,55,Trujillo,activo,no,no,1
CL-04862,686,5,72,enterprise,335.16,22267.44,tarjeta,0,premium,1,365,36,1,0,4,Lima,activo,no,no,1
CL-04863,1059,60,60,mensual,54.5,2895.77,factura,1,basico,1,30,20,0,0,59,Lima,activo,no,no,1
CL-04864,554,1,2,enterprise,288.57,446.4,transferencia,0,basico,0,365,30,1,0,0,Lima,activo,si,no,0
CL-04865,1808,3,37,anual,91.82,3150.44,tarjeta,0,premium,0,365,30,1,0,2,Piura,activo,no,no,1
CL-04866,2174,1,1,mensual,231.56,184.55,tarjeta,0,premium,0,30,4,0,0,0,Arequipa,activo,si,no,0
CL-04867,2413,54,54,mensual,138.38,7836.84,tarjeta,1,basico,1,30,38,0,0,53,Lima,inactivo,no,no,1
CL-04868,1334,1,1,mensual,226.59,175.28,yape,0,premium,0,30,10,0,0,0,Lima,activo,no,no,0
CL-04869,454,12,12,mensual,49.3,457.14,factura,0,basico,0,30,34,0,0,11,Lima,activo,no,no,1
CL-04870,292,2,32,anual,284.18,8968.26,tarjeta,0,avanzado,1,365,33,1,0,1,Piura,activo,no,no,1
CL-04871,567,43,43,mensual,27.73,930.48,transferencia,1,premium,0,30,6,0,1,42,Lima,activo,si,si,1
CL-04872,260,25,25,mensual,148.04,3225.51,transferencia,0,avanzado,0,30,6,0,1,24,Lima,activo,si,si,1
CL-04873,954,5,69,anual,148.8,10557.25,tarjeta,0,basico,1,365,39,0,0,4,Lima,activo,no,si,1
CL-04874,1478,4,50,anual,171.89,8477.31,transferencia,0,avanzado,0,365,1,1,1,3,Lima,activo,si,no,1
CL-04875,1894,48,48,mensual,95.86,3772.37,transferencia,0,avanzado,0,30,10,0,1,47,Lima,activo,no,si,1
CL-04876,1683,1,2,anual,121.7,200.88,transferencia,1,premium,0,365,45,1,0,0,Piura,activo,no,si,0
CL-04877,826,72,72,mensual,57.96,3871.32,factura,0,basico,0,30,5,0,1,71,Cusco,activo,si,si,1
CL-04878,1784,1,12,anual,119.73,1287.24,transferencia,0,basico,1,365,28,1,0,0,Lima,activo,si,no,1
CL-04879,82,72,72,mensual,126.53,7151.69,tarjeta,1,avanzado,1,30,17,0,0,71,Lima,activo,no,si,1
CL-04880,1634,72,72,mensual,142.94,8208.58,yape,1,basico,1,30,20,0,0,71,Lima,activo,si,no,1
CL-04881,2312,44,44,mensual,109.04,4753.95,tarjeta,1,basico,0,30,6,0,1,43,Lima,activo,no,no,1
CL-04882,1585,4,57,anual,248.63,12094.84,tarjeta,0,basico,0,365,27,0,0,3,Lima,inactivo,no,si,1
CL-04883,2077,1,1,anual,69.17,68.46,transferencia,1,basico,1,365,16,1,0,0,Lima,activo,no,si,0
CL-04884,1955,27,27,mensual,106.85,2328.01,tarjeta,1,avanzado,0,30,31,0,0,26,Lima,activo,no,no,1
CL-04885,253,4,59,enterprise,430.47,23615.57,transferencia,0,avanzado,0,365,36,1,0,3,Lima,activo,si,no,1
CL-04886,196,4,55,enterprise,342.72,16993.53,tarjeta,0,basico,0,365,23,1,0,3,Lima,activo,si,no,1
CL-04887,1872,2,2,mensual,61.36,104.06,factura,0,avanzado,1,30,1,0,1,1,Piura,activo,no,no,0
CL-04888,1627,2,25,anual,295.28,6884.25,tarjeta,1,avanzado,1,365,30,1,0,1,Trujillo,activo,si,si,0
CL-04889,88,1,1,mensual,70.41,55.44,yape,1,avanzado,0,30,23,0,0,0,Lima,activo,no,si,0
CL-04890,458,3,42,enterprise,184.11,7786.29,transferencia,1,avanzado,0,365,32,0,0,2,Arequipa,activo,si,no,1
CL-04891,547,1,1,mensual,142.76,138.91,factura,1,premium,1,30,36,0,0,0,Lima,activo,si,si,0
CL-04892,490,60,60,mensual,104.98,5266.38,transferencia,0,basico,0,30,9,0,0,59,Lima,activo,no,si,1
CL-04893,26,61,61,mensual,68.89,3883.11,yape,0,premium,0,30,5,0,1,60,Arequipa,activo,si,no,1
CL-04894,1936,20,20,mensual,89.02,1817.17,transferencia,0,premium,0,30,20,0,0,19,Lima,activo,no,no,1
CL-04895,936,3,45,anual,96.2,3795.2,tarjeta,1,basico,0,365,41,1,0,2,Trujillo,activo,si,si,1
CL-04896,2493,27,27,mensual,76.89,1783.31,transferencia,1,premium,0,30,14,0,0,26,Lima,activo,si,no,1
CL-04897,781,38,38,mensual,194.66,7320.77,yape,0,avanzado,1,30,20,0,0,37,Lima,activo,no,no,1
CL-04898,800,4,4,mensual,137.58,412.94,tarjeta,1,premium,0,30,36,0,0,3,Arequipa,inactivo,no,no,0
CL-04899,1558,3,47,enterprise,440.79,19803.75,tarjeta,0,avanzado,0,365,37,1,0,2,Arequipa,activo,no,no,1
CL-04900,1291,1,1,enterprise,366.55,298.64,tarjeta,0,premium,1,365,35,1,0,0,Piura,activo,si,no,0
CL-04901,394,1,1,mensual,99.11,94.97,transferencia,0,basico,1,30,43,0,0,0,Lima,activo,no,no,0
CL-04902,1754,29,29,mensual,32.52,831.2,tarjeta,0,avanzado,1,30,37,0,0,28,Chiclayo,inactivo,no,no,1
CL-04903,895,27,27,mensual,63.41,1294.48,yape,1,basico,0,30,8,0,1,26,Lima,activo,si,si,1
CL-04904,2370,3,39,enterprise,159.02,6277.93,transferencia,0,premium,0,365,20,1,0,2,Chiclayo,activo,si,no,1
CL-04905,21,1,16,anual,108.76,1590.44,factura,1,basico,1,365,36,1,0,0,Lima,activo,no,no,0
CL-04906,1616,5,72,anual,291.63,17723.46,factura,0,basico,1,365,26,0,0,4,Chiclayo,activo,no,no,1
CL-04907,270,2,36,enterprise,438.29,15163.3,tarjeta,0,premium,0,365,7,1,1,1,Chiclayo,suspendido,no,no,0
CL-04908,1765,38,38,mensual,196.91,6725.21,tarjeta,1,avanzado,1,30,32,0,0,37,Lima,inactivo,no,si,1
CL-04909,124,3,37,anual,95.28,2680.98,tarjeta,1,avanzado,1,365,8,0,1,2,Lima,activo,si,no,1
CL-04910,715,57,57,mensual,187.57,10104.28,factura,1,basico,0,30,15,0,0,56,Trujillo,activo,no,no,1
CL-04911,1856,46,46,mensual,235.87,11293.35,tarjeta,0,avanzado,1,30,44,0,0,45,Lima,activo,si,no,1
CL-04912,928,43,43,mensual,97.99,3440.78,transferencia,0,premium,1,30,44,0,0,42,Lima,activo,no,si,1
CL-04913,758,50,50,mensual,114.05,5753.13,tarjeta,0,premium,0,30,2,0,0,49,Chiclayo,activo,no,no,1
CL-04914,2244,1,1,enterprise,359.44,336.54,transferencia,0,avanzado,1,365,18,1,0,0,Cusco,activo,si,no,0
CL-04915,432,1,1,mensual,126.32,97.69,tarjeta,0,avanzado,1,30,15,0,0,0,Cusco,activo,si,si,0
CL-04916,105,2,30,enterprise,230.11,6689.25,yape,0,avanzado,1,365,25,1,0,1,Piura,activo,si,no,0
CL-04917,506,2,27,anual,128.75,3067.61,transferencia,0,premium,0,365,38,1,0,1,Trujillo,activo,si,no,1
CL-04918,1389,3,46,anual,58.39,2654.03,factura,0,avanzado,1,365,38,0,0,2,Trujillo,activo,si,si,1
CL-04919,1294,2,32,enterprise,238.82,7189.24,factura,0,avanzado,0,365,7,1,1,1,Cusco,activo,si,no,1
CL-04920,341,46,46,mensual,80.33,2774.47,yape,0,avanzado,0,30,34,0,0,45,Lima,inactivo,no,no,1
CL-04921,575,1,1,mensual,55.35,43.61,tarjeta,0,basico,0,30,2,0,1,0,Lima,inactivo,no,si,0
CL-04922,109,32,32,mensual,150.6,4123.94,tarjeta,1,premium,1,30,23,0,0,31,Trujillo,activo,si,si,1
CL-04923,1634,1,1,mensual,45.77,40.94,tarjeta,0,basico,0,30,26,0,0,0,Cusco,activo,si,no,0
CL-04924,355,3,41,enterprise,434.04,18323.07,yape,1,basico,1,365,19,1,0,2,Lima,inactivo,si,no,1
CL-04925,2204,1,1,mensual,137.52,137.05,tarjeta,0,avanzado,0,30,40,0,0,0,Lima,activo,no,no,0
CL-04926,1168,40,40,mensual,96.68,3830.4,tarjeta,0,avanzado,1,30,29,0,0,39,Chiclayo,activo,no,no,1
CL-04927,1338,1,1,mensual,133.9,122.1,tarjeta,1,avanzado,0,30,44,0,0,0,Lima,activo,si,no,0
CL-04928,1530,22,22,mensual,56.11,960.2,tarjeta,1,basico,0,30,20,0,0,21,Arequipa,activo,no,no,1
CL-04929,2253,4,54,anual,194.75,10240.36,transferencia,0,basico,0,365,19,0,0,3,Cusco,activo,no,si,1
CL-04930,408,37,37,mensual,115.54,3317.23,transferencia,0,basico,0,30,27,0,0,36,Lima,activo,si,si,1
CL-04931,1092,1,1,anual,199.75,155.29,tarjeta,1,avanzado,1,365,11,1,1,0,Arequipa,inactivo,si,no,0
CL-04932,1282,1,15,anual,227.02,2814.57,factura,0,premium,1,365,36,1,0,0,Trujillo,activo,no,no,0
CL-04933,2295,1,1,enterprise,195.64,200.88,transferencia,0,premium,1,365,14,1,1,0,Lima,activo,no,si,1
CL-04934,2431,1,1,mensual,40.11,39.11,tarjeta,0,avanzado,0,30,6,0,1,0,Lima,inactivo,no,no,0
CL-04935,911,2,35,anual,241.59,6536.18,yape,0,basico,1,365,22,1,0,1,Arequipa,activo,si,si,0
CL-04936,1344,46,46,mensual,127.65,6022.65,transferencia,1,avanzado,0,30,32,0,0,45,Arequipa,activo,si,no,1
CL-04937,231,43,43,mensual,100.41,4252.92,transferencia,0,premium,1,30,25,0,0,42,Lima,suspendido,si,no,1
CL-04938,156,3,47,anual,187.67,8212.7,yape,0,avanzado,0,365,3,1,1,2,Piura,activo,no,no,1
CL-04939,2387,2,32,anual,311.97,7867.52,transferencia,0,basico,1,365,1,0,0,1,Piura,activo,no,no,0
CL-04940,614,25,25,mensual,192.7,4075.78,yape,0,basico,0,30,34,0,0,24,Piura,activo,si,no,1
CL-04941,899,1,6,enterprise,259.23,1306.84,tarjeta,1,avanzado,1,365,45,1,0,0,Arequipa,activo,no,si,0
CL-04942,98,21,21,mensual,33.38,660.33,tarjeta,0,avanzado,1,30,10,0,1,20,Cusco,activo,no,no,1
CL-04943,1344,1,1,anual,56.0,51.88,transferencia,0,premium,1,365,44,1,0,0,Cusco,activo,no,si,0
CL-04944,1469,1,11,enterprise,292.42,2680.0,yape,1,basico,1,365,23,1,0,0,Chiclayo,activo,no,no,1
CL-04945,733,34,34,mensual,202.99,5820.38,yape,1,premium,1,30,7,0,0,33,Cusco,activo,no,si,1
CL-04946,2193,2,29,enterprise,166.15,4363.17,factura,0,premium,0,365,13,0,1,1,Lima,activo,si,no,1
CL-04947,960,5,72,anual,135.89,9819.52,tarjeta,0,basico,0,365,44,0,0,4,Lima,inactivo,no,si,1
CL-04948,1938,1,1,enterprise,227.68,179.38,factura,0,basico,0,365,15,0,0,0,Arequipa,activo,no,si,0
CL-04949,819,2,29,anual,158.42,4445.89,tarjeta,0,basico,0,365,38,1,0,1,Trujillo,activo,no,no,1
CL-04950,114,1,1,anual,158.07,165.77,tarjeta,0,avanzado,0,365,29,0,0,0,Piura,activo,si,si,0
CL-04951,2118,22,22,mensual,51.93,1113.81,transferencia,1,basico,1,30,37,0,0,21,Lima,activo,si,no,1
CL-04952,1943,1,23,anual,225.55,4577.95,tarjeta,1,premium,1,365,20,0,0,0,Lima,activo,si,no,0
CL-04953,2016,53,53,mensual,91.37,4694.92,tarjeta,1,avanzado,0,30,6,0,0,52,Lima,activo,si,no,1
CL-04954,1274,1,21,enterprise,757.4,16035.92,transferencia,0,avanzado,1,365,22,0,0,0,Trujillo,activo,si,no,0
CL-04955,639,27,27,mensual,61.58,1630.32,transferencia,0,avanzado,1,30,43,0,0,26,Arequipa,activo,no,si,1
CL-04956,2129,21,21,mensual,213.35,3377.41,factura,0,basico,1,30,45,0,0,20,Cusco,inactivo,si,no,1
CL-04957,1718,1,1,enterprise,530.05,418.45,factura,1,avanzado,1,365,19,1,0,0,Trujillo,activo,si,no,0
CL-04958,992,16,16,mensual,113.92,1425.63,factura,0,avanzado,1,30,6,0,1,15,Arequipa,activo,si,si,1
CL-04959,1775,22,22,mensual,98.1,1639.26,transferencia,1,basico,0,30,10,0,1,21,Lima,activo,no,no,1
CL-04960,1017,2,34,anual,125.63,4119.17,tarjeta,0,basico,1,365,18,0,0,1,Trujillo,inactivo,si,no,0
CL-04961,1703,46,46,mensual,71.44,2728.28,factura,1,avanzado,0,30,45,0,0,45,Lima,activo,no,no,1
CL-04962,2469,26,26,mensual,138.01,3468.37,transferencia,0,avanzado,0,30,24,0,0,25,Trujillo,activo,si,si,1
CL-04963,158,26,26,mensual,127.64,3152.14,transferencia,0,basico,1,30,23,0,0,25,Lima,activo,no,si,1
CL-04964,861,1,1,mensual,25.93,23.52,transferencia,0,avanzado,0,30,37,0,0,0,Lima,activo,si,no,0
CL-04965,709,45,45,mensual,285.43,9863.36,transferencia,0,premium,0,30,8,0,0,44,Lima,activo,no,no,1
CL-04966,493,15,15,mensual,114.07,1440.01,tarjeta,0,basico,0,30,13,0,1,14,Arequipa,activo,si,no,0
CL-04967,2230,50,50,mensual,114.88,4354.72,tarjeta,1,basico,0,30,34,0,0,49,Chiclayo,activo,si,si,1
CL-04968,2436,64,64,mensual,100.56,6583.9,tarjeta,1,avanzado,0,30,18,0,0,63,Trujillo,activo,si,no,1
CL-04969,340,27,27,mensual,112.17,2551.86,tarjeta,0,avanzado,0,30,27,0,0,26,Lima,activo,no,no,1
CL-04970,2260,1,7,anual,135.23,736.92,tarjeta,1,premium,0,365,37,1,0,0,Piura,activo,si,no,0
CL-04971,1871,2,31,anual,155.9,3628.33,factura,1,avanzado,1,365,34,0,0,1,Lima,activo,no,si,0
CL-04972,276,40,40,mensual,92.09,3438.47,yape,0,basico,0,30,24,0,0,39,Lima,activo,no,no,1
CL-04973,2465,24,24,mensual,179.7,4038.03,tarjeta,0,basico,1,30,4,0,1,23,Lima,activo,no,no,1
CL-04974,540,1,18,enterprise,388.06,7323.7,tarjeta,0,basico,1,365,39,1,0,0,Arequipa,activo,no,si,0
CL-04975,769,3,46,anual,213.48,8215.31,factura,1,avanzado,1,365,4,1,1,2,Trujillo,activo,si,no,1
CL-04976,2140,44,44,mensual,135.58,4557.4,yape,0,basico,0,30,3,0,1,43,Cusco,inactivo,no,si,1
CL-04977,1343,23,23,mensual,147.95,3347.77,transferencia,0,avanzado,1,30,10,0,1,22,Trujillo,activo,no,no,1
CL-04978,548,1,1,mensual,116.34,97.89,factura,0,avanzado,0,30,13,0,0,0,Lima,activo,no,no,0
CL-04979,868,3,43,enterprise,448.08,16361.87,factura,1,avanzado,1,365,36,1,0,2,Cusco,activo,no,no,1
CL-04980,789,1,13,enterprise,320.32,4257.11,tarjeta,0,basico,0,365,26,1,0,0,Lima,activo,no,no,1
CL-04981,618,3,37,enterprise,264.46,9027.77,transferencia,1,basico,0,365,42,1,0,2,Trujillo,inactivo,si,no,0
CL-04982,869,36,36,mensual,88.19,2762.44,yape,1,avanzado,0,30,6,0,0,35,Arequipa,activo,no,si,1
CL-04983,1754,1,1,mensual,126.91,131.37,factura,0,basico,1,30,44,0,0,0,Arequipa,activo,no,no,0
CL-04984,848,34,34,mensual,125.89,3550.85,transferencia,1,avanzado,0,30,22,0,0,33,Cusco,activo,no,si,1
CL-04985,1871,45,45,mensual,119.21,4057.9,yape,1,avanzado,0,30,27,0,0,44,Lima,activo,no,no,1
CL-04986,579,48,48,mensual,76.56,3010.69,transferencia,0,premium,0,30,1,0,1,47,Lima,activo,no,si,1
CL-04987,1189,2,35,anual,282.37,7543.04,transferencia,0,avanzado,1,365,33,1,0,1,Chiclayo,activo,no,no,1
CL-04988,449,1,1,mensual,158.16,137.97,transferencia,0,basico,0,30,23,0,0,0,Lima,activo,si,no,0
CL-04989,1794,5,63,enterprise,648.48,40826.46,tarjeta,0,basico,1,365,34,1,0,4,Piura,suspendido,si,no,1
CL-04990,906,42,42,mensual,97.41,4265.32,yape,1,premium,1,30,42,0,0,41,Trujillo,inactivo,no,si,1
CL-04991,28,2,2,mensual,154.43,296.54,transferencia,0,basico,1,30,10,0,1,1,Piura,activo,no,si,0
CL-04992,1271,1,13,enterprise,64.19,857.7,factura,0,basico,0,365,43,1,0,0,Lima,activo,si,si,1
CL-04993,830,3,38,anual,270.35,8964.07,yape,0,premium,1,365,22,1,0,2,Cusco,activo,si,si,1
CL-04994,59,49,49,mensual,31.0,1277.19,transferencia,1,basico,0,30,15,0,0,48,Arequipa,activo,si,no,1
CL-04995,1011,1,20,anual,93.18,1483.92,yape,1,avanzado,0,365,32,0,0,0,Lima,activo,si,si,1
CL-04996,104,52,52,mensual,148.13,6934.52,yape,0,basico,1,30,1,0,1,51,Arequipa,activo,no,no,1
CL-04997,1006,1,1,mensual,66.44,56.35,tarjeta,0,avanzado,1,30,31,0,0,0,Chiclayo,activo,si,no,0
CL-04998,1377,6,6,mensual,65.46,307.24,yape,1,basico,1,30,42,0,0,5,Lima,activo,no,no,0
CL-04999,134,1,1,mensual,91.81,94.53,factura,0,premium,1,30,10,0,1,0,Lima,activo,no,no,1
CL-05000,443,1,10,anual,197.92,1557.85,tarjeta,0,basico,0,365,26,0,0,0,Lima,suspendido,no,si,0
